# https://github.com/mikedh/trimesh
v -0.00168655 -0.03939500 -0.01936652
v 0.00146904 -0.03937190 -0.01936652
v 0.00146904 -0.03840183 -0.00671543
v -0.00168655 -0.03840953 -0.00671543
v -0.00498697 -0.03811697 -0.00655504
v -0.00484214 -0.03911783 -0.01936652
v -0.00484214 -0.03913323 -0.02251426
v -0.00484214 -0.03911783 -0.02568204
v -0.00484214 -0.03908704 -0.03199756
v -0.00484214 -0.03894846 -0.05725964
v -0.00484214 -0.03890997 -0.06355511
v -0.00168655 -0.03860201 -0.14886474
v 0.00146904 -0.03860201 -0.14886474
v 0.00462464 -0.03907934 -0.01936652
v 0.00610335 -0.03790910 -0.00521174
v 0.00487617 -0.03810927 -0.00643475
v 0.00462464 -0.03832485 -0.14886474
v 0.00462464 -0.03721619 0.00274782
v 0.00004369 -0.03793220 -0.00188356
v -0.00042889 -0.03793220 -0.00188356
v -0.00168655 -0.03707762 0.00591560
v -0.00484214 -0.03723159 0.00274782
v -0.00613792 -0.03789370 -0.00537213
v -0.00679343 -0.03800149 -0.00747731
v -0.01004811 -0.03806308 -0.02010835
v -0.00800536 -0.03863280 -0.02251426
v -0.00800536 -0.03863280 -0.06040737
v -0.00800536 -0.03861741 -0.06672289
v -0.00800536 -0.03860201 -0.06989067
v -0.00800536 -0.03857121 -0.07620619
v -0.00800536 -0.03850192 -0.08883723
v -0.00800536 -0.03846342 -0.09515275
v -0.01010147 -0.03810927 -0.12043487
v -0.00484214 -0.03832485 -0.14886474
v -0.00492599 -0.03811697 -0.15217287
v -0.00168655 -0.03839414 -0.15201247
v 0.00146904 -0.03837874 -0.15201247
v 0.00658355 -0.03800919 -0.15115035
v 0.00778023 -0.03853271 -0.01936652
v 0.00657592 -0.03800149 -0.00731691
v 0.00677410 -0.03805538 -0.14886474
v 0.00778023 -0.03710071 -0.00039992
v 0.00778023 -0.03674656 0.00274782
v 0.00146904 -0.03733938 0.00274782
v 0.00462464 -0.03657718 0.00591560
v 0.00146904 -0.03690824 0.00591560
v -0.00168655 -0.03643860 0.00908339
v -0.00484214 -0.03686974 0.00591560
v -0.00800536 -0.03683895 0.00274782
v -0.00800536 -0.03713921 -0.00039992
v -0.00800536 -0.03740097 -0.00356770
v -0.00790627 -0.03766274 -0.00655504
v -0.01116095 -0.03688514 -0.00671543
v -0.01186220 -0.03761654 -0.02251426
v -0.01027678 -0.03813237 -0.02251426
v -0.01027678 -0.03814007 -0.06989067
v -0.01027678 -0.03814007 -0.08883723
v -0.01026915 -0.03814007 -0.09200502
v -0.01022342 -0.03814007 -0.10463605
v -0.01020818 -0.03814007 -0.10778378
v -0.01018531 -0.03813237 -0.11411936
v -0.01017007 -0.03812467 -0.11726709
v -0.01432417 -0.03591507 -0.14886474
v -0.01116095 -0.03700062 -0.14886474
v -0.00857702 -0.03767043 -0.14886474
v -0.00699161 -0.03805538 -0.14886474
v -0.01174786 -0.03751646 -0.11726709
v -0.00680105 -0.03800919 -0.15123054
v -0.00603883 -0.03788601 -0.15333572
v -0.00392748 -0.03797839 -0.15373671
v -0.00168655 -0.03805538 -0.15387706
v 0.00146904 -0.03803998 -0.15383696
v 0.00350417 -0.03795530 -0.15367655
v 0.00561553 -0.03786291 -0.15325553
v 0.00458653 -0.03810158 -0.15213277
v 0.01094345 -0.03700062 -0.14886474
v 0.00835190 -0.03767043 -0.14886474
v 0.00769639 -0.03761654 -0.15213277
v 0.01094345 -0.03681585 -0.15201247
v 0.00993732 -0.03809387 -0.01936652
v 0.00976201 -0.03803998 -0.01728140
v 0.00768877 -0.03766274 -0.00643475
v 0.00778023 -0.03739327 -0.00356770
v 0.01094345 -0.03619994 -0.00039992
v 0.01094345 -0.03684665 -0.00671543
v 0.01094345 -0.03653099 -0.00356770
v 0.01094345 -0.03583809 0.00274782
v 0.01290236 -0.03489111 0.00507354
v 0.01223160 -0.03469864 0.00717871
v 0.00778023 -0.03603826 0.00591560
v 0.00462464 -0.03559942 0.00908339
v 0.00146904 -0.03610755 0.00908339
v -0.00484214 -0.03614604 0.00908339
v -0.00000966 -0.03477563 0.01385511
v -0.00033742 -0.03477563 0.01385511
v -0.00150362 -0.03524527 0.01247171
v -0.00800536 -0.03623843 0.00591560
v -0.01116095 -0.03599976 0.00274782
v -0.01116095 -0.03637701 -0.00039992
v -0.01116095 -0.03663878 -0.00356770
v -0.01432417 -0.03576879 -0.00671543
v -0.01432417 -0.03665417 -0.02251426
v -0.01432417 -0.03675426 -0.02568204
v -0.01186220 -0.03762424 -0.02568204
v -0.01186220 -0.03762424 -0.02882978
v -0.01186220 -0.03761654 -0.08566944
v -0.01184695 -0.03760114 -0.09200502
v -0.01182408 -0.03758574 -0.09832053
v -0.01177073 -0.03753185 -0.11411936
v -0.01642790 -0.03500660 -0.14886474
v -0.01624497 -0.03492191 -0.15201247
v -0.01432417 -0.03572260 -0.15201247
v -0.01116095 -0.03680045 -0.15201247
v -0.01432417 -0.03638471 -0.11726709
v -0.00791389 -0.03762424 -0.15217287
v -0.01432417 -0.03514518 -0.15437828
v -0.01135913 -0.03565331 -0.15542084
v -0.00800536 -0.03669267 -0.15518025
v -0.00659525 -0.03480643 -0.15997202
v -0.00492599 -0.03735478 -0.15493966
v -0.00484214 -0.03576110 -0.15834804
v -0.00168655 -0.03727009 -0.15546094
v 0.00462464 -0.03545314 -0.15800720
v -0.00168655 -0.03576879 -0.15834804
v -0.00004015 -0.03476793 -0.15993192
v 0.00778023 -0.03530686 -0.15776661
v 0.00778023 -0.03663107 -0.15518025
v 0.01094345 -0.03593817 -0.15518025
v 0.01409904 -0.03591507 -0.14886474
v 0.01409904 -0.03619994 -0.11726709
v 0.01409904 -0.03639241 -0.09515275
v 0.01409904 -0.03644630 -0.08883723
v 0.01409904 -0.03649250 -0.08252171
v 0.01409904 -0.03651559 -0.07935393
v 0.01381702 -0.03507589 -0.15489956
v 0.01574544 -0.03478333 -0.15365651
v 0.01409904 -0.03572260 -0.15201247
v 0.01151511 -0.03759345 -0.01936652
v 0.01409904 -0.03653099 -0.07620619
v 0.01374842 -0.03522987 -0.00039992
v 0.01332158 -0.03504509 0.00274782
v 0.01409904 -0.03574570 -0.00671543
v 0.01409904 -0.03670037 -0.01936652
v 0.01401520 -0.03434449 0.00603590
v 0.01489937 -0.03445997 0.00274782
v 0.01409904 -0.03348991 0.00908339
v 0.01108065 -0.03435988 0.00904329
v 0.01012025 -0.03491421 0.00796063
v 0.00752108 -0.03508359 0.00904329
v 0.00630152 -0.03477563 0.01070738
v 0.00462464 -0.03492191 0.01114846
v 0.00209407 -0.03460625 0.01335388
v -0.00799012 -0.03528376 0.00908339
v -0.00484214 -0.03519907 0.01168979
v -0.00693063 -0.03492191 0.01112841
v 0.00462464 -0.03246595 0.01854664
v 0.00462464 -0.03177304 0.02053152
v 0.00146904 -0.03185003 0.02071196
v -0.00244115 -0.03469864 0.01367467
v -0.01005573 -0.03494501 0.00804082
v -0.01113046 -0.03526836 0.00581536
v -0.01347048 -0.03506819 0.00274782
v -0.01398879 -0.03529146 -0.00039992
v -0.01301315 -0.03487572 0.00469260
v -0.01458332 -0.03536075 -0.00348750
v -0.01626783 -0.03492961 -0.00671543
v -0.01728159 -0.03546854 -0.02568204
v -0.01727396 -0.03546854 -0.02882978
v -0.01432417 -0.03674656 -0.03199756
v -0.01432417 -0.03661568 -0.07620619
v -0.01432417 -0.03670807 -0.04779638
v -0.01432417 -0.03670037 -0.05094412
v -0.01432417 -0.03656949 -0.08883723
v -0.01432417 -0.03653099 -0.09515275
v -0.01432417 -0.03640781 -0.11411936
v -0.01800570 -0.03425210 -0.14886474
v -0.01686999 -0.03521447 -0.11411936
v -0.01782276 -0.03416741 -0.15201247
v -0.01600868 -0.03480643 -0.15371665
v -0.01432417 -0.03441378 -0.15596217
v -0.01253295 -0.03469094 -0.15662380
v -0.01042922 -0.03502200 -0.15726538
v -0.00779194 -0.03526836 -0.15832799
v -0.01561994 -0.03141889 -0.15981163
v -0.01351621 -0.03184233 -0.16009231
v -0.01116095 -0.03226578 -0.16033292
v -0.00779194 -0.03325124 -0.16045320
v -0.00484214 -0.03318195 -0.16067374
v -0.00484214 -0.03486802 -0.16005222
v -0.01747976 -0.03226578 -0.15778666
v -0.00168655 -0.03482952 -0.16001213
v 0.01094345 -0.03252754 -0.16059356
v 0.00778023 -0.03430599 -0.15933045
v 0.01094345 -0.03410582 -0.15880917
v 0.01094345 -0.03500660 -0.15722528
v 0.01256698 -0.03478333 -0.15680424
v 0.01621039 -0.03500660 -0.14886474
v 0.01668297 -0.03525296 -0.12043487
v 0.02177460 -0.03144199 -0.15275430
v 0.01756715 -0.03412892 -0.15201247
v 0.01598935 -0.03489881 -0.15201247
v 0.01467833 -0.03424440 -0.15576168
v 0.01717079 -0.03319735 -0.15508000
v 0.01967088 -0.03214259 -0.15439833
v 0.01409904 -0.03660028 -0.05411190
v 0.01409904 -0.03663878 -0.04146081
v 0.01409904 -0.03668497 -0.02568204
v 0.01409904 -0.03656179 -0.06672289
v 0.01684304 -0.03532995 -0.08566944
v 0.01695737 -0.03537615 -0.06040737
v 0.01532622 -0.03462165 -0.00039992
v 0.01603508 -0.03492191 -0.00671543
v 0.01580642 -0.03482182 -0.00453007
v 0.01557775 -0.03471404 -0.00242489
v 0.01697261 -0.03539924 -0.04779638
v 0.01698024 -0.03542234 -0.03514529
v 0.01698786 -0.03543774 -0.02568204
v 0.01698786 -0.03544544 -0.01936652
v 0.01755190 -0.03256603 0.00613614
v 0.01668297 -0.03226578 0.00908339
v 0.01726226 -0.03358999 -0.00039992
v 0.01726226 -0.03319735 0.00274782
v 0.01094345 -0.03322814 0.01223112
v 0.01600459 -0.03181154 0.01104821
v 0.01398471 -0.03220418 0.01215093
v 0.00960194 -0.03171145 0.01720334
v 0.00625579 -0.03161906 0.02017063
v 0.00752108 -0.03411352 0.01195043
v 0.00462464 -0.03351300 0.01539891
v -0.00903436 -0.03458316 0.01014600
v -0.00484214 -0.03456006 0.01327369
v -0.00800536 -0.03302797 0.01539891
v -0.01000238 -0.03174995 0.01738378
v -0.00799012 -0.03421360 0.01219102
v 0.00462464 -0.03101855 0.02211541
v 0.00146904 -0.03109553 0.02229585
v -0.00168655 -0.03169605 0.02035107
v -0.00168655 -0.03253524 0.01854664
v -0.00484214 -0.03363619 0.01539891
v -0.01210611 -0.03135730 0.01626102
v -0.01299791 -0.03171145 0.01415585
v -0.01216708 -0.03452156 0.00679777
v -0.01504828 -0.03439068 0.00274782
v -0.01556659 -0.03461395 -0.00039992
v -0.01581050 -0.03472174 -0.00238479
v -0.01432417 -0.03284319 0.00908339
v -0.01417173 -0.03399804 0.00581536
v -0.01759410 -0.03238126 0.00595570
v -0.01942343 -0.03182693 0.00491314
v -0.01747976 -0.03328974 0.00274782
v -0.01603917 -0.03482182 -0.00448997
v -0.01784563 -0.03417511 -0.00671543
v -0.01885938 -0.03463705 -0.02568204
v -0.01885938 -0.03464475 -0.02882978
v -0.01885176 -0.03464475 -0.03831308
v -0.01883652 -0.03464475 -0.05411190
v -0.01882889 -0.03464475 -0.05725964
v -0.01726634 -0.03545314 -0.03831308
v -0.01726634 -0.03543774 -0.04462860
v -0.01725872 -0.03543004 -0.04779638
v -0.01725110 -0.03539924 -0.05725964
v -0.01719774 -0.03536845 -0.06672289
v -0.02064298 -0.03272771 -0.14886474
v -0.02087927 -0.03241206 -0.15189217
v -0.01844778 -0.03445997 -0.11411936
v -0.02064298 -0.03338212 -0.11411936
v -0.02293726 -0.03212719 -0.11095157
v -0.01851638 -0.03449847 -0.10463605
v -0.01847065 -0.03447537 -0.11095157
v -0.02209882 -0.03151128 -0.15285454
v -0.02001796 -0.03221958 -0.15518025
v -0.01722823 -0.03375937 -0.15493966
v -0.01941580 -0.03182693 -0.15718518
v -0.01930909 -0.02864727 -0.15999208
v -0.01747976 -0.02924779 -0.16021263
v -0.01446899 -0.03023325 -0.16049331
v -0.01747976 -0.03083377 -0.15937055
v -0.01116095 -0.03001768 -0.16101460
v -0.00800536 -0.03001768 -0.16111485
v 0.01094345 -0.03001768 -0.16119503
v -0.00168655 -0.03318195 -0.16063365
v 0.00778023 -0.03272771 -0.16059356
v 0.01425911 -0.03020245 -0.16073390
v 0.01331395 -0.03212719 -0.16035295
v 0.01399233 -0.03318965 -0.15822774
v 0.01778819 -0.03425210 -0.14886474
v 0.01826077 -0.03446767 -0.12043487
v 0.01829126 -0.03448307 -0.11411936
v 0.01832174 -0.03449847 -0.10778378
v 0.01851230 -0.03459086 -0.06672289
v 0.02530369 -0.02857028 -0.15377680
v 0.02329142 -0.03050272 -0.15183203
v 0.02204901 -0.03163446 -0.15064911
v 0.02060078 -0.03237356 -0.15183203
v 0.02041785 -0.03272771 -0.14886474
v 0.01648479 -0.03213489 -0.15754607
v 0.01859614 -0.03141889 -0.15652356
v 0.02060078 -0.03082607 -0.15534065
v 0.01851992 -0.03459855 -0.06355511
v 0.01854279 -0.03460625 -0.05725964
v 0.01761288 -0.03415202 -0.00671543
v 0.01701835 -0.03409042 -0.00350755
v 0.01855041 -0.03460625 -0.05094412
v 0.01856566 -0.03460625 -0.03199756
v 0.01856566 -0.03460625 -0.02251426
v 0.01857328 -0.03459855 -0.01936652
v 0.01903823 -0.03173455 0.00523393
v 0.01880194 -0.03157287 0.00733910
v 0.01997576 -0.03237356 -0.00356770
v 0.01963276 -0.03215029 -0.00039992
v 0.01826839 -0.03119562 0.00908339
v 0.01496035 -0.03123411 0.01315339
v 0.01284900 -0.03176534 0.01411575
v 0.01891628 -0.02849329 0.01393531
v 0.02188132 -0.02201847 0.02311788
v 0.01893914 -0.02534442 0.02025083
v 0.01151511 -0.02793897 0.02237605
v 0.00941138 -0.02846249 0.02333841
v 0.00749821 -0.03040263 0.02141369
v 0.00778023 -0.01825369 0.04334758
v -0.00800536 -0.03134190 0.01946891
v -0.01139724 -0.02934787 0.02197506
v -0.01109998 -0.03094155 0.01848649
v 0.00547833 -0.01888500 0.04334758
v 0.00414444 -0.01905438 0.04334758
v 0.00353466 -0.01911597 0.04334758
v 0.00098122 -0.01928535 0.04334758
v -0.00168655 -0.03090306 0.02193497
v -0.00542905 -0.03148818 0.01988994
v -0.00168655 -0.01931615 0.04334758
v -0.00217437 -0.01931615 0.04334758
v -0.00484214 -0.01923146 0.04334758
v -0.00656476 -0.01903898 0.04334758
v -0.00456012 -0.03212719 0.01872708
v -0.01342475 -0.02887054 0.02109289
v -0.01592483 -0.03161136 0.01068733
v -0.01747976 -0.03372858 -0.00039992
v -0.01692334 -0.02910151 0.01539891
v -0.02072682 -0.02932477 0.00902324
v -0.02251804 -0.02863187 0.00796063
v -0.02301348 -0.02901682 0.00591560
v -0.02135184 -0.03098005 0.00274782
v -0.01977405 -0.03208100 0.00274782
v -0.01725110 -0.03414432 -0.00348750
v -0.02005607 -0.03229657 -0.00039992
v -0.02086402 -0.03241206 -0.00689588
v -0.02064298 -0.03272001 -0.00988322
v -0.02226651 -0.03162676 -0.00807878
v -0.02293726 -0.03214259 -0.02882978
v -0.02064298 -0.03360539 -0.02882978
v -0.02064298 -0.03360539 -0.05725964
v -0.02064298 -0.03358999 -0.06355511
v -0.02064298 -0.03349760 -0.09200502
v -0.02064298 -0.03345141 -0.10463605
v -0.02064298 -0.03342062 -0.11095157
v -0.01879841 -0.03462935 -0.06355511
v -0.01877554 -0.03462165 -0.06672289
v -0.02226651 -0.03163446 -0.15074936
v -0.02293726 -0.03213489 -0.10463605
v -0.02451506 -0.03087227 -0.10778378
v -0.02451506 -0.03081837 -0.11095157
v -0.02587944 -0.02890133 -0.14886474
v -0.02387479 -0.03047962 -0.14886474
v -0.02350893 -0.03054121 -0.15189217
v -0.02573461 -0.02877045 -0.15201247
v -0.02552119 -0.02857028 -0.15379685
v -0.02160338 -0.03108014 -0.15518025
v -0.02267049 -0.02888593 -0.15734558
v -0.02141282 -0.02787737 -0.15945075
v -0.02271622 -0.02576786 -0.16013242
v -0.02047529 -0.02683802 -0.16035295
v -0.01747976 -0.02686111 -0.16089429
v -0.02064298 -0.02370454 -0.16117499
v -0.01432417 -0.02686111 -0.16117499
v -0.02379857 -0.02054028 -0.16133538
v -0.02696179 -0.01738371 -0.16139553
v 0.02673666 -0.01738371 -0.16145567
v 0.02358107 -0.02054028 -0.16135542
v 0.02041785 -0.02370454 -0.16123513
v 0.01726226 -0.02686111 -0.16105469
v 0.02358107 -0.02378924 -0.16071385
v 0.02608115 -0.02278837 -0.16041311
v 0.02252158 -0.02566008 -0.16025272
v 0.01896963 -0.02853948 -0.16001213
v 0.01541768 -0.03138039 -0.15965124
v 0.02263591 -0.03208100 -0.12043487
v 0.02041785 -0.03336672 -0.12043487
v 0.02846690 -0.02543681 -0.15385700
v 0.02709491 -0.02722296 -0.15201247
v 0.02551711 -0.02876275 -0.15201247
v 0.02335240 -0.02911691 -0.15495971
v 0.02425182 -0.02778499 -0.15588198
v 0.02463293 -0.02489788 -0.15941065
v 0.02818488 -0.02200308 -0.15975149
v 0.02566193 -0.02890133 -0.14886474
v 0.02364967 -0.03047962 -0.14886474
v 0.01742995 -0.03078757 -0.15850843
v 0.02108098 -0.02776959 -0.15900967
v 0.02041785 -0.03338982 -0.11411936
v 0.02041785 -0.03351300 -0.06040737
v 0.02041785 -0.03344371 -0.09200502
v 0.02041785 -0.03346681 -0.08252171
v 0.02041785 -0.03347451 -0.07935393
v 0.02062365 -0.03239666 -0.00691593
v 0.02041785 -0.03351300 -0.02251426
v 0.02041785 -0.03343602 -0.01936652
v 0.02204138 -0.03162676 -0.00809883
v 0.02318471 -0.02924779 0.00274782
v 0.02476251 -0.02816224 0.00274782
v 0.02234627 -0.02869346 0.00804082
v 0.02435091 -0.02786197 0.00591560
v 0.02054743 -0.02953265 0.00908339
v 0.01944983 -0.02889364 0.01223112
v 0.01782630 -0.02476700 0.02235600
v 0.01696499 -0.02568317 0.02147383
v 0.01387038 -0.02893983 0.01836620
v 0.02103525 -0.02773109 0.01223112
v 0.02178985 -0.02512885 0.01664196
v 0.02505215 -0.02197998 0.01676226
v 0.02461769 -0.02136406 0.01854664
v 0.02359631 -0.02057877 0.02175452
v 0.02265878 -0.01990897 0.02428073
v 0.01603508 -0.01197135 0.04334758
v 0.01500608 -0.01324938 0.04334758
v 0.01435820 -0.01384220 0.04334758
v 0.01227733 -0.01562065 0.04334758
v 0.01069191 -0.01675240 0.04334758
v 0.01976996 -0.02266519 0.02416043
v 0.02520460 -0.02532902 0.01074748
v 0.01572257 -0.02529823 0.02331837
v -0.00800536 -0.03024865 0.02171442
v -0.01049782 -0.02870116 0.02363915
v -0.01260155 -0.02839320 0.02319807
v -0.00789865 -0.01842307 0.04334758
v -0.01441564 -0.02780808 0.02197506
v -0.01553610 -0.02818533 0.01958920
v -0.01623734 -0.02866267 0.01746398
v -0.01441564 -0.02931708 0.01854664
v -0.01904232 -0.02842400 0.01377491
v -0.02183204 -0.02818533 0.01006580
v -0.02394339 -0.02699969 0.00930393
v -0.02459128 -0.02787737 0.00591560
v -0.02349368 -0.02940176 0.00274782
v -0.02545259 -0.02850099 -0.00154272
v -0.02163387 -0.03115712 -0.00039992
v -0.02350893 -0.03056431 -0.00689588
v -0.02579559 -0.02880895 -0.00671543
v -0.02386717 -0.03047962 -0.00988322
v -0.02587944 -0.02890133 -0.00988322
v -0.02451506 -0.03078757 -0.02882978
v -0.02636726 -0.02929398 -0.03199756
v -0.02451506 -0.03087227 -0.03199756
v -0.02293726 -0.03214259 -0.09515275
v -0.02637488 -0.02929398 -0.10778378
v -0.02745723 -0.02736155 -0.14886474
v -0.02795268 -0.02777729 -0.10778378
v -0.02731241 -0.02721527 -0.15201247
v -0.02866916 -0.02542141 -0.15379685
v -0.02671788 -0.02662245 -0.15485947
v -0.02477422 -0.02782348 -0.15590203
v -0.02580321 -0.02571397 -0.15732552
v -0.02808988 -0.02173362 -0.15941065
v -0.02481995 -0.02485169 -0.15943069
v -0.02598615 -0.02274988 -0.16027278
v -0.02378333 -0.02375844 -0.16057351
v -0.02700752 -0.02062497 -0.16073390
v -0.03011738 -0.01422714 -0.16103463
v -0.03011738 -0.01106288 -0.16123513
v -0.03011738 -0.00790631 -0.16139553
v -0.03011738 -0.00474974 -0.16147572
v -0.03015549 -0.01720664 -0.16059356
v 0.00778023 0.02999561 -0.16145567
v 0.02989988 0.00156340 -0.16141558
v 0.02989988 -0.00790631 -0.16141558
v 0.02989988 -0.01106288 -0.16123513
v 0.02948066 -0.01738371 -0.16073390
v 0.02697295 -0.02078665 -0.16083415
v 0.02895472 -0.01989357 -0.16045320
v 0.02422895 -0.03081837 -0.11726709
v 0.02265116 -0.03208100 -0.11726709
v 0.02879466 -0.02268058 -0.15764632
v 0.02925961 -0.02371994 -0.15501986
v 0.03096699 -0.02133327 -0.15518025
v 0.03137096 -0.02195689 -0.15297483
v 0.03042581 -0.02344278 -0.15195232
v 0.02866508 -0.02564468 -0.15201247
v 0.02723973 -0.02736155 -0.14886474
v 0.02993037 -0.02056338 -0.15836809
v 0.02765895 -0.02775419 -0.11726709
v 0.02608115 -0.02924009 -0.11726709
v 0.02265116 -0.03208870 -0.11095157
v 0.02265116 -0.03208870 -0.02251426
v 0.02251396 -0.03201171 -0.01936652
v 0.02557046 -0.02880895 -0.00671543
v 0.02536467 -0.02861647 -0.00356770
v 0.02521222 -0.02848559 -0.00166302
v 0.02500642 -0.02833161 0.00044215
v 0.02653086 -0.02658395 0.00274782
v 0.02621073 -0.02627599 0.00591560
v 0.02561620 -0.02571397 0.00908339
v 0.02347436 -0.02738464 0.00908339
v 0.02353533 -0.02600653 0.01197048
v 0.02571529 -0.01978578 0.01854664
v 0.02554760 -0.02261130 0.01465708
v 0.02861935 -0.02253430 0.00816112
v 0.02813915 -0.02187990 0.01026629
v 0.03150816 -0.01900049 0.00755964
v 0.02839830 -0.01908518 0.01397541
v 0.02527320 -0.01914677 0.02037112
v 0.02476251 -0.01817670 0.02247630
v 0.01641619 -0.01131694 0.04334758
v 0.02730833 -0.02363525 0.00916358
v -0.01908043 -0.02214166 0.02646610
v -0.01633643 -0.02558309 0.02375945
v -0.01116095 -0.01668311 0.04334758
v -0.01247197 -0.01590551 0.04334758
v -0.01269302 -0.01576693 0.04334758
v -0.01844016 -0.02485169 0.02237605
v -0.01914903 -0.02534442 0.02027087
v -0.02080304 -0.02642997 0.01547910
v -0.02072682 -0.02783888 0.01253186
v -0.01850876 -0.02805445 0.01539891
v -0.02261713 -0.02559849 0.01447664
v -0.02590230 -0.02580636 0.00854206
v -0.02536875 -0.02527513 0.01064723
v -0.02639012 -0.02629139 0.00591560
v -0.02507148 -0.02820073 0.00274782
v -0.02696941 -0.02689191 -0.00029967
v -0.02867679 -0.02542911 -0.00118184
v -0.02717521 -0.02717677 -0.00356770
v -0.02559741 -0.02862417 -0.00356770
v -0.02737339 -0.02731535 -0.00671543
v -0.02884447 -0.02559849 -0.00356770
v -0.02745723 -0.02736155 -0.00988322
v -0.02794505 -0.02776189 -0.03199756
v -0.02795268 -0.02783888 -0.03514529
v -0.02637488 -0.02929398 -0.03514529
v -0.02795268 -0.02783888 -0.10463605
v -0.02901216 -0.02578326 -0.14886474
v -0.02887496 -0.02563698 -0.15201247
v -0.03063569 -0.02344278 -0.15195232
v -0.03158085 -0.02194918 -0.15295479
v -0.03109302 -0.02129478 -0.15518025
v -0.02940090 -0.02362756 -0.15497976
v -0.02890545 -0.02252661 -0.15728542
v -0.02790694 -0.02463612 -0.15590203
v -0.03006403 -0.02040939 -0.15816759
v -0.02912650 -0.01962410 -0.16037303
v -0.03205342 -0.01422714 -0.16023267
v -0.03236593 -0.01106288 -0.16047326
v -0.03267844 -0.00790631 -0.16065370
v -0.03298333 -0.00474974 -0.16075395
v -0.03328060 0.00471996 -0.16119503
v -0.03011738 0.00788423 -0.16145567
v -0.00800536 0.02999561 -0.16145567
v -0.03183238 -0.01603639 -0.16003217
v 0.01726226 0.02683904 -0.16141558
v 0.00146904 0.03315217 -0.16133538
v 0.01094345 0.02999561 -0.16135542
v 0.02358107 0.01736163 -0.16139553
v 0.02673666 0.01104080 -0.16139553
v 0.02989988 0.00471996 -0.16135542
v 0.03305547 -0.00158547 -0.16095445
v 0.03251430 -0.00790631 -0.16071385
v 0.03205696 -0.01106288 -0.16047326
v 0.03169872 -0.01336486 -0.16017252
v 0.03134047 -0.01547437 -0.15977153
v 0.03105845 -0.01738371 -0.15917006
v 0.03157676 -0.01912367 -0.15696464
v 0.02422895 -0.03081837 -0.02251426
v 0.03197312 -0.01975499 -0.15518025
v 0.03473998 -0.01599020 -0.15381690
v 0.03406160 -0.01788414 -0.15201247
v 0.03231612 -0.02076355 -0.15195232
v 0.03154628 -0.02221865 -0.15086966
v 0.02879466 -0.02578326 -0.14886474
v 0.02905381 -0.02617590 -0.11726709
v 0.02906906 -0.02617590 -0.11411936
v 0.02765895 -0.02775419 -0.02568204
v 0.02608115 -0.02924009 -0.02568204
v 0.02607353 -0.02924009 -0.02251426
v 0.02714826 -0.02726916 -0.00671543
v 0.02694246 -0.02709978 -0.00356770
v 0.02840592 -0.02538292 -0.00136228
v 0.02673666 -0.02685341 -0.00046006
v 0.02825348 -0.02519814 0.00074289
v 0.02810866 -0.02501337 0.00274782
v 0.02778853 -0.02458992 0.00591560
v 0.02897759 -0.02301164 0.00591560
v 0.03055539 -0.02087903 0.00591560
v 0.03171396 -0.01930075 0.00591560
v 0.03274296 -0.01738371 0.00591560
v 0.03413782 -0.01421944 0.00603590
v 0.03316980 -0.01422714 0.00908339
v 0.03190452 -0.01721433 0.00880269
v 0.03161487 -0.01604409 0.01092792
v 0.03100510 -0.01815361 0.00966482
v 0.03038770 -0.01721433 0.01209078
v 0.02887850 -0.01724513 0.01517837
v 0.02788762 -0.01820750 0.01608058
v 0.02729308 -0.01724513 0.01844640
v 0.02797908 -0.01518951 0.01942881
v 0.02856599 -0.01308000 0.02053152
v 0.02529607 -0.01607489 0.02351886
v 0.01818455 -0.00765994 0.04334758
v 0.03176732 -0.01003122 0.01750408
v -0.02131373 -0.02064037 0.02504260
v -0.02190064 -0.02175671 0.02273694
v -0.01962923 -0.02260360 0.02486216
v -0.01406501 -0.01423484 0.04334758
v -0.01568092 -0.01238709 0.04334758
v -0.02196162 -0.02508266 0.01658181
v -0.02709137 -0.02387392 0.00934403
v -0.02880636 -0.02247271 0.00802077
v -0.02796792 -0.02453603 0.00591560
v -0.02247231 -0.02240342 0.02063177
v -0.02331837 -0.02064037 0.02169438
v -0.02833379 -0.02501337 0.00274782
v -0.02674837 -0.02662245 0.00274782
v -0.02849385 -0.02522894 0.00092334
v -0.02963718 -0.02398171 -0.00023952
v -0.03033081 -0.02370454 -0.00356770
v -0.02898167 -0.02573706 -0.00671543
v -0.03078814 -0.02344278 -0.00643475
v -0.02931705 -0.02626060 -0.03514529
v -0.02936278 -0.02626060 -0.03831308
v -0.02936278 -0.02626060 -0.10146827
v -0.02935516 -0.02626060 -0.10463605
v -0.03058996 -0.02384313 -0.14886474
v -0.03176378 -0.02221865 -0.15082956
v -0.03507944 -0.01618267 -0.15421789
v -0.03388275 -0.01729902 -0.15524040
v -0.03220587 -0.01971649 -0.15518025
v -0.03254887 -0.02075585 -0.15195232
v -0.03466784 -0.01546667 -0.15632306
v -0.03178665 -0.01909288 -0.15694458
v -0.03123023 -0.01813821 -0.15904976
v -0.03495748 -0.00062310 -0.16003217
v -0.03555964 -0.01106288 -0.15750597
v -0.03395135 -0.01106288 -0.15908986
v -0.03426386 -0.00790631 -0.15937055
v -0.03511755 0.00156340 -0.16021263
v -0.03526999 0.00471996 -0.16039306
v -0.03328060 0.00156340 -0.16101460
v -0.03354738 0.00810750 -0.16079406
v -0.03011738 0.01104080 -0.16127524
v -0.03515566 0.00720672 -0.16027278
v -0.02696179 0.01419737 -0.16137547
v -0.01747976 0.02683904 -0.16139553
v -0.01116095 0.02999561 -0.16133538
v -0.03526237 -0.01336486 -0.15716513
v 0.02041785 0.02367477 -0.16137547
v 0.02041785 0.02683904 -0.16123513
v 0.00462464 0.03315217 -0.16103463
v -0.00168655 0.03315217 -0.16121508
v 0.00146904 0.03536177 -0.16055345
v 0.01094345 0.03237458 -0.16061360
v 0.01726226 0.02970305 -0.16071385
v 0.02358107 0.02051820 -0.16131533
v 0.02989988 0.00788423 -0.16119503
v 0.03305547 0.00156340 -0.16089429
v 0.03483907 -0.00158547 -0.16015247
v 0.03477047 -0.00363339 -0.16009231
v 0.03323840 -0.00471124 -0.16067374
v 0.03256765 -0.01434263 -0.15856858
v 0.03425216 -0.01422714 -0.15602232
v 0.03204172 -0.01738371 -0.15758617
v 0.03517445 -0.01422714 -0.15443843
v 0.03794131 -0.00692084 -0.15385700
v 0.03703426 -0.01106288 -0.15201247
v 0.03585282 -0.01422714 -0.15201247
v 0.03487718 -0.01629816 -0.15201247
v 0.03421405 -0.01810741 -0.14886474
v 0.03273534 -0.02054028 -0.14886474
v 0.03157676 -0.02226484 -0.14886474
v 0.03037246 -0.02384313 -0.14886474
v 0.03064685 -0.02425887 -0.11411936
v 0.02906906 -0.02617590 -0.02568204
v 0.02765133 -0.02769260 -0.02251426
v 0.02870319 -0.02569088 -0.00671543
v 0.02852788 -0.02551380 -0.00356770
v 0.03086028 -0.02128707 0.00274782
v 0.03047154 -0.02344278 -0.00675553
v 0.03153865 -0.02221095 -0.00783819
v 0.02927486 -0.02343508 0.00274782
v 0.03200361 -0.01970109 0.00274782
v 0.03331463 -0.01738371 0.00274782
v 0.03437411 -0.01521261 0.00274782
v 0.03486956 -0.01316469 0.00507354
v 0.03453418 -0.01237939 0.00717871
v 0.03429027 -0.01121685 0.00932398
v 0.03336798 -0.01106288 0.01223112
v 0.03218654 -0.01107827 0.01535881
v 0.03205696 -0.01414245 0.01209078
v 0.03169110 -0.01303381 0.01427615
v 0.03118803 -0.01213303 0.01638132
v 0.03054776 -0.01414245 0.01535881
v 0.02848977 -0.01609799 0.01732364
v 0.01879432 -0.00619714 0.04334758
v 0.03198836 -0.00766764 0.01856669
v 0.03118041 -0.00856072 0.01960925
v 0.03323840 -0.00790631 0.01539891
v -0.02273909 -0.01965490 0.02410029
v -0.02564315 -0.01615188 0.02365920
v -0.01694621 -0.01080881 0.04334758
v -0.02854721 -0.01896969 0.01383506
v -0.03171042 -0.01897739 0.00751954
v -0.02590993 -0.01966260 0.01802536
v -0.03075003 -0.02087903 0.00591560
v -0.02954572 -0.02343508 0.00274782
v -0.02498001 -0.01843077 0.02171442
v -0.03112351 -0.02135637 0.00274782
v -0.03138267 -0.02167202 -0.00039992
v -0.03159609 -0.02197228 -0.00356770
v -0.03169518 -0.02211856 -0.00521174
v -0.03058996 -0.02384313 -0.00988322
v -0.03176378 -0.02221865 -0.00731691
v -0.03216014 -0.02277297 -0.04146081
v -0.03094058 -0.02435126 -0.04146081
v -0.03094058 -0.02435126 -0.09832053
v -0.03094058 -0.02432816 -0.10146827
v -0.03180189 -0.02226484 -0.14886474
v -0.03295285 -0.02054028 -0.14886474
v -0.03429435 -0.01803042 -0.15201247
v -0.03519377 -0.01645214 -0.15201247
v -0.03621515 -0.01422714 -0.15201247
v -0.03564348 -0.01433493 -0.15524040
v -0.03679444 -0.01106288 -0.15518025
v -0.03738897 -0.00775233 -0.15489956
v -0.03571971 -0.00790631 -0.15778666
v -0.03622277 0.00156340 -0.15834804
v -0.03640570 0.00471996 -0.15834804
v -0.03260222 0.01104080 -0.16049331
v -0.02715234 0.01750022 -0.16079406
v -0.02379857 0.02051820 -0.16117499
v -0.02064298 0.02367477 -0.16131533
v -0.03817406 0.00692956 -0.15397730
v -0.03577306 0.00810750 -0.15858863
v -0.03478217 0.00931624 -0.15981163
v -0.02075731 0.02687753 -0.16071385
v -0.01978929 0.02907943 -0.16039306
v -0.01726634 0.03008029 -0.16057351
v -0.01432417 0.02999561 -0.16101460
v -0.01116095 0.03233609 -0.16059356
v 0.02673666 0.01736163 -0.16103463
v 0.02041785 0.02907173 -0.16049331
v 0.02221669 0.02861749 -0.16013242
v 0.02289507 0.02683904 -0.16047326
v 0.02384785 0.02391344 -0.16077399
v -0.00168655 0.03522319 -0.16043317
v 0.00462464 0.03503841 -0.16023267
v -0.00168655 0.03658590 -0.15834804
v 0.00146904 0.03675528 -0.15834804
v 0.00462464 0.03623175 -0.15834804
v 0.01354262 0.03192804 -0.16027278
v 0.02989988 0.01104080 -0.16091435
v 0.03332987 0.00483545 -0.16051335
v 0.03470187 0.00385768 -0.15999208
v 0.03479334 0.00156340 -0.16009231
v 0.03590618 0.00156340 -0.15834804
v 0.03597478 -0.00158547 -0.15834804
v 0.03734677 -0.00158547 -0.15598223
v 0.03807851 -0.00474974 -0.15413769
v 0.03688944 -0.00794480 -0.15501986
v 0.03568513 -0.01116296 -0.15540080
v 0.03452656 -0.01228701 -0.15660375
v 0.03871115 -0.00158547 -0.15201247
v 0.03843675 -0.00474974 -0.15201247
v 0.03804802 -0.00732889 -0.15201247
v 0.03763642 -0.00891487 -0.15201247
v 0.03711811 -0.01106288 -0.14886474
v 0.03599764 -0.01422714 -0.14886474
v 0.03497627 -0.01652143 -0.14886474
v 0.03515158 -0.01686788 -0.10778378
v 0.03436649 -0.01844617 -0.10778378
v 0.03318505 -0.02054028 -0.11095157
v 0.03187403 -0.02268058 -0.11411936
v 0.03064685 -0.02425887 -0.02882978
v 0.03064685 -0.02423577 -0.02568204
v 0.03037246 -0.02384313 -0.00988322
v 0.02878704 -0.02577556 -0.00988322
v 0.03236185 -0.02078665 -0.00675553
v 0.03157676 -0.02226484 -0.00988322
v 0.03272772 -0.02054028 -0.00988322
v 0.03411496 -0.01791494 -0.00671543
v 0.03393965 -0.01756079 -0.00356770
v 0.03386343 -0.01706805 -0.00072071
v 0.03463327 -0.01580543 -0.00198381
v 0.03451893 -0.01554366 0.00012137
v 0.03551745 -0.01422714 -0.00356770
v 0.03507536 -0.01362663 0.00274782
v 0.03532689 -0.01121685 0.00603590
v 0.03611960 -0.01106288 0.00274782
v 0.03493053 -0.01026988 0.00842176
v 0.03459516 -0.00923053 0.01052693
v 0.01914494 -0.00518858 0.04334758
v 0.03151579 -0.00645121 0.02021073
v 0.03426740 -0.00806799 0.01215093
v 0.03475522 -0.00712871 0.01104821
v 0.03441985 -0.00474974 0.01307319
v 0.03365763 -0.00474974 0.01539891
v 0.03242283 -0.00474974 0.01854664
v -0.02847861 -0.01253337 0.02319807
v -0.02907314 -0.01335716 0.02109289
v -0.02616908 -0.01685248 0.02171442
v -0.01853163 -0.00817577 0.04334758
v -0.02801365 -0.01826909 0.01594024
v -0.02828043 -0.01545897 0.01960925
v -0.02918747 -0.01728362 0.01507812
v -0.03190860 -0.01615188 0.01118856
v -0.03217538 -0.01727593 0.00878265
v -0.03296047 -0.01738371 0.00591560
v -0.03193909 -0.01930075 0.00591560
v -0.02961432 -0.01433493 0.01856669
v -0.03224398 -0.01977808 0.00274782
v -0.03241929 -0.02009374 -0.00039992
v -0.03259460 -0.02085594 -0.00643475
v -0.03259460 -0.02039400 -0.00356770
v -0.03180189 -0.02226484 -0.00988322
v -0.03295285 -0.02054028 -0.00988322
v -0.03349402 -0.02054028 -0.04462860
v -0.03353213 -0.02054028 -0.04779638
v -0.03216776 -0.02277297 -0.04462860
v -0.03443155 -0.01809971 -0.00988322
v -0.03216776 -0.02277297 -0.09832053
v -0.03443155 -0.01809971 -0.14886474
v -0.03519377 -0.01652143 -0.14886474
v -0.03733561 -0.01106288 -0.15201247
v -0.03539957 -0.01696027 -0.08566944
v -0.03541482 -0.01696027 -0.08252171
v -0.03655815 -0.01422714 -0.07935393
v -0.03789203 -0.00866850 -0.15201247
v -0.03804448 -0.00659749 -0.15367655
v -0.03740421 -0.00474974 -0.15540080
v -0.03747281 -0.00158547 -0.15560129
v -0.03754141 0.00156340 -0.15572158
v -0.03826552 0.00156340 -0.15413769
v -0.03757952 0.00471996 -0.15576168
v -0.03193147 0.01294244 -0.16009231
v -0.02907314 0.01653785 -0.16031286
v -0.02263237 0.02584587 -0.16023267
v -0.02372997 0.02345150 -0.16049331
v -0.03507944 0.01638387 -0.15411764
v -0.03642857 0.01104080 -0.15518025
v -0.03741946 0.00794582 -0.15508000
v -0.03825790 0.00471996 -0.15417779
v -0.03864663 0.00471996 -0.15201247
v -0.03828839 0.00749928 -0.15201247
v -0.03791490 0.00907757 -0.15201247
v -0.03733561 0.01104080 -0.15201247
v -0.03529286 0.01104080 -0.15760621
v -0.03496511 0.01295014 -0.15694458
v -0.03450777 0.01505965 -0.15622282
v -0.03168756 0.01892452 -0.15674409
v -0.02189302 0.02795538 -0.15957104
v -0.02292202 0.02901784 -0.15746587
v -0.02070396 0.03010339 -0.15842824
v -0.01817338 0.03118894 -0.15937055
v -0.01606965 0.03163548 -0.15999208
v -0.01432417 0.03188954 -0.16023267
v 0.02677477 0.02041812 -0.16053342
v 0.02913766 0.01736163 -0.16025272
v 0.03009805 0.01425126 -0.16043317
v 0.01564635 0.03155849 -0.15989183
v 0.01726226 0.03128133 -0.15943069
v 0.02507502 0.02512987 -0.15983169
v 0.01928976 0.03182796 -0.15718518
v 0.02140112 0.03121974 -0.15598223
v 0.02278836 0.02908713 -0.15834804
v 0.02493782 0.02818635 -0.15638321
v 0.02868032 0.02564570 -0.15413769
v 0.02797146 0.02479112 -0.15624286
v 0.02855075 0.01930177 -0.16007227
v -0.00397321 0.03493063 -0.16013242
v 0.00628628 0.03476125 -0.15995199
v -0.00494885 0.03573902 -0.15856858
v -0.00484214 0.03742509 -0.15590203
v -0.00168655 0.03767145 -0.15628296
v 0.00146904 0.03770995 -0.15632306
v 0.00462464 0.03824888 -0.15439833
v 0.00462464 0.03750208 -0.15598223
v 0.00695703 0.03807950 -0.15397730
v 0.00791743 0.03720952 -0.15508000
v 0.00752108 0.03537717 -0.15834804
v 0.03215605 0.01104080 -0.16017252
v 0.03271247 0.00788423 -0.16039306
v 0.03456467 0.00596719 -0.15987178
v 0.03550220 0.00788423 -0.15812750
v 0.03547933 0.00483545 -0.15862873
v 0.03733153 0.00156340 -0.15596217
v 0.03820808 0.00156340 -0.15437828
v 0.03821571 -0.00158547 -0.15439833
v 0.03871877 0.00156340 -0.15201247
v 0.03881786 0.00156340 -0.14886474
v 0.03878737 -0.00158547 -0.14886474
v 0.03851297 -0.00474974 -0.14886474
v 0.03808613 -0.00744437 -0.14886474
v 0.03767453 -0.00902265 -0.14886474
v 0.03777362 -0.00938450 -0.10146827
v 0.03727817 -0.01106288 -0.10146827
v 0.03623393 -0.01422714 -0.10463605
v 0.03515158 -0.01686788 -0.03199756
v 0.03436649 -0.01844617 -0.03199756
v 0.03318505 -0.02054028 -0.03199756
v 0.03187403 -0.02268058 -0.02882978
v 0.03184354 -0.02265749 -0.02568204
v 0.03420642 -0.01809971 -0.00988322
v 0.03488480 -0.01633665 -0.00671543
v 0.03583758 -0.01422714 -0.00671543
v 0.03646260 -0.01106288 -0.00039992
v 0.03620344 -0.00790631 0.00591560
v 0.03727817 -0.00790631 -0.00039992
v 0.03691231 -0.00790631 0.00274782
v 0.03514396 -0.00806799 0.00932398
v 0.01923641 -0.00482673 0.04334758
v 0.03160725 -0.00474974 0.02037112
v 0.03078405 -0.00474974 0.02195502
v 0.01998339 -0.00110044 0.04334758
v 0.01992241 -0.00158547 0.04334758
v 0.03503725 -0.00158547 0.01187023
v 0.03451893 -0.00158547 0.01345413
v 0.03560891 -0.00474974 0.00908339
v 0.03589856 -0.00158547 0.00908339
v 0.03616533 0.00156340 0.00908339
v 0.03382531 -0.00158547 0.01539891
v 0.03262100 -0.00158547 0.01854664
v 0.03174445 -0.00158547 0.02067187
v -0.02972103 -0.01131694 0.02197506
v -0.03131407 -0.01127845 0.01878723
v -0.03162658 -0.01247178 0.01678230
v -0.03144365 -0.01535889 0.01329373
v -0.01863072 -0.00793710 0.04334758
v -0.03350164 -0.01422714 0.00908339
v -0.03437820 -0.01418865 0.00607600
v -0.03505657 -0.01311080 0.00513368
v -0.03457637 -0.01515102 0.00274782
v -0.03354738 -0.01738371 0.00274782
v -0.03434771 -0.01791494 -0.00671543
v -0.03464497 -0.01857705 -0.05411190
v -0.03353213 -0.02054028 -0.08883723
v -0.03519377 -0.01652143 -0.00988322
v -0.03546055 -0.01699876 -0.05411190
v -0.03352451 -0.02054028 -0.09200502
v -0.03351689 -0.02054028 -0.09515275
v -0.03464497 -0.01850776 -0.08883723
v -0.03789203 -0.00902265 -0.14886474
v -0.03830363 -0.00744437 -0.14886474
v -0.03745757 -0.01106288 -0.07935393
v -0.03542244 -0.01696797 -0.07935393
v -0.03464497 -0.01853855 -0.08566944
v -0.03544530 -0.01698337 -0.06989067
v -0.03546055 -0.01699106 -0.06355511
v -0.03546817 -0.01699106 -0.06040737
v -0.03546817 -0.01699876 -0.05725964
v -0.03649717 -0.01422714 -0.05725964
v -0.03733561 -0.01106288 -0.00988322
v -0.03818168 -0.00709022 -0.15201247
v -0.03812070 -0.00474974 -0.15383696
v -0.03847894 -0.00474974 -0.15201247
v -0.03871523 -0.00158547 -0.15201247
v -0.03821979 -0.00158547 -0.15403745
v -0.03877621 0.00156340 -0.15201247
v -0.02833379 0.01864736 -0.15975149
v -0.02548308 0.02225047 -0.16001213
v -0.02474373 0.02435228 -0.15937055
v -0.03626850 0.01419737 -0.15201247
v -0.03526999 0.01676112 -0.15201247
v -0.03460686 0.01833940 -0.15201247
v -0.03192385 0.02241984 -0.15389710
v -0.03252600 0.02051820 -0.15461888
v -0.03540720 0.01408188 -0.15516021
v -0.03904299 0.00156340 -0.14886474
v -0.03879145 0.00471996 -0.14886474
v -0.03833412 0.00774565 -0.14886474
v -0.03798350 0.00932393 -0.14886474
v -0.03753379 0.01104080 -0.14886474
v -0.03647430 0.01419737 -0.14886474
v -0.03111589 0.02051820 -0.15620276
v -0.02808225 0.02460634 -0.15632306
v -0.02882923 0.02250453 -0.15700474
v -0.02503337 0.02803237 -0.15636316
v -0.02588706 0.02888695 -0.15425798
v -0.02377571 0.03000330 -0.15516021
v -0.02161100 0.03111965 -0.15606242
v -0.01950727 0.03186645 -0.15726538
v -0.01760934 0.03402985 -0.15522035
v -0.01726634 0.03225909 -0.15832799
v -0.01504828 0.03447639 -0.15632306
v -0.01294455 0.03479975 -0.15684434
v -0.01116095 0.03505381 -0.15720523
v -0.01116095 0.03391437 -0.15878912
v -0.00800536 0.03433781 -0.15941065
v 0.03128712 0.01532911 -0.15981163
v 0.03172921 0.01322730 -0.16001213
v 0.01439631 0.03282882 -0.15864877
v 0.01409904 0.03445329 -0.15628296
v 0.01726226 0.03227449 -0.15784681
v 0.02874892 0.02268160 -0.15730548
v 0.03158438 0.01910160 -0.15690449
v 0.03218654 0.01736163 -0.15758617
v 0.03071545 0.01736163 -0.15915001
v 0.01621039 0.03497682 -0.15401739
v 0.02037974 0.03228219 -0.15501986
v 0.02217858 0.03169707 -0.15387706
v 0.02355820 0.03000330 -0.15512011
v 0.02554760 0.02878687 -0.15427804
v 0.02745315 0.02754734 -0.15201247
v 0.02897759 0.02596906 -0.15201247
v 0.03159963 0.02226586 -0.15379685
v 0.03086028 0.02120341 -0.15590203
v -0.00800536 0.03547725 -0.15782675
v 0.01040227 0.03509231 -0.15730548
v 0.00839763 0.03439170 -0.15941065
v -0.00821878 0.03720182 -0.15505996
v -0.00731174 0.03807180 -0.15391715
v -0.00484214 0.03823348 -0.15431814
v -0.00168655 0.03837976 -0.15469907
v 0.00146904 0.03838745 -0.15473917
v 0.00146904 0.03906496 -0.15201247
v 0.00462464 0.03879550 -0.15201247
v 0.00906076 0.03781004 -0.15303498
v 0.01409904 0.03542336 -0.15469907
v 0.01124834 0.03593919 -0.15550104
v 0.00791743 0.03823348 -0.15199242
v 0.03429027 0.00788423 -0.15971139
v 0.03525067 0.01104080 -0.15776661
v 0.03716384 0.00788423 -0.15499981
v 0.03722482 0.00471996 -0.15566143
v 0.03804040 0.00471996 -0.15409759
v 0.03842913 0.00471996 -0.15201247
v 0.03857395 0.00471996 -0.14886474
v 0.03881786 -0.00158547 -0.07303841
v 0.03881024 -0.00158547 -0.09200502
v 0.03881786 0.00156340 -0.00988322
v 0.03882548 -0.00158547 -0.04779638
v 0.03853584 -0.00474974 -0.08566944
v 0.03808613 -0.00780622 -0.10146827
v 0.03777362 -0.00938450 -0.04146081
v 0.03727817 -0.01106288 -0.03831308
v 0.03623393 -0.01422714 -0.03514529
v 0.03599002 -0.01422714 -0.00988322
v 0.03496865 -0.01652143 -0.00988322
v 0.03316218 -0.02054028 -0.02882978
v 0.03699615 -0.01106288 -0.00671543
v 0.03673700 -0.01106288 -0.00356770
v 0.03762117 -0.00873779 -0.00671543
v 0.03652358 -0.00474974 0.00591560
v 0.03799466 -0.00715951 -0.00671543
v 0.03787271 -0.00669757 -0.00440977
v 0.03775837 -0.00583529 -0.00230460
v 0.03762117 -0.00476514 -0.00054026
v 0.03718671 -0.00474974 0.00274782
v 0.03093650 -0.00158547 0.02223571
v 0.02003674 0.00156340 0.04334758
v 0.03108132 0.00156340 0.02249635
v 0.03458753 0.00156340 0.01367467
v 0.03634064 0.00471996 0.00908339
v 0.03515158 0.00156340 0.01209078
v 0.03676749 -0.00158547 0.00591560
v 0.03699615 0.00156340 0.00591560
v 0.03395489 0.00156340 0.01539891
v 0.03278107 0.00156340 0.01854664
v 0.03183592 0.00156340 0.02091246
v -0.03164945 -0.00876089 0.01999019
v -0.02896643 -0.01042386 0.02389980
v -0.03201531 -0.01036997 0.01788502
v -0.03486602 -0.00949999 0.01066728
v -0.01915665 -0.00659749 0.04334758
v -0.03512517 -0.01016980 0.00908339
v -0.03478980 -0.01248718 0.00723885
v -0.03557488 -0.01128614 0.00607600
v -0.03627613 -0.01106288 0.00274782
v -0.03524713 -0.01356503 0.00274782
v -0.03473644 -0.01552057 0.00012137
v -0.03485840 -0.01580543 -0.00198381
v -0.03409617 -0.01706805 -0.00072071
v -0.03417240 -0.01756079 -0.00356770
v -0.03494224 -0.01598250 -0.00356770
v -0.03510231 -0.01633665 -0.00671543
v -0.03464497 -0.01857705 -0.05725964
v -0.03464497 -0.01855395 -0.07620619
v -0.03604746 -0.01422714 -0.00671543
v -0.03621515 -0.01422714 -0.00988322
v -0.03648193 -0.01422714 -0.05411190
v -0.03873048 -0.00474974 -0.14886474
v -0.03830363 -0.00745977 -0.07935393
v -0.03789203 -0.00901496 -0.00988322
v -0.03830363 -0.00743667 -0.00988322
v -0.03830363 -0.00744437 -0.01303095
v -0.03719841 -0.01106288 -0.00671543
v -0.03901250 -0.00158547 -0.14886474
v -0.03336444 0.02051820 -0.15201247
v -0.03535384 0.01683811 -0.14886474
v -0.03460686 0.01841639 -0.14886474
v -0.03203818 0.02258152 -0.15201247
v -0.03087960 0.02415980 -0.15201247
v -0.02930181 0.02609224 -0.15201247
v -0.02904265 0.02580738 -0.15421789
v -0.03904299 0.00156340 -0.01303095
v -0.03879145 0.00471996 -0.01303095
v -0.03833412 0.00774565 -0.01303095
v -0.03798350 0.00932393 -0.01303095
v -0.03753379 0.01104080 -0.01303095
v -0.03647430 0.01419737 -0.00988322
v -0.02776212 0.02767053 -0.15201247
v -0.02618432 0.02916412 -0.15201247
v -0.02430164 0.03075010 -0.15201247
v -0.02251804 0.03178176 -0.15395725
v -0.02058962 0.03241308 -0.15508000
v -0.01664132 0.03506921 -0.15421789
v -0.01412599 0.03543106 -0.15522035
v -0.01116095 0.03638573 -0.15518025
v 0.03493816 0.01328889 -0.15726538
v 0.03374147 0.01104080 -0.15933045
v 0.01251362 0.03473046 -0.15674409
v 0.03211794 0.02029493 -0.15497976
v 0.03441985 0.01539840 -0.15636316
v 0.01409904 0.03633953 -0.15201247
v 0.01670584 0.03520779 -0.15201247
v 0.01828363 0.03446869 -0.15201247
v 0.02041785 0.03317527 -0.15201247
v 0.02240725 0.03185875 -0.15201247
v 0.02399267 0.03067311 -0.15201247
v 0.02587535 0.02909483 -0.15201247
v 0.02757510 0.02767822 -0.14886474
v 0.03055539 0.02404432 -0.15201247
v 0.02908430 0.02609994 -0.14886474
v 0.03173683 0.02246604 -0.15201247
v 0.03302498 0.02051820 -0.15201247
v 0.03434362 0.01834710 -0.15201247
v 0.03491529 0.01639157 -0.15425798
v 0.03380245 0.01741553 -0.15526045
v -0.00941547 0.03785623 -0.15323547
v -0.00484214 0.03878010 -0.15201247
v -0.00168655 0.03906496 -0.15201247
v 0.00146904 0.03925744 -0.14886474
v 0.00462464 0.03898028 -0.14886474
v 0.00778023 0.03845675 -0.14886474
v 0.00959432 0.03795632 -0.15092981
v 0.01076814 0.03748668 -0.15199242
v 0.03649309 0.01104080 -0.15518025
v 0.03789557 0.00682948 -0.15381690
v 0.03803277 0.00741460 -0.15201247
v 0.03811662 0.00774565 -0.14886474
v 0.03857395 0.00471996 -0.01303095
v 0.03856633 0.00471996 -0.00988322
v 0.03844437 0.00471996 -0.00671543
v 0.03864255 0.00156340 -0.00671543
v 0.03878737 -0.00158547 -0.00988322
v 0.03851297 -0.00474974 -0.01303095
v 0.03854346 -0.00474974 -0.04779638
v 0.03854346 -0.00474974 -0.06040737
v 0.03808613 -0.00780622 -0.04146081
v 0.03808613 -0.00778312 -0.03831308
v 0.03808613 -0.00744437 -0.01303095
v 0.03807851 -0.00743667 -0.00988322
v 0.03776599 -0.00936141 -0.03831308
v 0.03711049 -0.01106288 -0.00988322
v 0.03767453 -0.00901496 -0.00988322
v 0.03833766 -0.00474974 -0.00671543
v 0.03850535 -0.00474974 -0.00988322
v 0.03783459 -0.00372578 -0.00168307
v 0.03859682 -0.00158547 -0.00671543
v 0.03768977 -0.00158547 0.00036196
v 0.03736964 -0.00158547 0.00274782
v 0.01954892 0.00471996 0.04334758
v 0.03107370 0.00471996 0.02245625
v 0.03717146 0.00471996 0.00591560
v 0.03680560 0.00788423 0.00591560
v 0.03589093 0.00788423 0.00908339
v 0.03520493 0.00471996 0.01215093
v 0.03273534 0.00471996 0.01854664
v 0.03460278 0.00471996 0.01373482
v 0.03396251 0.00471996 0.01539891
v 0.03180543 0.00471996 0.02087236
v -0.02102409 -0.00158547 0.04334758
v -0.03511755 -0.00158547 0.01429620
v -0.03498035 -0.00371038 0.01407566
v -0.03357787 -0.00790631 0.01539891
v -0.01985027 -0.00474974 0.04334758
v -0.03504895 -0.00790631 0.01120861
v -0.03578831 -0.00790631 0.00908339
v -0.03666486 -0.00790631 0.00591560
v -0.03717555 -0.00790631 0.00274782
v -0.03660388 -0.01106288 -0.00039992
v -0.03571208 -0.01422714 -0.00356770
v -0.03532335 -0.01436572 -0.00072071
v -0.03690877 -0.01106288 -0.00356770
v -0.03873048 -0.00474974 -0.00988322
v -0.03783106 -0.00873009 -0.00671543
v -0.03821979 -0.00715181 -0.00671543
v -0.03748806 -0.00790631 -0.00039992
v -0.03901250 -0.00158547 -0.01303095
v -0.03337207 0.02051820 -0.14886474
v -0.03535384 0.01683811 -0.01303095
v -0.03460686 0.01841639 -0.00988322
v -0.03088723 0.02415980 -0.14886474
v -0.03203818 0.02258152 -0.01303095
v -0.02930181 0.02609994 -0.14886474
v -0.02780023 0.02767822 -0.14886474
v -0.03903537 0.00156340 -0.00988322
v -0.03878383 0.00471996 -0.00988322
v -0.03833412 0.00773795 -0.00988322
v -0.03798350 0.00931624 -0.00988322
v -0.03752617 0.01104080 -0.00988322
v -0.03738897 0.01104080 -0.00671543
v -0.03629137 0.01419737 -0.00671543
v -0.03534622 0.01683811 -0.00988322
v -0.02622244 0.02921031 -0.14886474
v -0.02435499 0.03078860 -0.14886474
v -0.02272384 0.03192034 -0.15201247
v -0.02277720 0.03196653 -0.14886474
v -0.02064298 0.03330615 -0.15201247
v -0.01866121 0.03453798 -0.15201247
v -0.01708341 0.03527708 -0.15201247
v -0.01432417 0.03647042 -0.15201247
v 0.03540311 0.01428975 -0.15526045
v 0.01128645 0.03756367 -0.14886474
v 0.01409904 0.03656281 -0.14886474
v 0.01693450 0.03531558 -0.14886474
v 0.01851230 0.03457648 -0.14886474
v 0.02041785 0.03338314 -0.14886474
v 0.02255969 0.03196653 -0.14886474
v 0.02413749 0.03078860 -0.14886474
v 0.02599731 0.02921031 -0.14886474
v 0.02757510 0.02767822 -0.01303095
v 0.03066210 0.02415980 -0.14886474
v 0.02908430 0.02609994 -0.01303095
v 0.03181305 0.02258152 -0.14886474
v 0.03314694 0.02051820 -0.14886474
v 0.03509060 0.01676882 -0.15201247
v 0.03438936 0.01841639 -0.14886474
v 0.03618058 0.01419737 -0.15201247
v -0.01098564 0.03756367 -0.15211271
v -0.00981182 0.03795632 -0.15113030
v -0.00821878 0.03822578 -0.15211271
v -0.00484214 0.03898028 -0.14886474
v -0.00168655 0.03924974 -0.14886474
v -0.00168655 0.03925744 -0.02251426
v 0.00146904 0.03925744 -0.01303095
v 0.00462464 0.03898028 -0.00988322
v 0.00970865 0.03798711 -0.14886474
v 0.00778023 0.03845675 -0.00988322
v 0.03720957 0.01104080 -0.15201247
v 0.03770502 0.00899288 -0.15201247
v 0.03776599 0.00932393 -0.14886474
v 0.03811662 0.00774565 -0.01303095
v 0.03811662 0.00773795 -0.00988322
v 0.03804802 0.00746079 -0.00671543
v 0.03784222 0.00651382 -0.00140238
v 0.03819284 0.00471996 -0.00356770
v 0.03791082 0.00458908 -0.00037987
v 0.03781173 0.00344964 0.00128422
v 0.03781173 0.00286452 0.00128422
v 0.03831479 0.00156340 -0.00356770
v 0.03820046 -0.00158547 -0.00356770
v 0.03789557 -0.00158547 -0.00120189
v 0.03758306 0.00170968 0.00250723
v 0.01894677 0.00648302 0.04334758
v 0.03165299 0.00672939 0.02053152
v 0.02914528 0.00788423 0.02448123
v 0.02868795 0.01037099 0.02385970
v 0.03762880 0.00458908 0.00250723
v 0.03775837 0.00555145 0.00070280
v 0.03595953 0.01104080 0.00591560
v 0.03718671 0.00788423 0.00274782
v 0.03642449 0.01104080 0.00274782
v 0.03480858 0.01301943 0.00788043
v -0.02114605 0.00156340 0.04334758
v -0.03509469 0.00156340 0.01425610
v -0.03596362 0.00156340 0.01223112
v -0.03597124 -0.00158547 0.01223112
v -0.03538433 -0.00475744 0.01235142
v -0.03642857 -0.00474974 0.00908339
v -0.03709170 -0.00474974 0.00591560
v -0.03751855 -0.00474974 0.00274782
v -0.03799112 -0.00603546 -0.00220435
v -0.03809783 -0.00669757 -0.00430952
v -0.03856279 -0.00474974 -0.00671543
v -0.03900488 -0.00158547 -0.00988322
v -0.03337207 0.02051820 -0.01303095
v -0.03450015 0.01817772 -0.00671543
v -0.03315864 0.02051820 -0.00671543
v -0.03336444 0.02051820 -0.00988322
v -0.02930943 0.02609994 -0.14254921
v -0.03088723 0.02415980 -0.00988322
v -0.03203056 0.02258152 -0.00988322
v -0.02780023 0.02767822 -0.01303095
v -0.03882194 -0.00158547 -0.00671543
v -0.03884481 0.00156340 -0.00671543
v -0.03860090 0.00471996 -0.00671543
v -0.03824266 0.00738380 -0.00671543
v -0.03791490 0.00896208 -0.00671543
v -0.03709932 0.01104080 -0.00356770
v -0.03678681 0.01104080 -0.00039992
v -0.03644382 0.01104080 0.00274782
v -0.03591788 0.01419737 -0.00356770
v -0.03523951 0.01659944 -0.00671543
v -0.02622244 0.02921031 -0.01303095
v -0.02435499 0.03078860 -0.00988322
v -0.02064298 0.03338314 -0.14886474
v -0.02277720 0.03196653 -0.01303095
v -0.01873743 0.03457648 -0.14886474
v -0.01715963 0.03531558 -0.14886474
v -0.01432417 0.03656281 -0.14886474
v -0.01151157 0.03756367 -0.14886474
v 0.01128645 0.03756367 -0.01303095
v 0.01409904 0.03656281 -0.00988322
v 0.01693450 0.03531558 -0.00988322
v 0.01851230 0.03457648 -0.00988322
v 0.02041785 0.03338314 -0.00988322
v 0.02255969 0.03196653 -0.01303095
v 0.02413749 0.03078860 -0.01303095
v 0.02599731 0.02921031 -0.00988322
v 0.02757510 0.02767053 -0.00988322
v 0.03066210 0.02415980 -0.00988322
v 0.02908430 0.02609224 -0.00988322
v 0.03181305 0.02258152 -0.00988322
v 0.03314694 0.02051820 -0.00988322
v 0.03512871 0.01683811 -0.14886474
v 0.03625680 0.01419737 -0.14886474
v 0.03438936 0.01841639 -0.00988322
v 0.03730866 0.01104080 -0.14886474
v -0.00992616 0.03798711 -0.14886474
v -0.00800536 0.03845675 -0.14886474
v -0.00484214 0.03898028 -0.01303095
v -0.00168655 0.03925744 -0.01303095
v 0.00146904 0.03924974 -0.00988322
v 0.00462464 0.03886479 -0.00671543
v 0.00970865 0.03798711 -0.01303095
v 0.00799365 0.03824888 -0.00667534
v 0.00958669 0.03795632 -0.00769785
v 0.00970103 0.03798711 -0.00988322
v 0.03776599 0.00932393 -0.01303095
v 0.03776599 0.00931624 -0.00988322
v 0.03769740 0.00903907 -0.00671543
v 0.03749160 0.00769176 -0.00037987
v 0.03757544 0.00847705 -0.00356770
v 0.01809308 0.00782264 0.04334758
v 0.02826110 0.01247280 0.02315798
v 0.02622597 0.01423586 0.02492231
v 0.03072308 0.00782264 0.02163422
v 0.03508298 0.01365844 0.00591560
v 0.03668364 0.01104080 -0.00039992
v 0.03566227 0.01419737 -0.00039992
v 0.03525067 0.01447453 0.00290821
v 0.03438174 0.01523672 0.00591560
v 0.03217892 0.01733084 0.00896309
v 0.03381007 0.01412038 0.00898314
v -0.02026949 0.00423493 0.04334758
v -0.02892070 0.01030940 0.02408024
v -0.03171042 0.00636754 0.02017063
v -0.03494986 0.00353433 0.01403556
v -0.03539957 0.00464297 0.01233137
v -0.03594837 0.00788423 0.00908339
v -0.03647430 0.00471996 0.00908339
v -0.03683255 0.00156340 0.00908339
v -0.03681730 -0.00158547 0.00908339
v -0.03728226 -0.00158547 0.00591560
v -0.03794539 -0.00158547 0.00062259
v -0.03814357 -0.00158547 -0.00096130
v -0.03846370 -0.00158547 -0.00356770
v -0.03807497 -0.00392595 -0.00150263
v -0.03787679 -0.00488832 -0.00041996
v -0.03535384 0.01366614 0.00274782
v -0.03318151 0.01736163 0.00591560
v -0.03206105 0.01960203 0.00591560
v -0.03228209 0.01995618 0.00274782
v -0.03249551 0.02027953 -0.00039992
v -0.03134456 0.02153446 0.00274782
v -0.03154274 0.02186552 -0.00039992
v -0.03166469 0.02204259 -0.00226450
v -0.03179427 0.02223507 -0.00436967
v -0.03193909 0.02244294 -0.00671543
v -0.02930943 0.02609994 -0.01303095
v -0.03081100 0.02402122 -0.00671543
v -0.02923321 0.02603065 -0.00671543
v -0.02930181 0.02609224 -0.00988322
v -0.02779261 0.02767053 -0.00988322
v -0.02621481 0.02921031 -0.00988322
v -0.03846370 0.00156340 -0.00356770
v -0.03806734 0.00383459 -0.00156277
v -0.03821217 0.00482005 -0.00338726
v -0.03799112 0.00594410 -0.00222440
v -0.03810546 0.00679098 -0.00432957
v -0.03752617 0.00788423 -0.00039992
v -0.03720604 0.00788423 0.00274782
v -0.03678681 0.00788423 0.00591560
v -0.03600173 0.01104080 0.00591560
v -0.03512517 0.01319650 0.00591560
v -0.03544530 0.01438984 -0.00052021
v -0.02615384 0.02912562 -0.00671543
v -0.02420255 0.03070391 -0.00671543
v -0.02276957 0.03195884 -0.00988322
v -0.02064298 0.03338314 -0.00988322
v -0.01715963 0.03532328 -0.08252171
v -0.01873743 0.03457648 -0.01303095
v -0.01432417 0.03656281 -0.00988322
v -0.01151157 0.03756367 -0.01303095
v -0.00993378 0.03798711 -0.03199756
v 0.01127883 0.03755597 -0.00988322
v 0.01409904 0.03637803 -0.00671543
v 0.01671346 0.03521549 -0.00671543
v 0.01829126 0.03447639 -0.00671543
v 0.02041785 0.03320606 -0.00671543
v 0.02244536 0.03188954 -0.00671543
v 0.02255207 0.03196653 -0.00988322
v 0.02412987 0.03078860 -0.00988322
v 0.02402316 0.03068851 -0.00671543
v 0.02588297 0.02910253 -0.00671543
v 0.02746077 0.02755504 -0.00671543
v 0.02897759 0.02597675 -0.00671543
v 0.03055539 0.02401352 -0.00671543
v 0.03171396 0.02243524 -0.00671543
v 0.03297163 0.02051820 -0.00671543
v 0.03431314 0.01828551 -0.00671543
v 0.03512871 0.01683811 -0.00988322
v 0.03625680 0.01419737 -0.01303095
v 0.03506773 0.01670722 -0.00671543
v 0.03730866 0.01104080 -0.00988322
v -0.00800536 0.03845675 -0.00988322
v -0.00484214 0.03897258 -0.00988322
v -0.00168655 0.03924974 -0.00988322
v 0.00146904 0.03912655 -0.00671543
v 0.00462464 0.03861843 -0.00356770
v 0.00146904 0.03865692 -0.00039992
v 0.00719332 0.03814109 -0.00356770
v 0.00919034 0.03784853 -0.00559267
v 0.01094345 0.03717872 -0.00356770
v 0.01076052 0.03753287 -0.00667534
v 0.03717909 0.01104080 -0.00671543
v 0.03693518 0.01104080 -0.00356770
v 0.01634759 0.01044798 0.04334758
v 0.02557046 0.01629148 0.02389980
v 0.02822299 0.01559088 0.01993004
v 0.02784188 0.01440524 0.02195502
v 0.03127950 0.01536761 0.01337393
v 0.03460278 0.01570636 0.00407107
v 0.03483907 0.01615290 -0.00039992
v 0.03473236 0.01594503 0.00196590
v 0.03613484 0.01419737 -0.00671543
v 0.03316980 0.01736163 0.00591560
v 0.03162250 0.01918628 0.00782028
v 0.03044106 0.02034883 0.00896309
v 0.03068497 0.01733084 0.01229127
v 0.03175207 0.01626068 0.01126876
v -0.02008656 0.00471996 0.04334758
v -0.02842525 0.01241891 0.02309782
v -0.02897405 0.01341977 0.02099265
v -0.03119211 0.01753871 0.01237147
v -0.03156560 0.01543690 0.01351428
v -0.02951523 0.01123327 0.02191492
v -0.03108540 0.01107929 0.01854664
v -0.03190860 0.01004764 0.01748403
v -0.03146651 0.00846935 0.01958920
v -0.01943105 0.00638294 0.04334758
v -0.03210678 0.00760707 0.01854664
v -0.03470595 0.00564384 0.01345413
v -0.03510231 0.00788423 0.01124871
v -0.03523188 0.01080213 0.00890295
v -0.03489651 0.00958570 0.01074748
v -0.03706884 0.00471996 0.00591560
v -0.03726701 0.00156340 0.00591560
v -0.03814357 0.00156340 -0.00100139
v -0.03439344 0.01477479 0.00591560
v -0.03187049 0.01926327 0.00820122
v -0.03113114 0.02118031 0.00591560
v -0.02991158 0.02367477 0.00274782
v -0.03030794 0.02367477 -0.00039992
v -0.02868441 0.02544553 0.00274782
v -0.02887496 0.02568419 -0.00039992
v -0.02906552 0.02588437 -0.00356770
v -0.02757919 0.02746265 -0.00356770
v -0.02773163 0.02760893 -0.00671543
v -0.03747281 0.00471996 0.00274782
v -0.03786155 0.00482005 -0.00046006
v -0.03495748 0.01284235 0.00774009
v -0.02599377 0.02894085 -0.00356770
v -0.02578035 0.02873298 -0.00039992
v -0.02262475 0.03185875 -0.00671543
v -0.02064298 0.03320606 -0.00671543
v -0.01860785 0.03450719 -0.00671543
v -0.01872981 0.03457648 -0.00988322
v -0.01715963 0.03532328 -0.01303095
v -0.01715201 0.03531558 -0.00988322
v -0.01703005 0.03526168 -0.00671543
v -0.01432417 0.03643192 -0.00671543
v -0.01150395 0.03755597 -0.00988322
v -0.00992616 0.03798711 -0.00988322
v -0.00993378 0.03798711 -0.01303095
v 0.01094345 0.03685537 -0.00039992
v 0.01094345 0.03652431 0.00274782
v 0.01409904 0.03570822 -0.00039992
v 0.01431246 0.03530018 0.00256738
v 0.01550153 0.03464577 0.00348964
v 0.01697261 0.03401445 0.00256738
v 0.02019681 0.03232069 0.00274782
v 0.02177460 0.03142761 0.00274782
v 0.02193467 0.03153540 0.00076294
v 0.02207949 0.03163548 -0.00134223
v 0.02564668 0.02888695 -0.00356770
v 0.02826872 0.02520686 0.00401092
v 0.02841355 0.02536084 0.00190575
v 0.02877179 0.02575348 -0.00356770
v 0.03055539 0.02344380 -0.00342736
v 0.03143956 0.02204259 -0.00228455
v 0.03239234 0.02080306 -0.00342736
v 0.03413020 0.01800835 -0.00356770
v 0.03624918 0.01419737 -0.00988322
v -0.00980420 0.03795632 -0.00759761
v -0.00824927 0.03824888 -0.00661519
v -0.00484214 0.03882630 -0.00671543
v -0.00168655 0.03909576 -0.00671543
v 0.00492190 0.03827197 -0.00013928
v -0.00168655 0.03851834 -0.00039992
v 0.00146904 0.03825657 0.00274782
v 0.00327551 0.03793322 0.00449211
v 0.00398437 0.03810260 0.00274782
v 0.00877112 0.03774844 -0.00356770
v 0.00664452 0.03800251 -0.00100139
v 0.00773450 0.03764066 -0.00013928
v 0.01544817 0.01178760 0.04334758
v 0.02534942 0.01917089 0.02045132
v 0.02470915 0.01839329 0.02255649
v 0.02172125 0.02176543 0.02283718
v 0.01262033 0.01589113 0.04334758
v 0.01355024 0.01456692 0.04334758
v 0.01501371 0.01242661 0.04334758
v 0.02807055 0.01855497 0.01648157
v 0.02844404 0.02228126 0.01090787
v 0.02869557 0.01644546 0.01782487
v 0.03385580 0.01714606 0.00290821
v 0.03211032 0.01993308 0.00274782
v 0.03088314 0.02111102 0.00591560
v 0.03185116 0.01953274 0.00591560
v 0.03233136 0.02027184 -0.00039992
v 0.02884801 0.02285098 0.00908339
v 0.02898521 0.02044891 0.01207073
v 0.02920626 0.01744632 0.01541896
v -0.02788408 0.01436674 0.02191492
v -0.02837190 0.01552159 0.01986989
v -0.02896643 0.01958663 0.01451674
v -0.02898167 0.01650705 0.01776472
v -0.01927098 0.00667550 0.04334758
v -0.01836394 0.00825378 0.04334758
v -0.01703005 0.01057116 0.04334758
v -0.01587148 0.01256519 0.04334758
v -0.02961432 0.01748482 0.01549915
v -0.03160371 0.01870895 0.01030639
v -0.03200769 0.01660714 0.01140910
v -0.03248027 0.01431285 0.01237147
v -0.03152749 0.01215715 0.01656176
v -0.03451540 0.01168751 0.00984526
v -0.03336444 0.00788423 0.01539891
v -0.03443917 0.00788423 0.01283260
v -0.03088723 0.02039502 0.00918363
v -0.02936278 0.02376716 0.00565496
v -0.02857007 0.02529155 0.00441191
v -0.02735814 0.02726248 -0.00039992
v -0.02379857 0.03016498 -0.00039992
v -0.02358515 0.03071930 -0.00334716
v -0.02556693 0.02855590 0.00176540
v -0.02238846 0.03169707 -0.00424937
v -0.02043718 0.03255165 -0.00039992
v -0.02094024 0.03259015 -0.00334716
v -0.01834869 0.03433781 -0.00356770
v -0.01807429 0.03412994 -0.00039992
v -0.01649650 0.03505381 -0.00039992
v -0.01677090 0.03516160 -0.00356770
v -0.01432417 0.03617016 -0.00356770
v -0.01097802 0.03754827 -0.00661519
v 0.00617195 0.03788703 0.00110378
v 0.00778023 0.03729421 0.00274782
v 0.01094345 0.03599308 0.00591560
v 0.01345115 0.03516930 0.00591560
v 0.01502895 0.03441480 0.00591560
v 0.01726226 0.03330615 0.00591560
v 0.01972423 0.03204353 0.00591560
v 0.02384022 0.02960296 0.00272777
v 0.02130203 0.03113505 0.00591560
v 0.02326093 0.02955677 0.00591560
v 0.02540277 0.02864829 -0.00039992
v 0.02506740 0.02833263 0.00377033
v 0.02812390 0.02503748 0.00591560
v 0.02930535 0.02345920 0.00591560
v 0.03131761 0.02185012 -0.00039992
v -0.00946120 0.03786393 -0.00549243
v -0.00699923 0.03803331 -0.00039992
v -0.00754803 0.03816419 -0.00356770
v -0.00661812 0.03794092 0.00150476
v -0.00484214 0.03828737 -0.00039992
v -0.00484214 0.03802560 0.00198595
v -0.00145026 0.03809489 0.00288816
v -0.00023833 0.03790242 0.00435176
v 0.00146904 0.03793322 0.00447206
v 0.00146904 0.03747898 0.00605595
v 0.00146904 0.03660900 0.00908339
v 0.00146904 0.03566973 0.01223112
v 0.00462464 0.03491523 0.01439644
v 0.00462464 0.03553885 0.01223112
v 0.00634726 0.03478435 0.01393531
v 0.00444933 0.03739429 0.00569506
v 0.00778023 0.03670139 0.00591560
v 0.00556217 0.03777154 0.00274782
v 0.02511313 0.02204259 0.01690260
v 0.02576102 0.02279709 0.01479743
v 0.02236152 0.02253532 0.02073201
v 0.01871048 0.02512987 0.02309782
v 0.01098918 0.01728464 0.04334758
v 0.01571495 0.02527615 0.02648615
v 0.02857361 0.01935566 0.01437639
v 0.02757510 0.02442927 0.00908339
v 0.02665282 0.02359778 0.01207073
v 0.03110419 0.02151136 0.00274782
v -0.02779261 0.01748482 0.01870703
v -0.02832616 0.01861656 0.01662191
v -0.01478912 0.01419737 0.04334758
v -0.02607761 0.02037192 0.01836620
v -0.02768590 0.02059519 0.01549915
v -0.02825756 0.02169614 0.01323358
v -0.02952285 0.02059519 0.01219102
v -0.02878350 0.02232745 0.01112841
v -0.02917223 0.02277399 0.00908339
v -0.02812799 0.02487580 0.00653713
v -0.02703039 0.02618463 0.00565496
v -0.02522392 0.02830183 0.00387058
v -0.02202260 0.03143531 -0.00039992
v -0.02402724 0.02941818 0.00278792
v -0.02162624 0.03115045 0.00274782
v -0.02004845 0.03228219 0.00274782
v -0.01773130 0.03386048 0.00274782
v -0.01615350 0.03487674 0.00274782
v -0.01432417 0.03589300 -0.00039992
v -0.01116095 0.03720952 -0.00356770
v -0.00912582 0.03777924 -0.00356770
v 0.00778023 0.03585450 0.00908339
v 0.01082149 0.03516160 0.00900319
v 0.01288711 0.03489983 0.00788043
v 0.01919830 0.03176636 0.00794058
v 0.02031876 0.03058073 0.00902324
v 0.02262067 0.02894855 0.00908339
v 0.02484635 0.02814016 0.00591560
v 0.02419847 0.02759353 0.00908339
v 0.02598969 0.02601525 0.00908339
v 0.02653848 0.02656187 0.00591560
v -0.00857702 0.03763296 -0.00039992
v -0.01116095 0.03646272 0.00274782
v -0.00780718 0.03744048 0.00264757
v -0.00484214 0.03777154 0.00356984
v -0.01116095 0.03689386 -0.00039992
v -0.00234206 0.03784083 0.00405102
v -0.00145026 0.03747128 0.00561486
v -0.00168655 0.03640883 0.00908339
v 0.00146904 0.03496143 0.01453679
v 0.00146904 0.03444560 0.01612068
v 0.00462464 0.03435321 0.01598034
v 0.00765065 0.03218981 0.01858674
v 0.00755157 0.03382968 0.01515831
v 0.00968578 0.03485364 0.01094797
v 0.00755157 0.03503841 0.01209078
v 0.02481587 0.02490660 0.01323358
v 0.02207949 0.02533004 0.01710310
v 0.01932788 0.02569190 0.02099265
v 0.01867237 0.02831723 0.01678230
v 0.01749855 0.02650798 0.02191492
v 0.01639333 0.02571499 0.02486216
v 0.00889307 0.01880134 0.04334758
v 0.01567684 0.02841732 0.02013054
v 0.01441917 0.02810166 0.02195502
v 0.01223160 0.02834803 0.02315798
v 0.02543326 0.02549942 0.01112841
v -0.01324182 0.01624529 0.04334758
v -0.02202260 0.02499899 0.01970950
v -0.02276195 0.02289718 0.02099265
v -0.02551357 0.02227356 0.01718329
v -0.02507910 0.02497589 0.01315339
v -0.02757157 0.02435228 0.00908339
v -0.02250280 0.02550712 0.01760432
v -0.02555168 0.02541473 0.01104821
v -0.02599377 0.02579968 0.00908339
v -0.02478184 0.02797078 0.00591560
v -0.02320404 0.02913332 0.00591560
v -0.01944629 0.03185875 0.00591560
v -0.01592483 0.03474585 0.00437181
v -0.01432417 0.03550035 0.00274782
v 0.01400758 0.03389127 0.00900319
v 0.01727750 0.03228219 0.00902324
v 0.01179713 0.03444560 0.00998560
v 0.01833699 0.03132752 0.01006580
v 0.01935074 0.02877147 0.01467713
v 0.02210236 0.02850201 0.01082767
v 0.02040261 0.02613843 0.01832610
v 0.02259018 0.02576888 0.01539891
v -0.00800536 0.03657820 0.00591560
v -0.00484214 0.03714793 0.00591560
v -0.00103866 0.03484594 0.01413580
v -0.00193046 0.03435321 0.01527861
v -0.00484214 0.03289811 0.01854664
v -0.00484214 0.03196653 0.02105279
v -0.00484214 0.03127363 0.02263669
v 0.00146904 0.03335234 0.01854664
v 0.00462464 0.03304439 0.01854664
v 0.00650732 0.03166628 0.02027087
v 0.00861867 0.03136602 0.01966940
v 0.01000592 0.03182796 0.01756422
v 0.01082149 0.03390667 0.01209078
v 0.02041023 0.02750115 0.01559940
v 0.01747568 0.02942588 0.01559940
v 0.00864916 0.01887063 0.04334758
v 0.01210965 0.03141221 0.01660186
v 0.01101205 0.03097337 0.01858674
v 0.01623326 0.03185105 0.01130885
v -0.01116095 0.01752331 0.04334758
v -0.01914903 0.02533004 0.02337851
v -0.01976643 0.02579198 0.02171442
v -0.02083354 0.02642330 0.01860679
v -0.02062011 0.02768592 0.01569964
v -0.02299824 0.02592286 0.01539891
v -0.02214455 0.02836343 0.01048683
v -0.02174058 0.02806317 0.01223112
v -0.01907280 0.03158159 0.00751954
v -0.01905756 0.02841732 0.01696275
v -0.01551323 0.03140451 0.01337393
v -0.01340950 0.03186645 0.01455684
v -0.01130577 0.03114275 0.01874713
v -0.00933925 0.03150460 0.01995009
v -0.01267015 0.03471506 0.00743935
v -0.01432417 0.03499222 0.00509358
v -0.01143535 0.03550035 0.00619629
v -0.01836394 0.02810937 0.01854664
v -0.01056642 0.03503072 0.00838166
v -0.00937736 0.03467656 0.01048683
v -0.00800536 0.03339084 0.01539891
v -0.00727363 0.03495373 0.01130885
v -0.00484214 0.03611627 0.00908339
v -0.00484214 0.03516160 0.01191033
v -0.00484214 0.03397596 0.01539891
v -0.00722789 0.03177406 0.02071196
v -0.00817305 0.03113505 0.02175452
v -0.00808158 0.02944128 0.02504260
v -0.00707545 0.02868678 0.02682699
v -0.00168655 0.02035652 0.04334758
v 0.00146904 0.02055669 0.04334758
v -0.00168655 0.03209742 0.02103275
v 0.00462464 0.01996388 0.04334758
v -0.00846269 0.01863196 0.04334758
v -0.01116095 0.02891005 0.02400004
v -0.01295217 0.02850971 0.02341861
v -0.01505590 0.02797848 0.02237605
v -0.01724347 0.02731637 0.02147383
v -0.01603154 0.02847121 0.02027087
v -0.01432417 0.02990322 0.01854664
v -0.01116095 0.03003410 0.02171442
v -0.00658763 0.01916319 0.04334758
v -0.00435432 0.01974061 0.04334758
v -0.01413361 0.02881767 0.02147383
f 1 2 3
f 1 3 4
f 1 4 5
f 1 5 6
f 1 6 7
f 1 7 8
f 1 8 9
f 1 9 10
f 1 10 11
f 1 11 12
f 1 12 13
f 1 13 2
f 2 14 15
f 2 15 16
f 2 16 3
f 2 13 17
f 2 17 14
f 3 16 15
f 3 15 18
f 3 18 19
f 3 19 4
f 4 19 20
f 4 20 21
f 4 21 22
f 4 22 5
f 5 23 24
f 5 24 6
f 5 22 23
f 6 25 26
f 6 26 7
f 6 24 25
f 7 26 27
f 7 27 28
f 7 28 29
f 7 29 8
f 8 29 30
f 8 30 9
f 9 30 31
f 9 31 10
f 10 31 32
f 10 32 11
f 11 32 12
f 12 33 34
f 12 34 35
f 12 35 36
f 12 36 13
f 12 32 33
f 13 36 37
f 13 37 38
f 13 38 17
f 14 39 40
f 14 40 15
f 14 17 41
f 14 41 39
f 15 40 42
f 15 42 43
f 15 43 18
f 17 38 41
f 18 44 19
f 18 43 45
f 18 45 46
f 18 46 21
f 18 21 44
f 19 44 21
f 19 21 20
f 21 46 47
f 21 47 48
f 21 48 22
f 22 49 23
f 22 48 49
f 23 49 24
f 24 49 50
f 24 50 51
f 24 51 52
f 24 52 53
f 24 53 25
f 25 54 55
f 25 55 26
f 25 53 54
f 26 55 56
f 26 56 57
f 26 57 27
f 27 57 58
f 27 58 59
f 27 59 60
f 27 60 61
f 27 61 28
f 28 61 62
f 28 62 29
f 29 62 30
f 30 62 31
f 31 62 32
f 32 62 33
f 33 63 64
f 33 64 65
f 33 65 66
f 33 66 34
f 33 62 67
f 33 67 63
f 34 66 68
f 34 68 35
f 35 69 36
f 35 68 69
f 36 69 70
f 36 70 71
f 36 71 37
f 37 71 72
f 37 72 73
f 37 73 74
f 37 74 75
f 37 75 38
f 38 76 77
f 38 77 41
f 38 75 74
f 38 74 78
f 38 78 79
f 38 79 76
f 39 80 81
f 39 81 40
f 39 41 80
f 40 82 83
f 40 83 42
f 40 81 82
f 41 77 80
f 42 84 43
f 42 83 85
f 42 85 86
f 42 86 84
f 43 84 87
f 43 87 88
f 43 88 89
f 43 89 90
f 43 90 45
f 45 90 91
f 45 91 92
f 45 92 47
f 45 47 46
f 47 93 48
f 47 92 94
f 47 94 95
f 47 95 96
f 47 96 93
f 48 93 97
f 48 97 49
f 49 98 99
f 49 99 50
f 49 97 98
f 50 99 100
f 50 100 51
f 51 100 52
f 52 100 53
f 53 101 54
f 53 100 101
f 54 102 103
f 54 103 104
f 54 104 55
f 54 101 102
f 55 104 56
f 56 104 105
f 56 105 57
f 57 105 106
f 57 106 58
f 58 106 59
f 59 106 60
f 60 106 61
f 61 106 107
f 61 107 108
f 61 108 62
f 62 108 109
f 62 109 67
f 63 110 111
f 63 111 112
f 63 112 64
f 63 67 110
f 64 112 113
f 64 113 68
f 64 68 65
f 65 68 66
f 67 109 114
f 67 114 110
f 68 113 115
f 68 115 69
f 69 115 113
f 69 113 116
f 69 116 117
f 69 117 118
f 69 118 119
f 69 119 120
f 69 120 70
f 70 120 71
f 71 120 121
f 71 121 122
f 71 122 72
f 72 123 73
f 72 122 124
f 72 124 125
f 72 125 123
f 73 123 126
f 73 126 127
f 73 127 74
f 74 79 78
f 74 127 128
f 74 128 79
f 76 79 129
f 76 129 130
f 76 130 131
f 76 131 132
f 76 132 133
f 76 133 134
f 76 134 80
f 76 80 77
f 79 128 135
f 79 135 136
f 79 136 137
f 79 137 129
f 80 138 81
f 80 134 139
f 80 139 138
f 81 138 85
f 81 85 82
f 82 85 83
f 84 140 141
f 84 141 87
f 84 86 140
f 85 142 86
f 85 138 143
f 85 143 142
f 86 142 140
f 87 141 88
f 88 144 89
f 88 141 145
f 88 145 144
f 89 144 146
f 89 146 147
f 89 147 148
f 89 148 90
f 90 148 149
f 90 149 150
f 90 150 91
f 91 150 151
f 91 151 152
f 91 152 92
f 92 152 94
f 93 153 97
f 93 96 154
f 93 154 155
f 93 155 153
f 94 152 156
f 94 156 157
f 94 157 158
f 94 158 95
f 95 159 96
f 95 158 159
f 96 159 154
f 97 153 160
f 97 160 161
f 97 161 98
f 98 162 163
f 98 163 99
f 98 161 164
f 98 164 162
f 99 163 165
f 99 165 101
f 99 101 100
f 101 165 166
f 101 166 102
f 102 167 103
f 102 166 167
f 103 105 104
f 103 167 168
f 103 168 169
f 103 169 106
f 103 106 105
f 106 170 107
f 106 169 171
f 106 171 172
f 106 172 170
f 107 170 173
f 107 173 108
f 108 173 109
f 109 174 175
f 109 175 114
f 109 173 174
f 110 176 178
f 110 178 111
f 110 114 177
f 110 177 265
f 110 265 176
f 111 178 179
f 111 179 112
f 112 179 113
f 113 179 116
f 114 175 177
f 116 179 180
f 116 180 117
f 117 180 181
f 117 181 182
f 117 182 183
f 117 183 118
f 118 183 119
f 119 184 185
f 119 185 186
f 119 186 187
f 119 187 188
f 119 188 189
f 119 189 121
f 119 121 120
f 119 183 182
f 119 182 181
f 119 181 190
f 119 190 184
f 121 124 122
f 121 189 124
f 123 125 126
f 124 189 191
f 124 191 125
f 125 191 192
f 125 192 193
f 125 193 126
f 126 193 194
f 126 194 195
f 126 195 127
f 127 195 128
f 128 195 196
f 128 196 135
f 129 137 197
f 129 197 198
f 129 198 130
f 130 198 131
f 131 198 132
f 132 198 133
f 133 198 134
f 134 198 139
f 135 196 136
f 136 199 200
f 136 200 201
f 136 201 137
f 136 196 202
f 136 202 203
f 136 203 204
f 136 204 199
f 137 201 197
f 138 205 206
f 138 206 207
f 138 207 143
f 138 139 208
f 138 208 205
f 139 198 209
f 139 209 210
f 139 210 208
f 140 211 145
f 140 145 141
f 140 142 211
f 142 212 213
f 142 213 214
f 142 214 211
f 142 143 212
f 143 207 210
f 143 210 215
f 143 215 216
f 143 216 217
f 143 217 218
f 143 218 212
f 144 219 220
f 144 220 146
f 144 145 219
f 145 211 221
f 145 221 222
f 145 222 219
f 146 223 147
f 146 220 224
f 146 224 225
f 146 225 226
f 146 226 227
f 146 227 223
f 147 228 149
f 147 149 148
f 147 223 227
f 147 227 228
f 149 228 150
f 150 228 227
f 150 227 156
f 150 156 229
f 150 229 151
f 151 229 152
f 152 229 156
f 153 155 230
f 153 230 160
f 154 159 231
f 154 231 232
f 154 232 155
f 155 232 233
f 155 233 234
f 155 234 230
f 156 227 157
f 157 227 235
f 157 235 236
f 157 236 158
f 158 236 237
f 158 237 238
f 158 238 159
f 159 239 231
f 159 238 239
f 160 230 233
f 160 233 240
f 160 240 161
f 161 240 241
f 161 241 242
f 161 242 164
f 162 243 244
f 162 244 163
f 162 164 243
f 163 244 245
f 163 245 165
f 164 242 241
f 164 241 246
f 164 246 247
f 164 247 248
f 164 248 249
f 164 249 250
f 164 250 243
f 165 251 166
f 165 245 251
f 166 251 252
f 166 252 167
f 167 253 254
f 167 254 255
f 167 255 256
f 167 256 257
f 167 257 168
f 167 252 253
f 168 257 258
f 168 258 169
f 169 258 171
f 170 172 259
f 170 259 260
f 170 260 261
f 170 261 173
f 171 258 259
f 171 259 172
f 173 261 262
f 173 262 174
f 174 177 175
f 174 262 177
f 176 263 264
f 176 264 178
f 176 265 266
f 176 266 267
f 176 267 263
f 177 268 269
f 177 269 265
f 177 262 268
f 178 270 271
f 178 271 179
f 178 264 270
f 179 272 180
f 179 271 272
f 180 273 190
f 180 190 181
f 180 272 273
f 184 274 275
f 184 275 276
f 184 276 185
f 184 190 273
f 184 273 277
f 184 277 274
f 185 276 186
f 186 276 278
f 186 278 187
f 187 278 188
f 188 278 279
f 188 279 280
f 188 280 281
f 188 281 189
f 189 281 191
f 191 281 282
f 191 282 192
f 192 282 281
f 192 281 280
f 192 280 283
f 192 283 284
f 192 284 194
f 192 194 193
f 194 196 195
f 194 284 196
f 196 284 285
f 196 285 202
f 197 286 198
f 197 201 286
f 198 286 287
f 198 287 288
f 198 288 289
f 198 289 290
f 198 290 209
f 199 204 291
f 199 291 292
f 199 292 293
f 199 293 294
f 199 294 200
f 200 294 293
f 200 293 295
f 200 295 286
f 200 286 201
f 202 285 203
f 203 285 204
f 204 285 296
f 204 296 297
f 204 297 298
f 204 298 291
f 205 210 206
f 205 208 210
f 206 210 207
f 209 290 210
f 210 299 300
f 210 300 215
f 210 290 299
f 211 214 301
f 211 301 302
f 211 302 221
f 212 301 213
f 212 218 301
f 213 301 214
f 215 300 216
f 216 300 217
f 217 300 218
f 218 300 303
f 218 303 304
f 218 304 305
f 218 305 306
f 218 306 301
f 219 307 308
f 219 308 220
f 219 222 309
f 219 309 310
f 219 310 307
f 220 308 311
f 220 311 224
f 221 302 301
f 221 301 309
f 221 309 222
f 224 312 313
f 224 313 225
f 224 311 314
f 224 314 315
f 224 315 316
f 224 316 312
f 225 313 226
f 226 317 318
f 226 318 319
f 226 319 227
f 226 313 312
f 226 312 317
f 227 319 320
f 227 320 235
f 230 234 233
f 231 239 321
f 231 321 232
f 232 321 233
f 233 321 322
f 233 322 323
f 233 323 240
f 235 320 324
f 235 324 325
f 235 325 326
f 235 326 327
f 235 327 236
f 236 328 329
f 236 329 237
f 236 327 330
f 236 330 331
f 236 331 332
f 236 332 333
f 236 333 328
f 237 329 334
f 237 334 238
f 238 334 239
f 239 334 329
f 239 329 321
f 240 323 335
f 240 335 336
f 240 336 241
f 241 336 246
f 243 250 244
f 244 337 245
f 244 250 337
f 245 337 251
f 246 336 247
f 247 336 248
f 248 336 249
f 249 336 338
f 249 338 339
f 249 339 340
f 249 340 341
f 249 341 342
f 249 342 343
f 249 343 250
f 250 343 337
f 251 337 344
f 251 344 252
f 252 344 337
f 252 337 345
f 252 345 346
f 252 346 347
f 252 347 253
f 253 347 348
f 253 348 349
f 253 349 350
f 253 350 254
f 254 350 351
f 254 351 255
f 255 351 256
f 256 351 257
f 257 351 352
f 257 352 353
f 257 353 354
f 257 354 355
f 257 355 356
f 257 356 261
f 257 261 260
f 257 260 259
f 257 259 258
f 261 356 357
f 261 357 262
f 262 357 268
f 263 358 264
f 263 267 358
f 264 358 270
f 265 269 355
f 265 355 266
f 266 355 267
f 267 359 360
f 267 360 361
f 267 361 362
f 267 362 363
f 267 363 358
f 267 355 354
f 267 354 353
f 267 353 352
f 267 352 351
f 267 351 359
f 268 355 269
f 268 357 355
f 270 358 364
f 270 364 365
f 270 365 366
f 270 366 367
f 270 367 271
f 271 367 273
f 271 273 272
f 273 368 369
f 273 369 277
f 273 367 366
f 273 366 368
f 274 370 371
f 274 371 275
f 274 277 369
f 274 369 370
f 275 371 276
f 276 371 372
f 276 372 278
f 278 372 373
f 278 373 374
f 278 374 279
f 279 374 375
f 279 375 280
f 280 375 376
f 280 376 377
f 280 377 378
f 280 378 379
f 280 379 380
f 280 380 283
f 283 381 284
f 283 380 381
f 284 381 382
f 284 382 383
f 284 383 384
f 284 384 385
f 284 385 285
f 285 385 296
f 286 295 386
f 286 386 387
f 286 387 287
f 287 387 288
f 288 387 289
f 289 387 290
f 290 387 299
f 291 388 389
f 291 389 390
f 291 390 292
f 291 298 297
f 291 297 391
f 291 391 392
f 291 392 393
f 291 393 394
f 291 394 388
f 292 390 293
f 293 390 395
f 293 395 396
f 293 396 386
f 293 386 295
f 296 385 297
f 297 385 397
f 297 397 398
f 297 398 393
f 297 393 392
f 297 392 391
f 299 387 399
f 299 399 300
f 300 400 303
f 300 399 401
f 300 401 402
f 300 402 403
f 300 403 400
f 301 404 309
f 301 306 404
f 303 400 304
f 304 400 405
f 304 405 305
f 305 405 306
f 306 405 406
f 306 406 407
f 306 407 404
f 307 310 407
f 307 407 408
f 307 408 409
f 307 409 308
f 308 410 311
f 308 409 411
f 308 411 410
f 309 404 407
f 309 407 310
f 311 410 412
f 311 412 413
f 311 413 314
f 312 316 414
f 312 414 415
f 312 415 416
f 312 416 317
f 314 413 417
f 314 417 418
f 314 418 315
f 315 419 420
f 315 420 421
f 315 421 422
f 315 422 423
f 315 423 424
f 315 424 425
f 315 425 426
f 315 426 427
f 315 427 428
f 315 428 316
f 315 418 429
f 315 429 419
f 316 428 414
f 317 416 415
f 317 415 414
f 317 414 430
f 317 430 320
f 317 320 318
f 318 320 319
f 320 427 426
f 320 426 425
f 320 425 424
f 320 424 423
f 320 423 511
f 320 511 605
f 320 605 699
f 320 699 796
f 320 796 915
f 320 915 919
f 320 919 918
f 320 918 1054
f 320 1054 1166
f 320 1166 1259
f 320 1259 1339
f 320 1339 1433
f 320 1433 1522
f 320 1522 1528
f 320 1528 1527
f 320 1527 1526
f 320 1526 1609
f 320 1609 1667
f 320 1667 1709
f 320 1709 1745
f 320 1745 1743
f 320 1743 1742
f 320 1742 1755
f 320 1755 1754
f 320 1754 1746
f 320 1746 1713
f 320 1713 1672
f 320 1672 1617
f 320 1617 1547
f 320 1547 1546
f 320 1546 1545
f 320 1545 1544
f 320 1544 1456
f 320 1456 1447
f 320 1447 1350
f 320 1350 1269
f 320 1269 1176
f 320 1176 1180
f 320 1180 1068
f 320 1068 932
f 320 932 806
f 320 806 705
f 320 705 611
f 320 611 610
f 320 610 517
f 320 517 516
f 320 516 515
f 320 515 434
f 320 434 333
f 320 333 332
f 320 332 331
f 320 331 330
f 320 330 327
f 320 327 326
f 320 326 325
f 320 325 324
f 320 430 414
f 320 414 427
f 321 329 431
f 321 431 322
f 322 431 432
f 322 432 433
f 322 433 323
f 323 433 335
f 328 333 431
f 328 431 329
f 333 434 433
f 333 433 432
f 333 432 431
f 335 435 436
f 335 436 437
f 335 437 338
f 335 338 438
f 335 438 336
f 335 433 435
f 336 438 338
f 337 343 345
f 338 439 340
f 338 340 339
f 338 437 439
f 340 439 440
f 340 440 441
f 340 441 442
f 340 442 341
f 341 442 342
f 342 443 444
f 342 444 445
f 342 445 345
f 342 345 343
f 342 442 443
f 345 445 348
f 345 348 346
f 346 348 347
f 348 445 444
f 348 444 446
f 348 446 447
f 348 447 448
f 348 448 349
f 349 448 449
f 349 449 450
f 349 450 451
f 349 451 452
f 349 452 360
f 349 360 453
f 349 453 351
f 349 351 350
f 351 453 359
f 355 357 356
f 358 363 362
f 358 362 365
f 358 365 364
f 359 453 360
f 360 454 361
f 360 452 537
f 360 537 454
f 361 454 362
f 362 455 365
f 362 454 456
f 362 456 455
f 365 457 366
f 365 455 457
f 366 457 458
f 366 458 459
f 366 459 460
f 366 460 368
f 368 460 461
f 368 461 462
f 368 462 463
f 368 463 369
f 369 463 464
f 369 464 370
f 370 464 465
f 370 465 371
f 371 465 373
f 371 373 372
f 373 375 374
f 373 465 466
f 373 466 375
f 375 466 376
f 376 467 468
f 376 468 469
f 376 469 470
f 376 470 377
f 376 466 471
f 376 471 467
f 377 470 472
f 377 472 473
f 377 473 474
f 377 474 475
f 377 475 476
f 377 476 477
f 377 477 378
f 378 477 379
f 379 477 380
f 380 477 381
f 381 477 382
f 382 478 394
f 382 394 383
f 382 477 478
f 383 394 384
f 384 394 393
f 384 393 398
f 384 398 385
f 385 398 397
f 386 396 395
f 386 395 479
f 386 479 480
f 386 480 399
f 386 399 387
f 388 481 482
f 388 482 483
f 388 483 484
f 388 484 485
f 388 485 486
f 388 486 389
f 388 394 481
f 389 486 487
f 389 487 395
f 389 395 390
f 394 478 488
f 394 488 481
f 395 487 489
f 395 489 490
f 395 490 479
f 399 480 401
f 400 403 480
f 400 480 491
f 400 491 492
f 400 492 405
f 401 480 402
f 402 480 403
f 405 492 406
f 406 492 493
f 406 493 407
f 407 494 495
f 407 495 496
f 407 496 497
f 407 497 409
f 407 409 408
f 407 493 494
f 409 497 498
f 409 498 499
f 409 499 411
f 410 500 501
f 410 501 417
f 410 417 413
f 410 413 412
f 410 411 500
f 411 499 500
f 414 428 427
f 417 501 502
f 417 502 418
f 418 502 429
f 419 503 420
f 419 429 504
f 419 504 505
f 419 505 506
f 419 506 507
f 419 507 508
f 419 508 503
f 420 503 509
f 420 509 421
f 421 509 510
f 421 510 422
f 422 510 423
f 423 510 511
f 429 502 501
f 429 501 500
f 429 500 512
f 429 512 504
f 433 513 514
f 433 514 435
f 433 434 515
f 433 515 516
f 433 516 517
f 433 517 513
f 435 518 436
f 435 514 518
f 436 518 519
f 436 519 520
f 436 520 521
f 436 521 522
f 436 522 439
f 436 439 437
f 439 522 521
f 439 521 440
f 440 521 520
f 440 520 523
f 440 523 441
f 441 524 442
f 441 523 525
f 441 525 524
f 442 524 526
f 442 526 527
f 442 527 443
f 443 527 444
f 444 527 528
f 444 528 529
f 444 529 530
f 444 530 531
f 444 531 446
f 446 531 447
f 447 532 449
f 447 449 448
f 447 531 530
f 447 530 533
f 447 533 532
f 449 532 534
f 449 534 535
f 449 535 451
f 449 451 450
f 451 535 536
f 451 536 537
f 451 537 452
f 454 538 456
f 454 537 536
f 454 536 538
f 455 539 540
f 455 540 457
f 455 456 539
f 456 538 539
f 457 540 458
f 458 540 541
f 458 541 542
f 458 542 543
f 458 543 544
f 458 544 545
f 458 545 546
f 458 546 459
f 459 546 460
f 460 546 461
f 461 546 462
f 462 546 545
f 462 545 547
f 462 547 548
f 462 548 463
f 463 548 464
f 464 548 466
f 464 466 465
f 466 548 471
f 467 471 549
f 467 549 550
f 467 550 551
f 467 551 468
f 468 551 552
f 468 552 553
f 468 553 469
f 469 553 470
f 470 554 555
f 470 555 472
f 470 553 554
f 471 548 556
f 471 556 549
f 472 557 473
f 472 555 558
f 472 558 559
f 472 559 557
f 473 557 560
f 473 560 561
f 473 561 562
f 473 562 563
f 473 563 474
f 474 563 475
f 475 563 564
f 475 564 476
f 476 564 565
f 476 565 566
f 476 566 478
f 476 478 477
f 478 566 567
f 478 567 568
f 478 568 569
f 478 569 488
f 479 491 480
f 479 490 580
f 479 580 570
f 479 570 492
f 479 492 491
f 481 488 483
f 481 483 482
f 483 488 569
f 483 569 571
f 483 571 484
f 484 571 572
f 484 572 573
f 484 573 574
f 484 574 575
f 484 575 485
f 485 575 486
f 486 575 576
f 486 576 487
f 487 576 489
f 489 576 577
f 489 577 578
f 489 578 678
f 489 678 579
f 489 579 580
f 489 580 490
f 492 570 494
f 492 494 493
f 494 570 581
f 494 581 582
f 494 582 583
f 494 583 495
f 495 583 584
f 495 584 585
f 495 585 496
f 496 585 498
f 496 498 497
f 498 585 584
f 498 584 586
f 498 586 587
f 498 587 499
f 499 588 500
f 499 587 588
f 500 588 505
f 500 505 512
f 503 508 509
f 504 512 505
f 505 507 506
f 505 588 507
f 507 588 589
f 507 589 590
f 507 590 591
f 507 591 592
f 507 592 593
f 507 593 594
f 507 594 595
f 507 595 596
f 507 596 597
f 507 597 508
f 508 597 598
f 508 598 599
f 508 599 600
f 508 600 509
f 509 600 599
f 509 599 601
f 509 601 602
f 509 602 510
f 510 602 603
f 510 603 604
f 510 604 511
f 511 604 603
f 511 603 606
f 511 606 605
f 513 607 608
f 513 608 609
f 513 609 518
f 513 518 514
f 513 517 610
f 513 610 611
f 513 611 607
f 518 612 519
f 518 609 612
f 519 612 520
f 520 612 523
f 523 612 525
f 524 525 613
f 524 613 614
f 524 614 615
f 524 615 526
f 525 612 616
f 525 616 608
f 525 608 617
f 525 617 613
f 526 615 618
f 526 618 619
f 526 619 527
f 527 619 529
f 527 529 528
f 529 619 620
f 529 620 621
f 529 621 622
f 529 622 533
f 529 533 530
f 532 533 623
f 532 623 534
f 533 622 624
f 533 624 623
f 534 623 535
f 535 625 536
f 535 623 625
f 536 625 626
f 536 626 627
f 536 627 538
f 538 627 628
f 538 628 539
f 539 629 630
f 539 630 540
f 539 628 629
f 540 630 541
f 541 630 542
f 542 631 632
f 542 632 633
f 542 633 543
f 542 630 634
f 542 634 631
f 543 633 632
f 543 632 635
f 543 635 636
f 543 636 544
f 544 636 547
f 544 547 545
f 547 636 637
f 547 637 548
f 548 637 556
f 549 638 550
f 549 556 639
f 549 639 640
f 549 640 641
f 549 641 638
f 550 638 642
f 550 642 551
f 551 642 643
f 551 643 552
f 552 644 553
f 552 643 644
f 553 645 646
f 553 646 554
f 553 644 643
f 553 643 647
f 553 647 645
f 554 648 649
f 554 649 555
f 554 646 648
f 555 649 650
f 555 650 655
f 555 655 558
f 556 637 635
f 556 635 651
f 556 651 639
f 557 652 560
f 557 559 653
f 557 653 652
f 558 654 559
f 558 655 656
f 558 656 654
f 559 654 657
f 559 657 658
f 559 658 653
f 560 652 659
f 560 659 561
f 561 659 562
f 562 659 660
f 562 660 661
f 562 661 563
f 563 661 662
f 563 662 663
f 563 663 664
f 563 664 564
f 564 664 663
f 564 663 565
f 565 663 566
f 566 663 567
f 567 663 665
f 567 665 568
f 568 665 666
f 568 666 667
f 568 667 569
f 569 667 572
f 569 572 571
f 570 580 581
f 572 668 669
f 572 669 670
f 572 670 671
f 572 671 672
f 572 672 573
f 572 667 668
f 573 575 574
f 573 672 673
f 573 673 575
f 575 673 674
f 575 674 675
f 575 675 676
f 575 676 576
f 576 676 577
f 577 677 578
f 577 676 677
f 578 677 778
f 578 778 678
f 579 678 679
f 579 679 581
f 579 581 580
f 581 679 582
f 582 680 681
f 582 681 584
f 582 584 583
f 582 679 680
f 584 682 586
f 584 681 683
f 584 683 684
f 584 684 682
f 586 682 685
f 586 685 587
f 587 685 590
f 587 590 589
f 587 589 588
f 590 685 682
f 590 682 591
f 591 682 686
f 591 686 687
f 591 687 592
f 592 687 688
f 592 688 689
f 592 689 593
f 593 690 594
f 593 689 690
f 594 690 691
f 594 691 692
f 594 692 693
f 594 693 694
f 594 694 595
f 595 694 596
f 596 694 695
f 596 695 696
f 596 696 697
f 596 697 599
f 596 599 598
f 596 598 597
f 599 697 698
f 599 698 601
f 601 698 602
f 602 698 696
f 602 696 606
f 602 606 603
f 605 606 699
f 606 700 701
f 606 701 699
f 606 696 695
f 606 695 693
f 606 693 692
f 606 692 702
f 606 702 700
f 607 703 608
f 607 611 703
f 608 703 704
f 608 704 617
f 608 616 612
f 608 612 609
f 611 705 703
f 613 706 707
f 613 707 614
f 613 617 708
f 613 708 706
f 614 707 615
f 615 707 709
f 615 709 710
f 615 710 618
f 617 704 711
f 617 711 708
f 618 710 620
f 618 620 619
f 620 710 712
f 620 712 621
f 621 712 713
f 621 713 622
f 622 714 715
f 622 715 624
f 622 713 714
f 623 624 716
f 623 716 625
f 624 715 717
f 624 717 716
f 625 716 718
f 625 718 719
f 625 719 626
f 626 719 720
f 626 720 627
f 627 720 628
f 628 720 721
f 628 721 629
f 629 722 630
f 629 721 722
f 630 722 723
f 630 723 724
f 630 724 634
f 631 634 724
f 631 724 725
f 631 725 726
f 631 726 727
f 631 727 635
f 631 635 632
f 635 727 651
f 635 637 636
f 638 641 639
f 638 639 642
f 639 641 640
f 639 651 728
f 639 728 729
f 639 729 730
f 639 730 642
f 642 730 731
f 642 731 643
f 643 731 732
f 643 732 647
f 645 647 733
f 645 733 646
f 646 734 735
f 646 735 736
f 646 736 648
f 646 733 734
f 647 732 737
f 647 737 738
f 647 738 739
f 647 739 733
f 648 736 649
f 649 736 740
f 649 740 741
f 649 741 742
f 649 742 743
f 649 743 650
f 650 743 744
f 650 744 655
f 651 727 728
f 652 653 659
f 653 745 659
f 653 658 746
f 653 746 747
f 653 747 748
f 653 748 749
f 653 749 745
f 654 656 657
f 655 744 750
f 655 750 656
f 656 751 657
f 656 750 752
f 656 752 753
f 656 753 754
f 656 754 751
f 657 751 755
f 657 755 746
f 657 746 658
f 659 745 660
f 660 745 756
f 660 756 661
f 661 756 757
f 661 757 758
f 661 758 759
f 661 759 662
f 662 759 760
f 662 760 761
f 662 761 663
f 663 761 762
f 663 762 763
f 663 763 669
f 663 669 764
f 663 764 765
f 663 765 766
f 663 766 665
f 665 766 765
f 665 765 666
f 666 765 668
f 666 668 667
f 668 765 669
f 669 763 767
f 669 767 768
f 669 768 769
f 669 769 770
f 669 770 670
f 669 765 764
f 670 770 771
f 670 771 772
f 670 772 671
f 671 772 773
f 671 773 672
f 672 773 673
f 673 773 774
f 673 774 775
f 673 775 776
f 673 776 777
f 673 777 674
f 674 777 675
f 675 777 676
f 676 777 677
f 677 777 905
f 677 905 778
f 678 778 779
f 678 779 780
f 678 780 781
f 678 781 679
f 679 781 680
f 680 781 780
f 680 780 684
f 680 684 683
f 680 683 681
f 682 684 686
f 684 782 686
f 684 780 783
f 684 783 784
f 684 784 782
f 686 782 785
f 686 785 687
f 687 785 786
f 687 786 787
f 687 787 788
f 687 788 789
f 687 789 688
f 688 789 790
f 688 790 791
f 688 791 689
f 689 792 690
f 689 791 793
f 689 793 792
f 690 792 794
f 690 794 691
f 691 794 795
f 691 795 692
f 692 795 702
f 693 695 694
f 696 698 697
f 699 701 796
f 700 797 701
f 700 702 797
f 701 797 796
f 702 795 798
f 702 798 799
f 702 799 800
f 702 800 801
f 702 801 802
f 702 802 797
f 703 705 704
f 704 803 804
f 704 804 805
f 704 805 711
f 704 705 803
f 705 806 803
f 706 807 808
f 706 808 809
f 706 809 707
f 706 708 711
f 706 711 807
f 707 810 811
f 707 811 812
f 707 812 813
f 707 813 709
f 707 809 808
f 707 808 814
f 707 814 810
f 709 813 712
f 709 712 710
f 711 805 807
f 712 815 713
f 712 813 815
f 713 815 714
f 714 815 816
f 714 816 715
f 715 817 717
f 715 816 818
f 715 818 817
f 716 819 718
f 716 717 819
f 717 817 820
f 717 820 819
f 718 821 822
f 718 822 823
f 718 823 719
f 718 819 820
f 718 820 824
f 718 824 821
f 719 823 825
f 719 825 720
f 720 825 721
f 721 825 722
f 722 825 723
f 723 826 724
f 723 825 826
f 724 826 725
f 725 826 827
f 725 827 726
f 726 828 727
f 726 827 829
f 726 829 830
f 726 830 831
f 726 831 828
f 727 828 728
f 728 828 832
f 728 832 833
f 728 833 729
f 729 833 834
f 729 834 730
f 730 834 731
f 731 834 732
f 732 834 835
f 732 835 836
f 732 836 837
f 732 837 838
f 732 838 737
f 733 739 839
f 733 839 840
f 733 840 841
f 733 841 842
f 733 842 740
f 733 740 734
f 734 740 735
f 735 740 736
f 737 843 844
f 737 844 845
f 737 845 738
f 737 838 846
f 737 846 847
f 737 847 848
f 737 848 849
f 737 849 850
f 737 850 843
f 738 845 844
f 738 844 851
f 738 851 739
f 739 851 852
f 739 852 853
f 739 853 854
f 739 854 839
f 740 842 841
f 740 841 741
f 741 841 855
f 741 855 856
f 741 856 857
f 741 857 858
f 741 858 859
f 741 859 742
f 742 859 860
f 742 860 744
f 742 744 743
f 744 860 750
f 745 749 861
f 745 861 862
f 745 862 863
f 745 863 756
f 746 755 864
f 746 864 865
f 746 865 747
f 747 866 748
f 747 865 867
f 747 867 868
f 747 868 869
f 747 869 870
f 747 870 871
f 747 871 872
f 747 872 866
f 748 866 873
f 748 873 861
f 748 861 749
f 750 860 874
f 750 874 752
f 751 754 875
f 751 875 755
f 752 876 877
f 752 877 878
f 752 878 753
f 752 874 876
f 753 878 879
f 753 879 880
f 753 880 881
f 753 881 754
f 754 881 882
f 754 882 883
f 754 883 884
f 754 884 875
f 755 875 864
f 756 863 885
f 756 885 886
f 756 886 757
f 757 886 887
f 757 887 758
f 758 887 888
f 758 888 889
f 758 889 760
f 758 760 759
f 760 889 890
f 760 890 761
f 761 890 762
f 762 890 891
f 762 891 892
f 762 892 763
f 763 892 767
f 767 892 893
f 767 893 894
f 767 894 895
f 767 895 896
f 767 896 768
f 768 896 769
f 769 896 897
f 769 897 770
f 770 897 898
f 770 898 771
f 771 898 899
f 771 899 900
f 771 900 901
f 771 901 772
f 772 901 774
f 772 774 773
f 774 901 1040
f 774 1040 902
f 774 902 903
f 774 903 775
f 775 903 904
f 775 904 776
f 776 904 905
f 776 905 777
f 778 905 779
f 779 905 906
f 779 906 783
f 779 783 780
f 782 784 785
f 783 906 784
f 784 907 785
f 784 906 907
f 785 908 788
f 785 788 786
f 785 907 908
f 786 788 787
f 788 908 790
f 788 790 789
f 790 908 909
f 790 909 910
f 790 910 791
f 791 910 793
f 792 793 911
f 792 911 794
f 793 910 912
f 793 912 913
f 793 913 911
f 794 911 795
f 795 799 798
f 795 911 914
f 795 914 799
f 796 797 915
f 797 802 916
f 797 916 917
f 797 917 918
f 797 918 919
f 797 919 915
f 799 914 911
f 799 911 800
f 800 920 921
f 800 921 801
f 800 911 922
f 800 922 923
f 800 923 924
f 800 924 920
f 801 921 925
f 801 925 926
f 801 926 802
f 802 926 927
f 802 927 916
f 803 928 929
f 803 929 804
f 803 806 928
f 804 929 930
f 804 930 931
f 804 931 814
f 804 814 808
f 804 808 805
f 805 808 807
f 806 932 928
f 810 933 811
f 810 814 931
f 810 931 930
f 810 930 933
f 811 933 812
f 812 934 935
f 812 935 936
f 812 936 937
f 812 937 813
f 812 933 934
f 813 937 815
f 815 937 938
f 815 938 816
f 816 938 818
f 817 818 938
f 817 938 824
f 817 824 820
f 821 824 822
f 822 824 939
f 822 939 1080
f 822 1080 940
f 822 940 825
f 822 825 823
f 824 938 941
f 824 941 942
f 824 942 939
f 825 940 943
f 825 943 944
f 825 944 826
f 826 944 945
f 826 945 827
f 827 945 829
f 828 946 947
f 828 947 832
f 828 831 948
f 828 948 946
f 829 945 830
f 830 949 831
f 830 945 950
f 830 950 949
f 831 949 951
f 831 951 952
f 831 952 953
f 831 953 954
f 831 954 942
f 831 942 955
f 831 955 956
f 831 956 948
f 832 957 833
f 832 947 957
f 833 958 834
f 833 957 959
f 833 959 960
f 833 960 958
f 834 958 961
f 834 961 835
f 835 961 836
f 836 961 837
f 837 961 960
f 837 960 962
f 837 962 846
f 837 846 838
f 839 854 963
f 839 963 964
f 839 964 841
f 839 841 840
f 841 964 965
f 841 965 855
f 843 850 966
f 843 966 967
f 843 967 968
f 843 968 969
f 843 969 970
f 843 970 853
f 843 853 852
f 843 852 971
f 843 971 844
f 844 971 852
f 844 852 851
f 846 962 847
f 847 962 972
f 847 972 973
f 847 973 848
f 848 973 974
f 848 974 975
f 848 975 849
f 849 975 976
f 849 976 850
f 850 976 977
f 850 977 966
f 853 970 854
f 854 970 969
f 854 969 978
f 854 978 979
f 854 979 980
f 854 980 965
f 854 965 964
f 854 964 963
f 855 965 980
f 855 980 979
f 855 979 981
f 855 981 856
f 856 981 982
f 856 982 983
f 856 983 984
f 856 984 857
f 857 984 985
f 857 985 858
f 858 985 986
f 858 986 987
f 858 987 859
f 859 874 860
f 859 987 988
f 859 988 989
f 859 989 990
f 859 990 991
f 859 991 992
f 859 992 874
f 861 873 862
f 862 873 993
f 862 993 994
f 862 994 863
f 863 994 885
f 864 875 995
f 864 995 865
f 865 995 996
f 865 996 997
f 865 997 867
f 866 872 998
f 866 998 999
f 866 999 1000
f 866 1000 1001
f 866 1001 873
f 867 997 1002
f 867 1002 1003
f 867 1003 868
f 868 1003 1004
f 868 1004 869
f 869 1004 1005
f 869 1005 1006
f 869 1006 870
f 870 1006 871
f 871 1006 1007
f 871 1007 1008
f 871 1008 1009
f 871 1009 872
f 872 1009 1010
f 872 1010 998
f 873 1001 993
f 874 992 1011
f 874 1011 876
f 875 884 1012
f 875 1012 1013
f 875 1013 995
f 876 1011 1014
f 876 1014 877
f 877 1014 1015
f 877 1015 1016
f 877 1016 878
f 878 1016 1017
f 878 1017 879
f 879 1017 1018
f 879 1018 880
f 880 1018 1019
f 880 1019 1020
f 880 1020 882
f 880 882 881
f 882 1021 1022
f 882 1022 1023
f 882 1023 883
f 882 1020 1024
f 882 1024 1021
f 883 1023 884
f 884 1023 1012
f 885 994 1025
f 885 1025 886
f 886 1025 887
f 887 1025 1026
f 887 1026 888
f 888 1026 1027
f 888 1027 1028
f 888 1028 890
f 888 890 889
f 890 1028 891
f 891 1029 893
f 891 893 892
f 891 1028 1029
f 893 1029 1030
f 893 1030 1031
f 893 1031 894
f 894 1032 1033
f 894 1033 895
f 894 1031 1145
f 894 1145 1034
f 894 1034 1035
f 894 1035 1032
f 895 1033 896
f 896 1033 1032
f 896 1032 1036
f 896 1036 1037
f 896 1037 897
f 897 1037 899
f 897 899 898
f 899 1037 1153
f 899 1153 1038
f 899 1038 1039
f 899 1039 900
f 900 1039 1040
f 900 1040 901
f 902 1040 1041
f 902 1041 1042
f 902 1042 907
f 902 907 903
f 903 907 1043
f 903 1043 904
f 904 1043 905
f 905 1043 906
f 906 1043 907
f 907 1042 908
f 908 1042 909
f 909 1044 1045
f 909 1045 910
f 909 1042 1041
f 909 1041 1044
f 910 1045 1046
f 910 1046 912
f 911 1047 922
f 911 913 1047
f 912 1046 1048
f 912 1048 1049
f 912 1049 1050
f 912 1050 913
f 913 1050 1051
f 913 1051 1052
f 913 1052 1047
f 916 927 1053
f 916 1053 917
f 917 1053 918
f 918 1053 1055
f 918 1055 1054
f 920 924 921
f 921 1056 925
f 921 924 1057
f 921 1057 1058
f 921 1058 1056
f 922 1047 923
f 923 1047 924
f 924 1047 1059
f 924 1059 1060
f 924 1060 1168
f 924 1168 1057
f 925 1056 1061
f 925 1061 1062
f 925 1062 926
f 926 1062 1063
f 926 1063 927
f 927 1063 1055
f 927 1055 1053
f 928 1064 929
f 928 932 1065
f 928 1065 1064
f 929 1066 930
f 929 1064 1066
f 930 1066 1067
f 930 1067 933
f 932 1068 1065
f 933 1067 1069
f 933 1069 1070
f 933 1070 934
f 934 1070 1071
f 934 1071 935
f 935 1071 1072
f 935 1072 1073
f 935 1073 936
f 936 1073 1074
f 936 1074 937
f 937 1074 1075
f 937 1075 1076
f 937 1076 1077
f 937 1077 938
f 938 1077 1075
f 938 1075 1078
f 938 1078 1079
f 938 1079 941
f 939 942 954
f 939 954 1080
f 940 1081 950
f 940 950 943
f 940 1080 1081
f 941 1079 1082
f 941 1082 1083
f 941 1083 942
f 942 1084 955
f 942 1083 1084
f 943 950 944
f 944 950 945
f 946 948 947
f 947 1085 957
f 947 948 1086
f 947 1086 1085
f 948 956 1087
f 948 1087 1088
f 948 1088 1089
f 948 1089 1086
f 949 950 951
f 950 1081 954
f 950 954 953
f 950 953 952
f 950 952 951
f 954 1081 1080
f 955 1084 956
f 956 1084 1083
f 956 1083 1090
f 956 1090 1087
f 957 1085 959
f 958 960 961
f 959 1085 1091
f 959 1091 960
f 960 1091 962
f 962 1091 972
f 966 977 967
f 967 977 968
f 968 1092 969
f 968 977 1093
f 968 1093 1094
f 968 1094 1092
f 969 1092 1095
f 969 1095 1096
f 969 1096 1097
f 969 1097 1098
f 969 1098 979
f 969 979 978
f 972 1091 1193
f 972 1193 1099
f 972 1099 1100
f 972 1100 973
f 973 1100 1101
f 973 1101 974
f 974 1101 1102
f 974 1102 975
f 975 1102 1103
f 975 1103 976
f 976 1103 1104
f 976 1104 977
f 977 1104 1195
f 977 1195 1093
f 979 1098 981
f 981 1098 982
f 982 1098 1105
f 982 1105 1106
f 982 1106 1107
f 982 1107 1108
f 982 1108 983
f 983 1108 984
f 984 1108 985
f 985 1108 1109
f 985 1109 986
f 986 988 987
f 986 1109 1110
f 986 1110 988
f 988 1110 1111
f 988 1111 1112
f 988 1112 989
f 989 1112 990
f 990 1011 992
f 990 992 991
f 990 1112 1011
f 993 1025 994
f 993 1001 1113
f 993 1113 1114
f 993 1114 1025
f 995 1013 1012
f 995 1012 1115
f 995 1115 996
f 996 1115 1023
f 996 1023 1022
f 996 1022 997
f 997 1022 1002
f 998 1010 999
f 999 1010 1116
f 999 1116 1117
f 999 1117 1000
f 1000 1117 1113
f 1000 1113 1001
f 1002 1022 1021
f 1002 1021 1118
f 1002 1118 1119
f 1002 1119 1120
f 1002 1120 1004
f 1002 1004 1003
f 1004 1006 1005
f 1004 1120 1121
f 1004 1121 1122
f 1004 1122 1123
f 1004 1123 1006
f 1006 1123 1124
f 1006 1124 1007
f 1007 1124 1125
f 1007 1125 1008
f 1008 1126 1009
f 1008 1125 1127
f 1008 1127 1126
f 1009 1126 1128
f 1009 1128 1129
f 1009 1129 1130
f 1009 1130 1131
f 1009 1131 1132
f 1009 1132 1117
f 1009 1117 1116
f 1009 1116 1010
f 1011 1112 1014
f 1012 1023 1115
f 1014 1112 1015
f 1015 1112 1133
f 1015 1133 1134
f 1015 1134 1016
f 1016 1134 1135
f 1016 1135 1017
f 1017 1135 1018
f 1018 1135 1019
f 1019 1135 1136
f 1019 1136 1020
f 1020 1136 1137
f 1020 1137 1138
f 1020 1138 1024
f 1021 1024 1139
f 1021 1139 1140
f 1021 1140 1118
f 1024 1138 1139
f 1025 1114 1026
f 1026 1114 1113
f 1026 1113 1141
f 1026 1141 1027
f 1027 1141 1142
f 1027 1142 1029
f 1027 1029 1028
f 1029 1142 1030
f 1030 1142 1143
f 1030 1143 1031
f 1031 1143 1144
f 1031 1144 1247
f 1031 1247 1145
f 1032 1035 1036
f 1034 1145 1146
f 1034 1146 1147
f 1034 1147 1148
f 1034 1148 1149
f 1034 1149 1035
f 1035 1149 1150
f 1035 1150 1151
f 1035 1151 1152
f 1035 1152 1036
f 1036 1152 1037
f 1037 1152 1151
f 1037 1151 1153
f 1038 1153 1154
f 1038 1154 1155
f 1038 1155 1156
f 1038 1156 1157
f 1038 1157 1039
f 1039 1157 1158
f 1039 1158 1040
f 1040 1158 1041
f 1041 1158 1044
f 1044 1046 1045
f 1044 1158 1159
f 1044 1159 1046
f 1046 1159 1156
f 1046 1156 1048
f 1047 1052 1059
f 1048 1160 1049
f 1048 1156 1161
f 1048 1161 1160
f 1049 1160 1050
f 1050 1162 1051
f 1050 1160 1163
f 1050 1163 1162
f 1051 1162 1052
f 1052 1162 1164
f 1052 1164 1165
f 1052 1165 1060
f 1052 1060 1059
f 1054 1055 1167
f 1054 1167 1166
f 1055 1063 1167
f 1056 1058 1057
f 1056 1057 1061
f 1057 1168 1169
f 1057 1169 1170
f 1057 1170 1171
f 1057 1171 1061
f 1060 1165 1168
f 1061 1171 1062
f 1062 1172 1063
f 1062 1171 1173
f 1062 1173 1174
f 1062 1174 1172
f 1063 1175 1167
f 1063 1172 1175
f 1064 1065 1176
f 1064 1176 1177
f 1064 1177 1178
f 1064 1178 1179
f 1064 1179 1066
f 1065 1068 1180
f 1065 1180 1176
f 1066 1179 1067
f 1067 1179 1181
f 1067 1181 1182
f 1067 1182 1069
f 1069 1182 1183
f 1069 1183 1071
f 1069 1071 1070
f 1071 1183 1072
f 1072 1184 1185
f 1072 1185 1082
f 1072 1082 1186
f 1072 1186 1187
f 1072 1187 1073
f 1072 1183 1184
f 1073 1187 1074
f 1074 1187 1186
f 1074 1186 1075
f 1075 1186 1082
f 1075 1082 1078
f 1075 1077 1076
f 1078 1082 1079
f 1082 1185 1188
f 1082 1188 1090
f 1082 1090 1083
f 1085 1086 1189
f 1085 1189 1193
f 1085 1193 1091
f 1086 1089 1189
f 1087 1090 1190
f 1087 1190 1088
f 1088 1190 1191
f 1088 1191 1189
f 1088 1189 1089
f 1090 1188 1192
f 1090 1192 1190
f 1092 1094 1194
f 1092 1194 1095
f 1093 1195 1196
f 1093 1196 1094
f 1094 1196 1281
f 1094 1281 1194
f 1095 1197 1096
f 1095 1194 1281
f 1095 1281 1198
f 1095 1198 1286
f 1095 1286 1197
f 1096 1197 1097
f 1097 1105 1098
f 1097 1197 1199
f 1097 1199 1200
f 1097 1200 1105
f 1099 1193 1280
f 1099 1280 1201
f 1099 1201 1202
f 1099 1202 1100
f 1100 1202 1203
f 1100 1203 1101
f 1101 1203 1204
f 1101 1204 1102
f 1102 1204 1103
f 1103 1204 1205
f 1103 1205 1104
f 1104 1205 1206
f 1104 1206 1207
f 1104 1207 1208
f 1104 1208 1195
f 1105 1200 1209
f 1105 1209 1106
f 1106 1209 1210
f 1106 1210 1107
f 1107 1211 1108
f 1107 1210 1212
f 1107 1212 1211
f 1108 1110 1109
f 1108 1211 1213
f 1108 1213 1214
f 1108 1214 1110
f 1110 1214 1215
f 1110 1215 1216
f 1110 1216 1133
f 1110 1133 1111
f 1111 1133 1112
f 1113 1117 1217
f 1113 1217 1141
f 1117 1132 1131
f 1117 1131 1217
f 1118 1140 1218
f 1118 1218 1219
f 1118 1219 1119
f 1119 1219 1220
f 1119 1220 1221
f 1119 1221 1120
f 1120 1221 1121
f 1121 1221 1222
f 1121 1222 1223
f 1121 1223 1122
f 1122 1223 1224
f 1122 1224 1123
f 1123 1224 1124
f 1124 1224 1225
f 1124 1225 1125
f 1125 1225 1314
f 1125 1314 1226
f 1125 1226 1228
f 1125 1228 1127
f 1126 1127 1227
f 1126 1227 1128
f 1127 1228 1316
f 1127 1316 1227
f 1128 1227 1229
f 1128 1229 1129
f 1129 1229 1230
f 1129 1230 1130
f 1130 1231 1131
f 1130 1230 1232
f 1130 1232 1231
f 1131 1231 1233
f 1131 1233 1217
f 1133 1234 1235
f 1133 1235 1236
f 1133 1236 1134
f 1133 1216 1234
f 1134 1236 1237
f 1134 1237 1135
f 1135 1237 1238
f 1135 1238 1136
f 1136 1238 1239
f 1136 1239 1327
f 1136 1327 1240
f 1136 1240 1241
f 1136 1241 1137
f 1137 1241 1243
f 1137 1243 1138
f 1138 1242 1139
f 1138 1243 1330
f 1138 1330 1242
f 1139 1242 1218
f 1139 1218 1140
f 1141 1233 1244
f 1141 1244 1142
f 1141 1217 1233
f 1142 1244 1245
f 1142 1245 1143
f 1143 1245 1144
f 1144 1245 1246
f 1144 1246 1334
f 1144 1334 1247
f 1145 1247 1248
f 1145 1248 1146
f 1146 1248 1249
f 1146 1249 1147
f 1147 1249 1250
f 1147 1250 1251
f 1147 1251 1148
f 1148 1251 1252
f 1148 1252 1253
f 1148 1253 1254
f 1148 1254 1255
f 1148 1255 1163
f 1148 1163 1149
f 1149 1163 1160
f 1149 1160 1161
f 1149 1161 1150
f 1150 1161 1155
f 1150 1155 1154
f 1150 1154 1153
f 1150 1153 1151
f 1155 1161 1156
f 1156 1159 1157
f 1157 1159 1158
f 1162 1163 1256
f 1162 1256 1257
f 1162 1257 1164
f 1163 1255 1254
f 1163 1254 1256
f 1164 1254 1165
f 1164 1257 1254
f 1165 1254 1258
f 1165 1258 1168
f 1166 1167 1260
f 1166 1260 1261
f 1166 1261 1262
f 1166 1262 1259
f 1167 1175 1260
f 1168 1258 1254
f 1168 1254 1253
f 1168 1253 1263
f 1168 1263 1264
f 1168 1264 1169
f 1169 1265 1170
f 1169 1264 1266
f 1169 1266 1267
f 1169 1267 1265
f 1170 1174 1173
f 1170 1173 1171
f 1170 1265 1268
f 1170 1268 1260
f 1170 1260 1174
f 1172 1260 1175
f 1172 1174 1260
f 1176 1269 1177
f 1177 1270 1271
f 1177 1271 1272
f 1177 1272 1178
f 1177 1269 1270
f 1178 1272 1273
f 1178 1273 1179
f 1179 1273 1181
f 1181 1273 1182
f 1182 1274 1183
f 1182 1273 1274
f 1183 1274 1275
f 1183 1275 1184
f 1184 1276 1277
f 1184 1277 1278
f 1184 1278 1192
f 1184 1192 1185
f 1184 1275 1276
f 1185 1192 1188
f 1189 1191 1279
f 1189 1279 1280
f 1189 1280 1193
f 1190 1192 1191
f 1191 1192 1278
f 1191 1278 1279
f 1195 1208 1196
f 1196 1208 1298
f 1196 1298 1282
f 1196 1282 1283
f 1196 1283 1284
f 1196 1284 1281
f 1197 1285 1199
f 1197 1286 1375
f 1197 1375 1285
f 1198 1281 1284
f 1198 1284 1287
f 1198 1287 1286
f 1199 1285 1200
f 1200 1285 1375
f 1200 1375 1288
f 1200 1288 1299
f 1200 1299 1209
f 1201 1280 1289
f 1201 1289 1290
f 1201 1290 1291
f 1201 1291 1202
f 1202 1291 1292
f 1202 1292 1203
f 1203 1292 1293
f 1203 1293 1204
f 1204 1293 1206
f 1204 1206 1205
f 1206 1293 1294
f 1206 1294 1207
f 1207 1294 1295
f 1207 1295 1296
f 1207 1296 1297
f 1207 1297 1298
f 1207 1298 1208
f 1209 1299 1300
f 1209 1300 1210
f 1210 1300 1302
f 1210 1302 1212
f 1211 1212 1213
f 1212 1301 1213
f 1212 1302 1395
f 1212 1395 1301
f 1213 1301 1303
f 1213 1303 1214
f 1214 1303 1304
f 1214 1304 1215
f 1215 1304 1305
f 1215 1305 1216
f 1216 1305 1306
f 1216 1306 1234
f 1218 1242 1330
f 1218 1330 1307
f 1218 1307 1308
f 1218 1308 1219
f 1219 1308 1309
f 1219 1309 1220
f 1220 1309 1310
f 1220 1310 1221
f 1221 1310 1311
f 1221 1311 1222
f 1222 1311 1312
f 1222 1312 1223
f 1223 1312 1313
f 1223 1313 1224
f 1224 1313 1314
f 1224 1314 1225
f 1226 1314 1315
f 1226 1315 1317
f 1226 1317 1228
f 1227 1316 1318
f 1227 1318 1229
f 1228 1317 1316
f 1229 1318 1319
f 1229 1319 1230
f 1230 1319 1322
f 1230 1322 1232
f 1231 1232 1320
f 1231 1320 1321
f 1231 1321 1233
f 1232 1322 1417
f 1232 1417 1320
f 1233 1321 1323
f 1233 1323 1244
f 1234 1306 1235
f 1235 1306 1324
f 1235 1324 1325
f 1235 1325 1236
f 1236 1325 1237
f 1237 1325 1421
f 1237 1421 1326
f 1237 1326 1327
f 1237 1327 1239
f 1237 1239 1238
f 1240 1327 1423
f 1240 1423 1328
f 1240 1328 1241
f 1241 1328 1329
f 1241 1329 1243
f 1243 1329 1331
f 1243 1331 1332
f 1243 1332 1333
f 1243 1333 1330
f 1244 1323 1246
f 1244 1246 1245
f 1246 1323 1420
f 1246 1420 1334
f 1247 1334 1335
f 1247 1335 1248
f 1248 1335 1336
f 1248 1336 1249
f 1249 1336 1250
f 1250 1337 1266
f 1250 1266 1264
f 1250 1264 1251
f 1250 1336 1338
f 1250 1338 1337
f 1251 1264 1252
f 1252 1264 1253
f 1253 1264 1263
f 1254 1257 1256
f 1259 1262 1340
f 1259 1340 1341
f 1259 1341 1339
f 1260 1340 1342
f 1260 1342 1261
f 1260 1268 1340
f 1261 1342 1262
f 1262 1342 1340
f 1265 1343 1268
f 1265 1267 1343
f 1266 1337 1338
f 1266 1338 1267
f 1267 1338 1336
f 1267 1336 1344
f 1267 1344 1345
f 1267 1345 1346
f 1267 1346 1343
f 1268 1343 1347
f 1268 1347 1348
f 1268 1348 1349
f 1268 1349 1340
f 1269 1350 1351
f 1269 1351 1352
f 1269 1352 1270
f 1270 1353 1271
f 1270 1352 1353
f 1271 1353 1354
f 1271 1354 1355
f 1271 1355 1356
f 1271 1356 1357
f 1271 1357 1272
f 1272 1357 1358
f 1272 1358 1274
f 1272 1274 1273
f 1274 1358 1275
f 1275 1358 1359
f 1275 1359 1276
f 1276 1360 1361
f 1276 1361 1362
f 1276 1362 1363
f 1276 1363 1364
f 1276 1364 1277
f 1276 1359 1360
f 1277 1364 1363
f 1277 1363 1289
f 1277 1289 1279
f 1277 1279 1278
f 1279 1289 1280
f 1282 1298 1365
f 1282 1365 1366
f 1282 1366 1367
f 1282 1367 1368
f 1282 1368 1369
f 1282 1369 1283
f 1283 1369 1370
f 1283 1370 1371
f 1283 1371 1372
f 1283 1372 1373
f 1283 1373 1374
f 1283 1374 1284
f 1284 1374 1287
f 1286 1287 1376
f 1286 1376 1377
f 1286 1377 1378
f 1286 1378 1375
f 1287 1374 1376
f 1288 1375 1378
f 1288 1378 1379
f 1288 1379 1380
f 1288 1380 1299
f 1289 1363 1362
f 1289 1362 1290
f 1290 1362 1381
f 1290 1381 1382
f 1290 1382 1383
f 1290 1383 1291
f 1291 1383 1384
f 1291 1384 1385
f 1291 1385 1292
f 1292 1385 1386
f 1292 1386 1293
f 1293 1386 1295
f 1293 1295 1294
f 1295 1386 1387
f 1295 1387 1296
f 1296 1365 1297
f 1296 1387 1388
f 1296 1388 1389
f 1296 1389 1390
f 1296 1390 1365
f 1297 1365 1391
f 1297 1391 1298
f 1298 1391 1365
f 1299 1380 1300
f 1300 1380 1392
f 1300 1392 1393
f 1300 1393 1394
f 1300 1394 1302
f 1301 1395 1397
f 1301 1397 1303
f 1302 1394 1395
f 1303 1396 1304
f 1303 1397 1484
f 1303 1484 1396
f 1304 1396 1305
f 1305 1396 1484
f 1305 1484 1398
f 1305 1398 1399
f 1305 1399 1306
f 1306 1399 1490
f 1306 1490 1400
f 1306 1400 1324
f 1307 1330 1333
f 1307 1333 1401
f 1307 1401 1308
f 1308 1401 1402
f 1308 1402 1309
f 1309 1402 1403
f 1309 1403 1404
f 1309 1404 1310
f 1310 1404 1405
f 1310 1405 1311
f 1311 1405 1406
f 1311 1406 1407
f 1311 1407 1312
f 1312 1407 1408
f 1312 1408 1313
f 1313 1408 1314
f 1314 1408 1409
f 1314 1409 1410
f 1314 1410 1315
f 1315 1410 1411
f 1315 1411 1412
f 1315 1412 1317
f 1316 1317 1412
f 1316 1412 1413
f 1316 1413 1414
f 1316 1414 1318
f 1318 1414 1415
f 1318 1415 1319
f 1319 1415 1416
f 1319 1416 1322
f 1320 1417 1418
f 1320 1418 1321
f 1321 1418 1420
f 1321 1420 1323
f 1322 1416 1419
f 1322 1419 1417
f 1324 1400 1325
f 1325 1400 1490
f 1325 1490 1421
f 1326 1421 1422
f 1326 1422 1423
f 1326 1423 1327
f 1328 1423 1424
f 1328 1424 1329
f 1329 1425 1331
f 1329 1424 1426
f 1329 1426 1425
f 1331 1425 1427
f 1331 1427 1428
f 1331 1428 1332
f 1332 1401 1333
f 1332 1428 1429
f 1332 1429 1430
f 1332 1430 1401
f 1334 1420 1335
f 1335 1420 1431
f 1335 1431 1336
f 1336 1431 1432
f 1336 1432 1344
f 1339 1341 1434
f 1339 1434 1433
f 1340 1435 1436
f 1340 1436 1341
f 1340 1349 1437
f 1340 1437 1435
f 1341 1436 1434
f 1343 1346 1438
f 1343 1438 1347
f 1344 1432 1345
f 1345 1439 1440
f 1345 1440 1346
f 1345 1432 1431
f 1345 1431 1441
f 1345 1441 1439
f 1346 1440 1438
f 1347 1438 1442
f 1347 1442 1443
f 1347 1443 1348
f 1348 1443 1444
f 1348 1444 1445
f 1348 1445 1446
f 1348 1446 1349
f 1349 1446 1437
f 1350 1447 1351
f 1351 1448 1449
f 1351 1449 1450
f 1351 1450 1451
f 1351 1451 1452
f 1351 1452 1453
f 1351 1453 1454
f 1351 1454 1455
f 1351 1455 1352
f 1351 1447 1456
f 1351 1456 1448
f 1352 1455 1457
f 1352 1457 1458
f 1352 1458 1353
f 1353 1458 1354
f 1354 1459 1355
f 1354 1458 1459
f 1355 1460 1389
f 1355 1389 1388
f 1355 1388 1356
f 1355 1459 1461
f 1355 1461 1460
f 1356 1388 1357
f 1357 1388 1462
f 1357 1462 1463
f 1357 1463 1359
f 1357 1359 1358
f 1359 1463 1464
f 1359 1464 1360
f 1360 1464 1361
f 1361 1464 1381
f 1361 1381 1362
f 1365 1390 1465
f 1365 1465 1366
f 1366 1465 1466
f 1366 1466 1367
f 1367 1466 1467
f 1367 1467 1368
f 1368 1370 1369
f 1368 1467 1370
f 1370 1468 1371
f 1370 1467 1468
f 1371 1468 1372
f 1372 1468 1469
f 1372 1469 1373
f 1373 1469 1374
f 1374 1469 1470
f 1374 1470 1376
f 1376 1470 1471
f 1376 1471 1472
f 1376 1472 1377
f 1377 1472 1473
f 1377 1473 1474
f 1377 1474 1378
f 1378 1474 1379
f 1379 1474 1380
f 1380 1474 1392
f 1381 1464 1475
f 1381 1475 1382
f 1382 1475 1476
f 1382 1476 1384
f 1382 1384 1383
f 1384 1476 1475
f 1384 1475 1387
f 1384 1387 1385
f 1385 1387 1386
f 1387 1475 1462
f 1387 1462 1388
f 1389 1460 1477
f 1389 1477 1390
f 1390 1477 1465
f 1392 1474 1473
f 1392 1473 1478
f 1392 1478 1393
f 1393 1478 1479
f 1393 1479 1480
f 1393 1480 1394
f 1394 1480 1481
f 1394 1481 1395
f 1395 1481 1482
f 1395 1482 1483
f 1395 1483 1397
f 1397 1483 1484
f 1398 1484 1485
f 1398 1485 1486
f 1398 1486 1487
f 1398 1487 1488
f 1398 1488 1399
f 1399 1488 1489
f 1399 1489 1490
f 1401 1430 1402
f 1402 1430 1429
f 1402 1429 1491
f 1402 1491 1492
f 1402 1492 1493
f 1402 1493 1494
f 1402 1494 1403
f 1403 1494 1495
f 1403 1495 1404
f 1404 1496 1497
f 1404 1497 1498
f 1404 1498 1499
f 1404 1499 1405
f 1404 1495 1496
f 1405 1499 1500
f 1405 1500 1406
f 1406 1409 1408
f 1406 1408 1407
f 1406 1500 1409
f 1409 1500 1499
f 1409 1499 1498
f 1409 1498 1410
f 1410 1498 1501
f 1410 1501 1411
f 1411 1501 1502
f 1411 1502 1503
f 1411 1503 1504
f 1411 1504 1412
f 1412 1504 1413
f 1413 1504 1503
f 1413 1503 1502
f 1413 1502 1505
f 1413 1505 1506
f 1413 1506 1414
f 1414 1506 1507
f 1414 1507 1415
f 1415 1507 1440
f 1415 1440 1508
f 1415 1508 1416
f 1416 1508 1440
f 1416 1440 1439
f 1416 1439 1419
f 1417 1419 1441
f 1417 1441 1509
f 1417 1509 1418
f 1418 1509 1420
f 1419 1439 1441
f 1420 1509 1441
f 1420 1441 1431
f 1421 1490 1489
f 1421 1489 1510
f 1421 1510 1511
f 1421 1511 1512
f 1421 1512 1422
f 1422 1512 1423
f 1423 1512 1513
f 1423 1513 1424
f 1424 1513 1426
f 1425 1426 1514
f 1425 1514 1427
f 1426 1513 1515
f 1426 1515 1516
f 1426 1516 1517
f 1426 1517 1518
f 1426 1518 1514
f 1427 1519 1428
f 1427 1514 1520
f 1427 1520 1521
f 1427 1521 1519
f 1428 1519 1491
f 1428 1491 1429
f 1433 1434 1522
f 1434 1523 1524
f 1434 1524 1525
f 1434 1525 1526
f 1434 1526 1527
f 1434 1527 1528
f 1434 1528 1522
f 1434 1436 1435
f 1434 1435 1529
f 1434 1529 1530
f 1434 1530 1523
f 1435 1531 1529
f 1435 1437 1446
f 1435 1446 1531
f 1438 1440 1532
f 1438 1532 1533
f 1438 1533 1534
f 1438 1534 1535
f 1438 1535 1443
f 1438 1443 1442
f 1440 1507 1536
f 1440 1536 1532
f 1443 1537 1444
f 1443 1535 1534
f 1443 1534 1537
f 1444 1537 1530
f 1444 1530 1538
f 1444 1538 1445
f 1445 1538 1539
f 1445 1539 1531
f 1445 1531 1446
f 1448 1540 1541
f 1448 1541 1542
f 1448 1542 1543
f 1448 1543 1449
f 1448 1456 1544
f 1448 1544 1545
f 1448 1545 1546
f 1448 1546 1547
f 1448 1547 1540
f 1449 1543 1450
f 1450 1548 1542
f 1450 1542 1549
f 1450 1549 1550
f 1450 1550 1451
f 1450 1543 1548
f 1451 1550 1551
f 1451 1551 1552
f 1451 1552 1453
f 1451 1453 1452
f 1453 1552 1454
f 1454 1552 1553
f 1454 1553 1460
f 1454 1460 1461
f 1454 1461 1455
f 1455 1461 1554
f 1455 1554 1457
f 1457 1554 1458
f 1458 1554 1555
f 1458 1555 1459
f 1459 1555 1461
f 1460 1553 1477
f 1461 1555 1554
f 1462 1475 1463
f 1463 1475 1464
f 1465 1477 1466
f 1466 1477 1549
f 1466 1549 1556
f 1466 1556 1467
f 1467 1557 1558
f 1467 1558 1468
f 1467 1556 1557
f 1468 1470 1469
f 1468 1558 1470
f 1470 1559 1471
f 1470 1558 1559
f 1471 1559 1473
f 1471 1473 1472
f 1473 1559 1478
f 1477 1553 1551
f 1477 1551 1550
f 1477 1550 1549
f 1478 1559 1479
f 1479 1560 1561
f 1479 1561 1480
f 1479 1559 1562
f 1479 1562 1560
f 1480 1561 1563
f 1480 1563 1564
f 1480 1564 1565
f 1480 1565 1481
f 1481 1566 1482
f 1481 1565 1567
f 1481 1567 1566
f 1482 1486 1483
f 1482 1566 1568
f 1482 1568 1569
f 1482 1569 1486
f 1483 1485 1484
f 1483 1486 1485
f 1486 1569 1487
f 1487 1569 1568
f 1487 1568 1570
f 1487 1570 1571
f 1487 1571 1488
f 1488 1571 1510
f 1488 1510 1489
f 1491 1519 1492
f 1492 1494 1493
f 1492 1519 1521
f 1492 1521 1572
f 1492 1572 1573
f 1492 1573 1574
f 1492 1574 1575
f 1492 1575 1494
f 1494 1575 1495
f 1495 1575 1576
f 1495 1576 1577
f 1495 1577 1578
f 1495 1578 1497
f 1495 1497 1496
f 1497 1578 1498
f 1498 1579 1501
f 1498 1578 1580
f 1498 1580 1581
f 1498 1581 1579
f 1501 1579 1582
f 1501 1582 1502
f 1502 1583 1584
f 1502 1584 1585
f 1502 1585 1506
f 1502 1506 1505
f 1502 1582 1583
f 1506 1586 1507
f 1506 1585 1586
f 1507 1586 1536
f 1510 1571 1587
f 1510 1587 1588
f 1510 1588 1511
f 1511 1589 1512
f 1511 1588 1589
f 1512 1589 1588
f 1512 1588 1590
f 1512 1590 1591
f 1512 1591 1513
f 1513 1591 1515
f 1514 1518 1572
f 1514 1572 1520
f 1515 1591 1592
f 1515 1592 1593
f 1515 1593 1516
f 1516 1593 1594
f 1516 1594 1595
f 1516 1595 1517
f 1517 1595 1596
f 1517 1596 1597
f 1517 1597 1598
f 1517 1598 1599
f 1517 1599 1600
f 1517 1600 1601
f 1517 1601 1602
f 1517 1602 1603
f 1517 1603 1604
f 1517 1604 1518
f 1518 1604 1572
f 1520 1572 1521
f 1523 1605 1525
f 1523 1525 1524
f 1523 1530 1606
f 1523 1606 1605
f 1525 1605 1607
f 1525 1607 1608
f 1525 1608 1526
f 1526 1608 1610
f 1526 1610 1609
f 1529 1531 1611
f 1529 1611 1530
f 1530 1611 1538
f 1530 1537 1612
f 1530 1612 1613
f 1530 1613 1606
f 1531 1539 1611
f 1532 1536 1533
f 1533 1536 1614
f 1533 1614 1534
f 1534 1585 1537
f 1534 1614 1585
f 1536 1586 1614
f 1537 1585 1584
f 1537 1584 1612
f 1538 1611 1539
f 1540 1615 1616
f 1540 1616 1541
f 1540 1547 1617
f 1540 1617 1615
f 1541 1616 1542
f 1542 1548 1543
f 1542 1616 1618
f 1542 1618 1619
f 1542 1619 1620
f 1542 1620 1621
f 1542 1621 1549
f 1549 1621 1622
f 1549 1622 1556
f 1551 1553 1552
f 1556 1622 1623
f 1556 1623 1557
f 1557 1623 1558
f 1558 1623 1624
f 1558 1624 1625
f 1558 1625 1626
f 1558 1626 1562
f 1558 1562 1559
f 1560 1627 1561
f 1560 1562 1627
f 1561 1627 1563
f 1562 1628 1629
f 1562 1629 1630
f 1562 1630 1627
f 1562 1626 1628
f 1563 1627 1564
f 1564 1627 1630
f 1564 1630 1631
f 1564 1631 1567
f 1564 1567 1565
f 1566 1567 1568
f 1567 1631 1632
f 1567 1632 1568
f 1568 1632 1633
f 1568 1633 1570
f 1570 1633 1571
f 1571 1633 1634
f 1571 1634 1635
f 1571 1635 1587
f 1572 1604 1573
f 1573 1604 1603
f 1573 1603 1574
f 1574 1603 1636
f 1574 1636 1637
f 1574 1637 1638
f 1574 1638 1575
f 1575 1638 1576
f 1576 1638 1639
f 1576 1639 1577
f 1577 1639 1578
f 1578 1639 1580
f 1579 1581 1583
f 1579 1583 1582
f 1580 1639 1640
f 1580 1640 1641
f 1580 1641 1581
f 1581 1642 1583
f 1581 1641 1643
f 1581 1643 1644
f 1581 1644 1642
f 1583 1642 1645
f 1583 1645 1584
f 1584 1645 1644
f 1584 1644 1612
f 1585 1614 1586
f 1587 1635 1588
f 1588 1646 1590
f 1588 1635 1646
f 1590 1647 1648
f 1590 1648 1649
f 1590 1649 1592
f 1590 1592 1591
f 1590 1646 1650
f 1590 1650 1647
f 1592 1649 1593
f 1593 1649 1651
f 1593 1651 1594
f 1594 1651 1652
f 1594 1652 1597
f 1594 1597 1596
f 1594 1596 1595
f 1597 1652 1598
f 1598 1652 1653
f 1598 1653 1654
f 1598 1654 1599
f 1599 1601 1600
f 1599 1654 1655
f 1599 1655 1656
f 1599 1656 1601
f 1601 1656 1657
f 1601 1657 1658
f 1601 1658 1659
f 1601 1659 1637
f 1601 1637 1660
f 1601 1660 1636
f 1601 1636 1602
f 1602 1636 1603
f 1605 1606 1607
f 1606 1613 1661
f 1606 1661 1608
f 1606 1608 1607
f 1608 1662 1663
f 1608 1663 1664
f 1608 1664 1665
f 1608 1665 1666
f 1608 1666 1610
f 1608 1661 1662
f 1609 1610 1667
f 1610 1666 1668
f 1610 1668 1669
f 1610 1669 1670
f 1610 1670 1667
f 1612 1644 1671
f 1612 1671 1661
f 1612 1661 1613
f 1615 1617 1616
f 1616 1617 1618
f 1617 1672 1673
f 1617 1673 1674
f 1617 1674 1618
f 1618 1674 1619
f 1619 1674 1675
f 1619 1675 1620
f 1620 1622 1621
f 1620 1675 1673
f 1620 1673 1622
f 1622 1676 1677
f 1622 1677 1624
f 1622 1624 1623
f 1622 1673 1678
f 1622 1678 1676
f 1624 1677 1679
f 1624 1679 1680
f 1624 1680 1625
f 1625 1680 1681
f 1625 1681 1626
f 1626 1681 1682
f 1626 1682 1683
f 1626 1683 1630
f 1626 1630 1629
f 1626 1629 1628
f 1630 1683 1684
f 1630 1684 1631
f 1631 1684 1632
f 1632 1685 1633
f 1632 1684 1685
f 1633 1685 1650
f 1633 1650 1634
f 1634 1650 1646
f 1634 1646 1635
f 1636 1660 1637
f 1637 1659 1638
f 1638 1686 1687
f 1638 1687 1639
f 1638 1659 1688
f 1638 1688 1668
f 1638 1668 1686
f 1639 1687 1689
f 1639 1689 1664
f 1639 1664 1640
f 1640 1664 1690
f 1640 1690 1641
f 1641 1691 1692
f 1641 1692 1693
f 1641 1693 1671
f 1641 1671 1643
f 1641 1690 1664
f 1641 1664 1691
f 1642 1644 1645
f 1643 1671 1644
f 1647 1650 1685
f 1647 1685 1684
f 1647 1684 1648
f 1648 1684 1694
f 1648 1694 1649
f 1649 1694 1695
f 1649 1695 1651
f 1651 1695 1652
f 1652 1695 1653
f 1653 1695 1654
f 1654 1696 1655
f 1654 1695 1696
f 1655 1696 1697
f 1655 1697 1698
f 1655 1698 1699
f 1655 1699 1700
f 1655 1700 1701
f 1655 1701 1656
f 1656 1701 1702
f 1656 1702 1703
f 1656 1703 1657
f 1657 1703 1704
f 1657 1704 1658
f 1658 1704 1705
f 1658 1705 1659
f 1659 1705 1706
f 1659 1706 1688
f 1661 1671 1662
f 1662 1671 1693
f 1662 1693 1663
f 1663 1693 1692
f 1663 1692 1691
f 1663 1691 1707
f 1663 1707 1664
f 1664 1668 1665
f 1664 1707 1691
f 1664 1689 1708
f 1664 1708 1668
f 1665 1668 1666
f 1667 1670 1704
f 1667 1704 1703
f 1667 1703 1709
f 1668 1710 1711
f 1668 1711 1669
f 1668 1708 1689
f 1668 1689 1712
f 1668 1712 1686
f 1668 1688 1710
f 1669 1711 1704
f 1669 1704 1670
f 1672 1713 1714
f 1672 1714 1673
f 1673 1714 1715
f 1673 1715 1716
f 1673 1716 1678
f 1673 1675 1674
f 1676 1679 1677
f 1676 1678 1679
f 1678 1716 1717
f 1678 1717 1718
f 1678 1718 1680
f 1678 1680 1679
f 1680 1718 1681
f 1681 1719 1682
f 1681 1718 1717
f 1681 1717 1720
f 1681 1720 1719
f 1682 1719 1683
f 1683 1721 1684
f 1683 1719 1722
f 1683 1722 1721
f 1684 1723 1724
f 1684 1724 1725
f 1684 1725 1726
f 1684 1726 1727
f 1684 1727 1728
f 1684 1728 1729
f 1684 1729 1694
f 1684 1721 1722
f 1684 1722 1730
f 1684 1730 1723
f 1686 1712 1687
f 1687 1712 1689
f 1688 1706 1705
f 1688 1705 1710
f 1694 1729 1731
f 1694 1731 1732
f 1694 1732 1733
f 1694 1733 1734
f 1694 1734 1695
f 1695 1734 1735
f 1695 1735 1696
f 1696 1736 1737
f 1696 1737 1697
f 1696 1735 1736
f 1697 1737 1698
f 1698 1738 1699
f 1698 1737 1738
f 1699 1738 1700
f 1700 1738 1739
f 1700 1739 1740
f 1700 1740 1741
f 1700 1741 1742
f 1700 1742 1743
f 1700 1743 1744
f 1700 1744 1701
f 1701 1744 1743
f 1701 1743 1702
f 1702 1743 1745
f 1702 1745 1703
f 1703 1745 1709
f 1704 1711 1705
f 1705 1711 1710
f 1713 1746 1747
f 1713 1747 1748
f 1713 1748 1714
f 1714 1748 1749
f 1714 1749 1750
f 1714 1750 1715
f 1715 1750 1730
f 1715 1730 1722
f 1715 1722 1716
f 1716 1722 1717
f 1717 1722 1720
f 1719 1720 1722
f 1723 1730 1751
f 1723 1751 1752
f 1723 1752 1724
f 1724 1752 1725
f 1725 1752 1753
f 1725 1753 1726
f 1726 1753 1739
f 1726 1739 1738
f 1726 1738 1733
f 1726 1733 1732
f 1726 1732 1731
f 1726 1731 1727
f 1727 1731 1729
f 1727 1729 1728
f 1730 1750 1751
f 1733 1738 1734
f 1734 1736 1735
f 1734 1738 1736
f 1736 1738 1737
f 1739 1753 1747
f 1739 1747 1740
f 1740 1747 1746
f 1740 1746 1741
f 1741 1746 1754
f 1741 1754 1755
f 1741 1755 1742
f 1747 1753 1748
f 1748 1753 1756
f 1748 1756 1751
f 1748 1751 1749
f 1749 1751 1750
f 1751 1756 1753
f 1751 1753 1752

