# https://github.com/mikedh/trimesh
v -0.02557141 -0.04089629 -0.00074061
v -0.02544526 -0.04089629 0.00102944
v -0.02545536 -0.03734151 0.00102944
v -0.02556132 -0.03911015 -0.00074061
v -0.02526361 -0.04089629 -0.00251292
v -0.02525857 -0.04266492 -0.00251292
v -0.02524343 -0.04443355 -0.00251292
v -0.02551086 -0.04620218 -0.00074061
v -0.02537462 -0.06036874 0.00102944
v -0.02538471 -0.05860011 0.00102944
v -0.02527875 -0.04798833 0.00280402
v -0.02544526 -0.03557288 0.00102944
v -0.02528884 -0.04443355 0.00280402
v -0.02528380 -0.04266492 0.00280402
v -0.02553104 -0.03734151 -0.00074061
v -0.02524343 -0.03911015 -0.00251292
v -0.02477416 -0.04266492 -0.00372615
v -0.02476912 -0.04443355 -0.00373521
v -0.02475903 -0.04620218 -0.00372615
v -0.02473380 -0.04975696 -0.00367409
v -0.02466820 -0.05860011 -0.00352244
v -0.02517783 -0.04798833 -0.00251292
v -0.02524848 -0.06569215 -0.00074061
v -0.02527371 -0.06392352 -0.00074061
v -0.02529893 -0.06213738 -0.00074061
v -0.02539481 -0.05506285 -0.00074061
v -0.02546545 -0.04975696 -0.00074061
v -0.02535444 -0.06213738 0.00102944
v -0.02524343 -0.05506285 0.00280402
v -0.02525857 -0.05329422 0.00280402
v -0.02494572 -0.04975696 0.00457633
v -0.02494068 -0.05152559 0.00457633
v -0.02526361 -0.04089629 0.00280402
v -0.02523334 -0.03911015 0.00280402
v -0.02513747 -0.03380425 0.00280402
v -0.02540994 -0.03380425 0.00102944
v -0.02494572 -0.04798833 0.00457633
v -0.02519802 -0.03734151 -0.00251292
v -0.02535444 -0.03201811 0.00102944
v -0.02547554 -0.03557288 -0.00074061
v -0.02471866 -0.03557288 -0.00361977
v -0.02473884 -0.03734151 -0.00364919
v -0.02476407 -0.04089629 -0.00370125
v -0.02435031 -0.04266492 -0.00461344
v -0.02436545 -0.04443355 -0.00462023
v -0.02437554 -0.04620218 -0.00461118
v -0.02437554 -0.04798833 -0.00459081
v -0.02436545 -0.04975696 -0.00456138
v -0.02435536 -0.05152559 -0.00452969
v -0.02433013 -0.05506285 -0.00446858
v -0.02431499 -0.05683148 -0.00443915
v -0.02429481 -0.05860011 -0.00440746
v -0.02464802 -0.06036874 -0.00348170
v -0.02511224 -0.05152559 -0.00251292
v -0.02501132 -0.05683148 -0.00251292
v -0.02521315 -0.06746078 -0.00074061
v -0.02531407 -0.06392352 0.00102944
v -0.02520811 -0.05683148 0.00280402
v -0.02493058 -0.05329422 0.00457633
v -0.02465811 -0.04975696 0.00551342
v -0.02464802 -0.05329422 0.00549984
v -0.02465306 -0.05152559 0.00550889
v -0.02492049 -0.04443355 0.00450390
v -0.02491040 -0.04266492 0.00441563
v -0.02509205 -0.03201811 0.00280402
v -0.02504159 -0.03024948 0.00280402
v -0.02465306 -0.04798833 0.00550889
v -0.02487004 -0.04613214 0.00474157
v -0.02514251 -0.03557288 -0.00251292
v -0.02468839 -0.03380425 -0.00356092
v -0.02528884 -0.03024948 0.00102944
v -0.02464297 -0.01119729 0.00027117
v -0.02464297 -0.01119729 0.00003124
v -0.02465306 -0.01785155 -0.00171617
v -0.02469848 -0.01962018 -0.00184066
v -0.02430490 -0.03557288 -0.00450479
v -0.02427967 -0.03201811 -0.00436219
v -0.02428976 -0.03380425 -0.00444821
v -0.02433013 -0.03911015 -0.00456138
v -0.02434022 -0.04089629 -0.00458854
v -0.02360857 -0.04620218 -0.00605755
v -0.02362371 -0.04798833 -0.00605755
v -0.02362875 -0.04975696 -0.00605755
v -0.02361361 -0.05152559 -0.00605755
v -0.02358334 -0.05329422 -0.00605755
v -0.02354802 -0.05506285 -0.00605755
v -0.02426958 -0.06036874 -0.00436672
v -0.02461774 -0.06306547 -0.00340247
v -0.02494068 -0.06036874 -0.00251292
v -0.02522324 -0.06746078 0.00102944
v -0.02527371 -0.06569215 0.00102944
v -0.02484481 -0.06569215 -0.00240880
v -0.02481453 -0.06746078 -0.00229336
v -0.02513747 -0.06922941 -0.00074061
v -0.02515765 -0.06922941 0.00102944
v -0.02512233 -0.06036874 0.00280402
v -0.02484481 -0.05511538 0.00473931
v -0.02463288 -0.05455503 0.00548399
v -0.02392646 -0.04975696 0.00640071
v -0.02304343 -0.04798833 0.00747134
v -0.02393150 -0.04798833 0.00639392
v -0.02304343 -0.04443355 0.00746455
v -0.02391637 -0.05329422 0.00638713
v -0.02295261 -0.07101555 0.00736496
v -0.02296774 -0.06922941 0.00737401
v -0.02297783 -0.06746078 0.00738533
v -0.02298792 -0.06569215 0.00739438
v -0.02300306 -0.06213738 0.00741475
v -0.02300811 -0.06036874 0.00742607
v -0.02392141 -0.05152559 0.00639618
v -0.02463792 -0.04665747 0.00548852
v -0.02461774 -0.02406802 0.00368678
v -0.02491040 -0.02671222 0.00280402
v -0.02303839 -0.04266492 0.00745323
v -0.02302829 -0.04089629 0.00743512
v -0.02301315 -0.03911015 0.00741702
v -0.02295765 -0.03380425 0.00736269
v -0.02507692 -0.03380425 -0.00251292
v -0.02462783 -0.03096744 -0.00341832
v -0.02418380 -0.02848085 -0.00428523
v -0.02478426 -0.02315744 0.00269311
v -0.02464297 -0.01785155 0.00203217
v -0.02461774 -0.01694097 0.00191900
v -0.02429481 -0.01429677 0.00280402
v -0.02419894 -0.01252814 0.00280402
v -0.02447646 -0.01067195 0.00092985
v -0.02330077 -0.00011270 0.00280402
v -0.02315949 0.00165593 0.00280402
v -0.02291728 0.00489550 0.00236038
v -0.02328059 0.00165593 0.00102944
v -0.02398196 -0.00543610 -0.00074061
v -0.02415352 -0.00720474 -0.00074061
v -0.02431499 -0.00897337 -0.00074061
v -0.02446637 -0.01067195 -0.00063196
v -0.02462279 -0.01688843 -0.00163921
v -0.02341178 -0.01252814 -0.00428523
v -0.02296774 -0.00011270 -0.00364014
v -0.02302325 -0.00188133 -0.00375558
v -0.02436545 -0.01962018 -0.00272795
v -0.02445123 -0.02315744 -0.00294751
v -0.02473884 -0.02138881 -0.00195158
v -0.02334618 -0.02848085 -0.00600323
v -0.02337646 -0.03024948 -0.00602586
v -0.02327049 -0.02494358 -0.00595116
v -0.02331086 -0.02671222 -0.00598285
v -0.02358334 -0.04443355 -0.00605755
v -0.02296270 -0.04620218 -0.00705801
v -0.02299297 -0.04975696 -0.00708517
v -0.02288701 -0.03734151 -0.00698332
v -0.02293242 -0.04266492 -0.00702859
v -0.02299297 -0.05152559 -0.00708517
v -0.02297279 -0.05329422 -0.00707159
v -0.02294756 -0.05506285 -0.00705122
v -0.02349756 -0.05683148 -0.00605755
v -0.02423426 -0.06213738 -0.00431692
v -0.02458747 -0.06569215 -0.00329609
v -0.02460765 -0.06425623 -0.00335494
v -0.02506178 -0.06213738 0.00280402
v -0.02455214 -0.06746078 -0.00318065
v -0.02476912 -0.06922941 -0.00212360
v -0.02462783 -0.07379984 -0.00165279
v -0.02503150 -0.07101555 -0.00074061
v -0.02469848 -0.07810759 -0.00019511
v -0.02464802 -0.07943844 0.00000635
v -0.02464802 -0.07943844 0.00044546
v -0.02506683 -0.07101555 0.00102944
v -0.02461270 -0.07712696 0.00188504
v -0.02485490 -0.05683148 0.00446316
v -0.02460765 -0.05574579 0.00543646
v -0.02292738 -0.07278419 0.00733779
v -0.02303839 -0.05152559 0.00746455
v -0.02222095 -0.04975696 0.00835637
v -0.02222095 -0.04798833 0.00835863
v -0.02304343 -0.04620218 0.00746908
v -0.02221086 -0.04620218 0.00835637
v -0.02195857 -0.07101555 0.00821829
v -0.02126728 -0.05683148 0.00915991
v -0.02129251 -0.05506285 0.00918028
v -0.02131270 -0.05329422 0.00919838
v -0.02132784 -0.05152559 0.00921197
v -0.02220077 -0.05329422 0.00834505
v -0.02221591 -0.05152559 0.00835184
v -0.02301820 -0.05683148 0.00744418
v -0.02293242 -0.03201811 0.00733779
v -0.02287187 -0.02848085 0.00726536
v -0.02327049 -0.01606540 0.00609061
v -0.02324022 -0.01429677 0.00603629
v -0.02423426 -0.02315744 0.00457633
v -0.02435031 -0.02476847 0.00442242
v -0.02409297 -0.01962018 0.00457633
v -0.02387600 -0.01429677 0.00457633
v -0.02379022 -0.01252814 0.00457633
v -0.02454710 -0.02138881 0.00336310
v -0.02479435 -0.02476847 0.00297831
v -0.02219572 -0.04443355 0.00835184
v -0.02218563 -0.04266492 0.00834052
v -0.02111591 -0.02138881 0.00904899
v -0.02109068 -0.01962018 0.00902636
v -0.02453196 -0.02671222 -0.00316254
v -0.02410811 -0.02671222 -0.00428523
v -0.02323013 -0.02315744 -0.00587421
v -0.02409297 -0.01075951 0.00280402
v -0.02396178 -0.00897337 0.00280402
v -0.02369939 -0.00543610 0.00280402
v -0.02286683 0.00281167 0.00373884
v -0.02282141 0.00400243 0.00354192
v -0.02298288 0.00342456 0.00289230
v -0.02264481 0.00697933 0.00280402
v -0.02246316 0.00874797 0.00280402
v -0.02227646 0.01051660 0.00280402
v -0.02308380 0.00342456 0.00102944
v -0.02378013 -0.00366747 -0.00074061
v -0.02283655 0.00244394 -0.00326893
v -0.02290215 0.00127069 -0.00352017
v -0.02364389 -0.00543610 -0.00251292
v -0.02375490 -0.00720474 -0.00251292
v -0.02331086 -0.01075951 -0.00428523
v -0.02290215 -0.01075951 -0.00524948
v -0.02295765 -0.01252814 -0.00533550
v -0.02359343 -0.01606540 -0.00428523
v -0.02113609 0.01007882 -0.00526533
v -0.02120673 0.00874797 -0.00536492
v -0.02286178 -0.00965631 -0.00519516
v -0.02386086 -0.02138881 -0.00428523
v -0.02394664 -0.02315744 -0.00428523
v -0.02368426 -0.01785155 -0.00428523
v -0.02275582 -0.02494358 -0.00683845
v -0.02278104 -0.02671222 -0.00687014
v -0.02284664 -0.03291118 -0.00694484
v -0.02344205 -0.03557288 -0.00605755
v -0.02287187 -0.03557288 -0.00696747
v -0.02070215 -0.02138881 -0.00844101
v -0.02195857 -0.04975696 -0.00785476
v -0.02195857 -0.05152559 -0.00785023
v -0.02195857 -0.05329422 -0.00782081
v -0.02195857 -0.05506285 -0.00778686
v -0.02064664 -0.06922941 -0.00845685
v -0.02291728 -0.05683148 -0.00701727
v -0.02061132 -0.07101555 -0.00844101
v -0.02058105 -0.07278419 -0.00842063
v -0.02054572 -0.07455282 -0.00839347
v -0.02343196 -0.05860011 -0.00605755
v -0.02411820 -0.06569215 -0.00428523
v -0.02403747 -0.06746078 -0.00428523
v -0.02473884 -0.06213738 0.00404668
v -0.02481958 -0.05860011 0.00431603
v -0.02498105 -0.06392352 0.00280402
v -0.02469343 -0.06392352 0.00391313
v -0.02450169 -0.06922941 -0.00301089
v -0.02393655 -0.06922941 -0.00428523
v -0.02383059 -0.07101555 -0.00428523
v -0.02285673 -0.09337736 -0.00342511
v -0.02492049 -0.07278419 -0.00074061
v -0.02444618 -0.07101555 -0.00282755
v -0.02437554 -0.07444775 -0.00235221
v -0.02409802 -0.07810759 -0.00251292
v -0.02398701 -0.07987622 -0.00251292
v -0.02282141 -0.09455061 -0.00330288
v -0.02454710 -0.07632145 -0.00133138
v -0.02475903 -0.07632145 -0.00044409
v -0.02449160 -0.07810759 -0.00108239
v -0.02408793 -0.08519963 -0.00074061
v -0.02383563 -0.08873689 -0.00074061
v -0.02369435 -0.09050552 -0.00074061
v -0.02399710 -0.08873689 0.00102944
v -0.02412829 -0.08696826 0.00102944
v -0.02424435 -0.08519963 0.00102944
v -0.02435536 -0.08341348 0.00102944
v -0.02469848 -0.07810759 0.00078951
v -0.02497600 -0.07278419 0.00102944
v -0.02459251 -0.07810759 0.00167680
v -0.02378517 -0.08696826 0.00280402
v -0.02389114 -0.08519963 0.00280402
v -0.02399710 -0.08341348 0.00280402
v -0.02418884 -0.07987622 0.00280402
v -0.02462279 -0.06663775 0.00369810
v -0.02464802 -0.06569215 0.00377280
v -0.02443609 -0.06213738 0.00493397
v -0.02333609 -0.07278419 0.00634865
v -0.02284664 -0.07546340 0.00723820
v -0.02287692 -0.07455282 0.00727668
v -0.02195857 -0.07278419 0.00816171
v -0.02195857 -0.07455282 0.00806437
v -0.02133793 -0.04975696 0.00921649
v -0.02133288 -0.04798833 0.00921197
v -0.02132279 -0.04620218 0.00920744
v -0.02131270 -0.04443355 0.00920065
v -0.02103013 -0.07101555 0.00897430
v -0.02109068 -0.06746078 0.00902183
v -0.02118150 -0.06213738 0.00909200
v -0.02124206 -0.05860011 0.00913727
v -0.02014205 -0.07101555 0.00964429
v -0.02018747 -0.06569215 0.00973031
v -0.02018747 -0.06392352 0.00976878
v -0.02018747 -0.06036874 0.00984348
v -0.02018747 -0.05506285 0.00994986
v -0.02018747 -0.05329422 0.00997703
v -0.02018747 -0.05152559 0.00999287
v -0.02107554 -0.01870960 0.00900825
v -0.02184251 -0.01962018 0.00812096
v -0.02277600 -0.02315744 0.00714313
v -0.02271040 -0.01962018 0.00705939
v -0.02263976 -0.01606540 0.00697790
v -0.02320490 -0.01252814 0.00596612
v -0.02314435 -0.01075951 0.00588011
v -0.02366912 -0.01075951 0.00457633
v -0.02128242 -0.04089629 0.00918028
v -0.02126728 -0.03911015 0.00916896
v -0.02120673 -0.03201811 0.00912369
v -0.02018747 -0.02138881 0.00973031
v -0.02018747 -0.01962018 0.00969862
v -0.02270536 -0.02315744 -0.00675923
v -0.02289710 -0.00580384 0.00554511
v -0.02283655 -0.00461308 0.00544325
v -0.02190306 0.00874797 0.00457633
v -0.02352279 -0.00897337 0.00457633
v -0.02297279 -0.00720474 0.00565149
v -0.02131774 0.01584000 0.00411911
v -0.02120169 0.01760863 0.00392671
v -0.02112095 0.01885193 0.00377959
v -0.02206958 0.01228523 0.00280402
v -0.02111086 0.02060305 0.00224041
v -0.02111086 0.02060305 0.00136444
v -0.02143884 0.01760863 0.00102944
v -0.01929940 0.03445441 -0.00162790
v -0.02113609 0.01541973 -0.00355186
v -0.02170123 0.00874797 -0.00428523
v -0.02105536 0.01126958 -0.00512499
v -0.01962233 0.01937727 -0.00575877
v -0.01917829 0.01760863 -0.00681129
v -0.01925903 0.01638285 -0.00690183
v -0.01932462 0.01519209 -0.00696521
v -0.02050536 0.00874797 -0.00624995
v -0.02128747 0.00697933 -0.00545546
v -0.02058105 0.00697933 -0.00634275
v -0.02064664 -0.01606540 -0.00832557
v -0.02067692 -0.01785155 -0.00838668
v -0.02069206 -0.01962018 -0.00842063
v -0.01979389 -0.01785155 -0.00902725
v -0.01984435 -0.02494358 -0.00907026
v -0.02090903 -0.04975696 -0.00859945
v -0.02089894 -0.05152559 -0.00859719
v -0.02083839 -0.05683148 -0.00855418
v -0.02076270 -0.06213738 -0.00851344
v -0.02067692 -0.06746078 -0.00847043
v -0.01997554 -0.05506285 -0.00915174
v -0.01995031 -0.05683148 -0.00913137
v -0.02162554 -0.07278419 -0.00753334
v -0.02158013 -0.07455282 -0.00750618
v -0.02153472 -0.07632145 -0.00747676
v -0.02287187 -0.05860011 -0.00697426
v -0.02327554 -0.06022865 -0.00621147
v -0.02050536 -0.07632145 -0.00836405
v -0.01987462 -0.06213738 -0.00906347
v -0.01981912 -0.06569215 -0.00901820
v -0.01972829 -0.07101555 -0.00895029
v -0.01962233 -0.07632145 -0.00888239
v -0.01958196 -0.07810759 -0.00885975
v -0.01953655 -0.07987622 -0.00883712
v -0.02335123 -0.06213738 -0.00596022
v -0.02330582 -0.06392352 -0.00589005
v -0.02316958 -0.06922941 -0.00567955
v -0.02311912 -0.07101555 -0.00560711
v -0.02306361 -0.07278419 -0.00552789
v -0.02300306 -0.07455282 -0.00543509
v -0.02371958 -0.07278419 -0.00428523
v -0.02289205 -0.09229166 -0.00349075
v -0.02285169 -0.07903568 -0.00517931
v -0.02281132 -0.08022645 -0.00510915
v -0.02263976 -0.08519963 -0.00481036
v -0.02251866 -0.08873689 -0.00459533
v -0.02245811 -0.09050552 -0.00448669
v -0.02239251 -0.09229166 -0.00437804
v -0.02241270 -0.09400776 -0.00412453
v -0.02204435 -0.09759756 -0.00428523
v -0.02190306 -0.09936619 -0.00428523
v -0.02277600 -0.09582893 -0.00312180
v -0.02302325 -0.09400776 -0.00263289
v -0.02174664 -0.10115233 -0.00428523
v -0.02298792 -0.09582893 -0.00223677
v -0.02290215 -0.09759756 -0.00187914
v -0.02353793 -0.09229166 -0.00074061
v -0.02337646 -0.09406030 -0.00074061
v -0.02383059 -0.09050552 0.00102944
v -0.02336637 -0.09229166 0.00280402
v -0.02352279 -0.09050552 0.00280402
v -0.02366407 -0.08873689 0.00280402
v -0.02446132 -0.08164485 0.00102944
v -0.02487508 -0.07455282 0.00102944
v -0.02298792 -0.09229166 0.00408742
v -0.02266499 -0.09229166 0.00497471
v -0.02309893 -0.08686319 0.00470535
v -0.02335627 -0.08341348 0.00457633
v -0.02356820 -0.07987622 0.00457633
v -0.02377508 -0.07632145 0.00457633
v -0.02397187 -0.07278419 0.00457633
v -0.02438563 -0.06392352 0.00479816
v -0.02323517 -0.07455282 0.00634865
v -0.02106040 -0.09479577 0.00722009
v -0.02111591 -0.09362251 0.00727442
v -0.02151453 -0.08519963 0.00764337
v -0.02168105 -0.08164485 0.00779955
v -0.02176178 -0.07987622 0.00787198
v -0.02077279 -0.07987622 0.00875927
v -0.02309389 -0.07616385 0.00646635
v -0.02281637 -0.08738853 0.00538440
v -0.02277600 -0.08873689 0.00527123
v -0.02153976 -0.09936619 0.00611777
v -0.02084343 -0.09936619 0.00700506
v -0.02083334 -0.07810759 0.00881812
v -0.02098976 -0.07278419 0.00894714
v -0.02088884 -0.07632145 0.00886565
v -0.02094435 -0.07455282 0.00890866
v -0.02018747 -0.04975696 0.00999287
v -0.02018747 -0.04620218 0.00997250
v -0.02018747 -0.04266492 0.00994534
v -0.02018747 -0.03557288 0.00987970
v -0.02018747 -0.03201811 0.00984574
v -0.02018747 -0.03024948 0.00982764
v -0.02018747 -0.02315744 0.00975068
v -0.02010673 -0.07278419 0.00962166
v -0.01872417 -0.07278419 0.01050895
v -0.01875444 -0.07101555 0.01053158
v -0.01878472 -0.06922941 0.01054743
v -0.01886545 -0.06392352 0.01059496
v -0.01889573 -0.06213738 0.01060854
v -0.01897646 -0.05506285 0.01066286
v -0.01899160 -0.05329422 0.01067418
v -0.02102004 -0.01751883 0.00895845
v -0.02113105 -0.00011270 0.00730158
v -0.02120169 -0.00188133 0.00738080
v -0.02148426 -0.00897337 0.00769543
v -0.02169618 -0.01429677 0.00793083
v -0.02258426 -0.01429677 0.00692131
v -0.02032875 -0.01800915 0.00953112
v -0.02006132 -0.01606540 0.00961487
v -0.01805306 0.00874797 0.00943152
v -0.01796728 0.01051660 0.00937267
v -0.01901178 0.00697933 0.00876153
v -0.01893609 0.00874797 0.00868684
v -0.02251361 -0.01252814 0.00685114
v -0.02305857 -0.00897337 0.00577146
v -0.02244297 -0.01075951 0.00676513
v -0.02104022 0.00214624 0.00718614
v -0.01883517 -0.02138881 0.01057685
v -0.01882004 -0.01962018 0.01056553
v -0.01880490 -0.01785155 0.01054743
v -0.01876958 -0.01606540 0.01049989
v -0.02150444 -0.01606540 -0.00743828
v -0.02158517 -0.01785155 -0.00749939
v -0.02096958 0.00342456 0.00708428
v -0.02151958 0.00342456 0.00619926
v -0.02133288 0.00697933 0.00588690
v -0.02123701 0.00874797 0.00572619
v -0.02158517 0.01069171 0.00475289
v -0.02154985 0.01228523 0.00448353
v -0.02089894 0.01407137 0.00518748
v -0.02078288 0.01584000 0.00500413
v -0.02067187 0.01760863 0.00481174
v -0.01927921 0.02541863 0.00542741
v -0.01920857 0.02646930 0.00531423
v -0.01909251 0.02825544 0.00510826
v -0.01897646 0.03002408 0.00488191
v -0.01957692 0.02825544 0.00422323
v -0.01945077 0.03002408 0.00399462
v -0.01935995 0.03133742 0.00381354
v -0.01927417 0.03251067 0.00360077
v -0.01943563 0.03356134 0.00243054
v -0.02103517 0.02002518 0.00342195
v -0.02185261 0.01407137 0.00280402
v -0.02141866 0.01760863 0.00280402
v -0.02119160 0.01941229 0.00281987
v -0.01934985 0.03452445 0.00210007
v -0.01954160 0.03356134 0.00102944
v -0.01976361 0.03179271 0.00102944
v -0.01998059 0.03002408 0.00102944
v -0.02019251 0.02825544 0.00102944
v -0.02040444 0.02646930 0.00102944
v -0.02081820 0.02293204 0.00102944
v -0.01945582 0.03356134 -0.00074061
v -0.01932967 0.03448943 -0.00074061
v -0.01841132 0.03490971 -0.00074061
v -0.01831545 0.03464704 -0.00233637
v -0.01766453 0.03452445 -0.00356092
v -0.01768976 0.03293094 -0.00540340
v -0.01857784 0.03179271 -0.00428523
v -0.01914802 0.03179271 -0.00297694
v -0.01923884 0.03044434 -0.00322366
v -0.02141361 0.01062167 -0.00443463
v -0.01938517 0.02825544 -0.00361071
v -0.01950628 0.02646930 -0.00390723
v -0.02080306 0.01594507 -0.00420149
v -0.01923380 0.02512094 -0.00501861
v -0.01931453 0.02394769 -0.00520195
v -0.01938517 0.02293204 -0.00532644
v -0.01950123 0.02116341 -0.00554826
v -0.01905215 0.01937727 -0.00664379
v -0.01757371 0.02767758 -0.00699463
v -0.01765444 0.02646930 -0.00706933
v -0.01664022 0.02646930 -0.00783892
v -0.01646866 0.02456058 -0.00815128
v -0.01568655 0.02505090 -0.00866962
v -0.01926912 -0.00480570 -0.00869452
v -0.01933472 -0.00597895 -0.00874658
v -0.01948609 -0.00897337 -0.00887107
v -0.01946086 0.01228523 -0.00708744
v -0.01576224 0.02387765 -0.00872168
v -0.01962233 0.00874797 -0.00723683
v -0.02059618 -0.01429677 -0.00823503
v -0.01957187 -0.01075951 -0.00893445
v -0.01964756 -0.01252814 -0.00898198
v -0.01970811 -0.01429677 -0.00900461
v -0.01975857 -0.01606540 -0.00901593
v -0.01841132 -0.01429677 -0.00962707
v -0.01841132 -0.01606540 -0.00965197
v -0.01841132 -0.02315744 -0.00973799
v -0.01841132 -0.02848085 -0.00979910
v -0.01841132 -0.03380425 -0.00985569
v -0.01841132 -0.03557288 -0.00987380
v -0.01841132 -0.04620218 -0.00997339
v -0.01841132 -0.04798833 -0.00998923
v -0.02000582 -0.04798833 -0.00918343
v -0.02002095 -0.04975696 -0.00919022
v -0.02001591 -0.05152559 -0.00918343
v -0.01999572 -0.05329422 -0.00916985
v -0.01841132 -0.05506285 -0.00995981
v -0.01841132 -0.05860011 -0.00989643
v -0.01841132 -0.06213738 -0.00983079
v -0.01841132 -0.06392352 -0.00979684
v -0.02047004 -0.07810759 -0.00832783
v -0.02147921 -0.07810759 -0.00744281
v -0.02284664 -0.05954572 -0.00694936
v -0.01841132 -0.06569215 -0.00976062
v -0.01841132 -0.06746078 -0.00971988
v -0.01841132 -0.07810759 -0.00945052
v -0.01841132 -0.07987622 -0.00940525
v -0.01684710 -0.08164485 -0.01014541
v -0.01947600 -0.08164485 -0.00880769
v -0.02255398 -0.07101555 -0.00649440
v -0.02251361 -0.07278419 -0.00641292
v -0.02246820 -0.07455282 -0.00632238
v -0.02241774 -0.07632145 -0.00622505
v -0.02236728 -0.07810759 -0.00612093
v -0.02294251 -0.07632145 -0.00533776
v -0.02216545 -0.08164485 -0.00605755
v -0.02191316 -0.08519963 -0.00605755
v -0.02218059 -0.09582893 -0.00428523
v -0.02143884 -0.09406030 -0.00572482
v -0.02121178 -0.09936619 -0.00537850
v -0.02113105 -0.10115233 -0.00526306
v -0.02146407 -0.10468960 -0.00409510
v -0.02134297 -0.10645823 -0.00390950
v -0.02242783 -0.10115233 -0.00251292
v -0.02271545 -0.09759756 -0.00276643
v -0.02108563 -0.10216798 -0.00519290
v -0.02102508 -0.10335874 -0.00510009
v -0.02095444 -0.10468960 -0.00498013
v -0.02148426 -0.10283340 -0.00441878
v -0.02265490 -0.09920859 -0.00234769
v -0.02284664 -0.09850814 -0.00164600
v -0.02320490 -0.09582893 -0.00074061
v -0.02301820 -0.09759756 -0.00074061
v -0.02363884 -0.09229166 0.00102944
v -0.02286683 -0.09866574 0.00200727
v -0.02319481 -0.09406030 0.00280402
v -0.02286683 -0.09512848 0.00375242
v -0.02291728 -0.09406030 0.00389729
v -0.02261453 -0.09406030 0.00478458
v -0.01932462 -0.11291986 0.00726310
v -0.02062646 -0.08341348 0.00860761
v -0.01937508 -0.11178163 0.00731516
v -0.02054572 -0.08519963 0.00853065
v -0.02070215 -0.08164485 0.00868457
v -0.01966270 -0.08519963 0.00932061
v -0.01747279 -0.09090828 0.01076019
v -0.01753334 -0.08973503 0.01078509
v -0.02143380 -0.10115233 0.00601139
v -0.02076270 -0.10115233 0.00689641
v -0.01995031 -0.07810759 0.00950169
v -0.02005628 -0.07455282 0.00958544
v -0.01899160 -0.05152559 0.01067418
v -0.01897141 -0.04798833 0.01066513
v -0.01887554 -0.03024948 0.01061080
v -0.01755352 -0.08873689 0.01079641
v -0.01757875 -0.08696826 0.01081225
v -0.01787141 -0.07101555 0.01091411
v -0.01795215 -0.06569215 0.01094127
v -0.01797738 -0.06392352 0.01095033
v -0.01800765 -0.06213738 0.01095712
v -0.01810857 -0.05329422 0.01095485
v -0.01803288 -0.06036874 0.01095938
v -0.01806820 -0.05683148 0.01095938
v -0.02108563 0.00095548 0.00725178
v -0.01871407 -0.01429677 0.01043425
v -0.01751820 -0.00639922 0.01077604
v -0.01689251 0.00521070 0.01042972
v -0.01664022 0.01228523 0.01013094
v -0.01787646 0.01228523 0.00930930
v -0.01777554 0.01407137 0.00923007
v -0.01885536 0.01051660 0.00858498
v -0.01979894 0.00874797 0.00779955
v -0.01968793 0.01051660 0.00769769
v -0.01792187 -0.01785155 0.01093222
v -0.01788655 -0.01606540 0.01093222
v -0.01782600 -0.01429677 0.01092317
v -0.01776545 -0.01252814 0.01090279
v -0.01762921 -0.00897337 0.01083715
v -0.01757371 -0.00758998 0.01080773
v -0.02078288 0.00697933 0.00677418
v -0.02068196 0.00874797 0.00661348
v -0.02114618 0.01021891 0.00558359
v -0.02107049 0.01140967 0.00546136
v -0.02101499 0.01228523 0.00537082
v -0.01955673 0.02116341 0.00586426
v -0.01935490 0.02424538 0.00554964
v -0.01885536 0.02478823 0.00622416
v -0.01800261 0.03002408 0.00648899
v -0.01797738 0.03179271 0.00615399
v -0.01893609 0.03186275 0.00447221
v -0.01778563 0.03308854 0.00585747
v -0.01911774 0.03356134 0.00331783
v -0.01824985 0.03363138 0.00463292
v -0.01790169 0.03464704 0.00407837
v -0.01846178 0.03480463 0.00273612
v -0.01841132 0.03499726 0.00102944
v -0.01936499 0.03454197 0.00102944
v -0.01664022 0.03529494 -0.00074061
v -0.01664022 0.03494472 -0.00251292
v -0.01664022 0.03455949 -0.00364014
v -0.01664022 0.03405165 -0.00452516
v -0.01664022 0.03315858 -0.00575650
v -0.01618105 0.03145999 -0.00730926
v -0.01736178 0.03002408 -0.00674112
v -0.01784618 0.03179271 -0.00563428
v -0.01900674 0.02825544 -0.00449800
v -0.01892095 0.02991901 -0.00413358
v -0.01798242 0.03002408 -0.00585383
v -0.01802784 0.02825544 -0.00619562
v -0.01747279 0.02885083 -0.00687920
v -0.01647371 0.03002408 -0.00754014
v -0.01678655 0.02825544 -0.00752429
v -0.01547463 0.02825544 -0.00851796
v -0.01470765 0.02646930 -0.00921286
v -0.01459160 0.02825544 -0.00913137
v -0.01592371 0.02116341 -0.00883259
v -0.01819939 -0.00188133 -0.00917211
v -0.01939527 -0.00720474 -0.00879864
v -0.01831040 -0.00366747 -0.00922644
v -0.01664022 0.00342456 -0.00975609
v -0.01664022 0.00165593 -0.00985569
v -0.01664022 -0.00011270 -0.00994623
v -0.01841132 -0.00897337 -0.00945052
v -0.01841132 -0.01075951 -0.00952974
v -0.01841132 -0.01252814 -0.00958860
v -0.01664022 -0.00188133 -0.01003224
v -0.01682692 -0.01429677 -0.01022690
v -0.01600949 -0.01785155 -0.01058679
v -0.01647371 -0.00541860 -0.01021558
v -0.01668059 -0.00720474 -0.01017031
v -0.01675123 -0.01075951 -0.01019974
v -0.01606499 -0.02138881 -0.01060717
v -0.01704894 -0.02848085 -0.01031518
v -0.01712463 -0.03380425 -0.01034687
v -0.01714481 -0.03557288 -0.01035592
v -0.01719022 -0.03911015 -0.01037176
v -0.01726086 -0.04620218 -0.01040345
v -0.01841132 -0.04975696 -0.01000281
v -0.01841132 -0.05152559 -0.01000281
v -0.01841132 -0.05329422 -0.00998697
v -0.01715995 -0.06569215 -0.01034687
v -0.01712967 -0.06746078 -0.01032876
v -0.01600444 -0.07987622 -0.01060717
v -0.02042462 -0.07987622 -0.00828030
v -0.02142371 -0.07987622 -0.00739527
v -0.01595903 -0.08164485 -0.01059132
v -0.01688747 -0.07987622 -0.01017031
v -0.01589848 -0.08341348 -0.01056190
v -0.01940031 -0.08341348 -0.00876921
v -0.02136316 -0.08164485 -0.00733189
v -0.02129756 -0.08341348 -0.00725494
v -0.02123196 -0.08519963 -0.00716440
v -0.02150444 -0.09229166 -0.00584025
v -0.02110582 -0.08821156 -0.00698784
v -0.02054068 -0.10115233 -0.00614809
v -0.02100490 -0.09050552 -0.00684072
v -0.01929940 -0.11796308 -0.00516800
v -0.02121178 -0.10824437 -0.00368767
v -0.02222095 -0.10292096 -0.00251292
v -0.02055582 -0.10283340 -0.00589458
v -0.02025811 -0.10468960 -0.00605755
v -0.01940031 -0.10645823 -0.00708291
v -0.01932967 -0.10763148 -0.00699011
v -0.01976866 -0.10822686 -0.00620241
v -0.01965765 -0.11178163 -0.00573161
v -0.02288196 -0.09882334 -0.00074061
v -0.02202416 -0.10645823 -0.00074061
v -0.02222600 -0.10468960 -0.00074061
v -0.02344205 -0.09406030 0.00102944
v -0.02109068 -0.11460093 0.00197332
v -0.02241270 -0.10115233 0.00280402
v -0.02292738 -0.09759756 0.00227436
v -0.02300306 -0.09575888 0.00285608
v -0.02280123 -0.09630173 0.00348307
v -0.02220582 -0.09936619 0.00457633
v -0.02238242 -0.09759756 0.00457633
v -0.02258930 -0.09575888 0.00443600
v -0.01925903 -0.11409311 0.00714992
v -0.01801774 -0.11887367 0.00774749
v -0.01814389 -0.11710503 0.00784255
v -0.01828013 -0.11533640 0.00791725
v -0.01856270 -0.11353275 0.00786292
v -0.01841132 -0.11178163 0.00815944
v -0.01766958 -0.10824437 0.00912369
v -0.01855765 -0.10824437 0.00835184
v -0.01865352 -0.10645823 0.00842427
v -0.01874435 -0.10468960 0.00849897
v -0.01957692 -0.08696826 0.00925271
v -0.01949114 -0.08873689 0.00918028
v -0.01858288 -0.09236171 0.00968277
v -0.01785628 -0.10468960 0.00927987
v -0.01776545 -0.10645823 0.00920065
v -0.01752325 -0.11087105 0.00900599
v -0.01676637 -0.10292096 0.01023959
v -0.01579756 -0.10416426 0.01080999
v -0.01587829 -0.10292096 0.01085752
v -0.01597417 -0.10115233 0.01090958
v -0.01678655 -0.09040045 0.01098654
v -0.01664022 -0.08873689 0.01107029
v -0.01664022 -0.08696826 0.01110424
v -0.01664022 -0.08519963 0.01113593
v -0.01664022 -0.08341348 0.01116762
v -0.01486912 -0.10115233 0.01127174
v -0.02131774 -0.10292096 0.00586653
v -0.01810857 -0.05152559 0.01095485
v -0.01795719 -0.02315744 0.01093675
v -0.01793701 -0.01962018 0.01093448
v -0.01664022 -0.07987622 0.01122647
v -0.01664022 -0.07810759 0.01125363
v -0.01664022 -0.07632145 0.01127853
v -0.01664022 -0.07455282 0.01130117
v -0.01664022 -0.07278419 0.01131928
v -0.01664022 -0.07101555 0.01133059
v -0.01664022 -0.06213738 0.01136907
v -0.01664022 -0.06036874 0.01137134
v -0.01664022 -0.06746078 0.01134870
v -0.01664022 -0.06392352 0.01136455
v -0.01591362 0.00697933 0.01085752
v -0.01581774 0.00874797 0.01081225
v -0.01576729 0.00972859 0.01078509
v -0.01533334 0.01760863 0.01056553
v -0.01680169 0.00697933 0.01037314
v -0.01664022 0.01407137 0.01000419
v -0.01523747 0.01937727 0.01049989
v -0.01664022 0.01584000 0.00986159
v -0.01656453 0.01937727 0.00961487
v -0.01645352 0.02116341 0.00953791
v -0.01633747 0.02293204 0.00946548
v -0.01766958 0.01584000 0.00913953
v -0.01758885 0.01722339 0.00906258
v -0.01751316 0.01841415 0.00899693
v -0.01876453 0.01228523 0.00846049
v -0.01957187 0.01228523 0.00757320
v -0.01733655 0.02116341 0.00882944
v -0.01722554 0.02293204 0.00870947
v -0.01664022 -0.01429677 0.01130343
v -0.01664022 -0.01252814 0.01128080
v -0.01664022 -0.01075951 0.01124684
v -0.01664022 -0.00897337 0.01120610
v -0.01486912 0.00521070 0.01132154
v -0.01600444 0.00521070 0.01090053
v -0.01945582 0.01407137 0.00743739
v -0.01936499 0.01545476 0.00732195
v -0.01928930 0.01662801 0.00721557
v -0.02067187 0.01069171 0.00624453
v -0.01748793 0.03060194 0.00717256
v -0.01723059 0.03179271 0.00704128
v -0.01598930 0.03277334 0.00735817
v -0.01579252 0.03095217 0.00903541
v -0.01664022 0.03473460 0.00427303
v -0.01664022 0.03518989 0.00280402
v -0.01664022 0.03422677 0.00516032
v -0.01664022 0.03536500 0.00102944
v 0.00639922 0.03520739 0.00102944
v 0.00108087 0.03517237 -0.00074061
v 0.01703591 0.03476961 -0.00251292
v 0.01171757 0.03480463 -0.00251292
v -0.00777463 0.03490971 -0.00251292
v -0.01486912 0.03494472 -0.00251292
v -0.01486912 0.03455949 -0.00363561
v -0.01309298 0.03413921 -0.00451611
v -0.01486912 0.03413921 -0.00452064
v -0.01486912 0.03324614 -0.00599417
v -0.01486912 0.03261574 -0.00687920
v -0.01486912 0.03174017 -0.00756277
v -0.01434940 0.02953376 -0.00896161
v -0.01309298 0.02646930 -0.00988511
v -0.01520719 0.00521070 -0.01036271
v -0.01664022 0.00521070 -0.00963387
v -0.01309298 0.02825544 -0.00967687
v -0.01534343 0.00342456 -0.01041024
v -0.01664022 -0.00366747 -0.01010014
v -0.01544435 0.00165593 -0.01043288
v -0.01597417 -0.01606540 -0.01057321
v -0.01576729 -0.00601398 -0.01049626
v -0.01579252 -0.00720474 -0.01050531
v -0.01590353 -0.01252814 -0.01054605
v -0.01486912 -0.01075951 -0.01072487
v -0.01560582 -0.00188133 -0.01046457
v -0.01573196 -0.00482322 -0.01048720
v -0.01613563 -0.02671222 -0.01062980
v -0.01486912 -0.01606540 -0.01076561
v -0.01486912 -0.01785155 -0.01077919
v -0.01621132 -0.03201811 -0.01065017
v -0.01623655 -0.03380425 -0.01065696
v -0.01729618 -0.04975696 -0.01041703
v -0.01630215 -0.03911015 -0.01067507
v -0.01731132 -0.05152559 -0.01042382
v -0.01730123 -0.05329422 -0.01042156
v -0.01720536 -0.06213738 -0.01037176
v -0.01718517 -0.06392352 -0.01036045
v -0.01603472 -0.07810759 -0.01062075
v -0.01486912 -0.08164485 -0.01078372
v -0.02036407 -0.08164485 -0.00821692
v -0.01928930 -0.08595261 -0.00871262
v -0.01916820 -0.08873689 -0.00864925
v -0.01901178 -0.09229166 -0.00856097
v -0.01893609 -0.09406030 -0.00851117
v -0.01445031 -0.09406030 -0.01067733
v -0.01437967 -0.09582893 -0.01066375
v -0.01429389 -0.09759756 -0.01063206
v -0.01581774 -0.08519963 -0.01052115
v -0.01797233 -0.09582893 -0.00894350
v -0.01812371 -0.09229166 -0.00902499
v -0.01980903 -0.09759756 -0.00751071
v -0.01972829 -0.09936619 -0.00744733
v -0.01965261 -0.10115233 -0.00737716
v -0.01957692 -0.10292096 -0.00729794
v -0.01949618 -0.10468960 -0.00720514
v -0.01924389 -0.11887367 -0.00502540
v -0.01925903 -0.10880473 -0.00688825
v -0.01918334 -0.11001300 -0.00677960
v -0.01792187 -0.12596570 -0.00562522
v -0.01777050 -0.12773433 -0.00545999
v -0.02112600 -0.10947015 -0.00351112
v -0.02178701 -0.10645823 -0.00251292
v -0.02111591 -0.11477605 -0.00006382
v -0.02181224 -0.10824437 -0.00074061
v -0.01829527 -0.11001300 -0.00766915
v -0.01817417 -0.11178163 -0.00755145
v -0.01804802 -0.11355026 -0.00742243
v -0.01791683 -0.11533640 -0.00729342
v -0.02185765 -0.10824437 0.00102944
v -0.02126224 -0.11355026 0.00102944
v -0.02111591 -0.11481107 0.00102944
v -0.02100994 -0.11568663 0.00102944
v -0.02082325 -0.11710503 0.00102944
v -0.02056086 -0.11887367 0.00102944
v -0.02020765 -0.11887367 0.00280402
v -0.02048517 -0.11710503 0.00280402
v -0.02107049 -0.11088856 0.00368226
v -0.02200398 -0.10115233 0.00457633
v -0.02181728 -0.10645823 0.00280402
v -0.02119160 -0.10468960 0.00567866
v -0.01952646 -0.11533640 0.00605892
v -0.01916316 -0.11533640 0.00694621
v -0.01782095 -0.12064230 0.00756641
v -0.02110582 -0.10581031 0.00553379
v -0.01696820 -0.11887367 0.00863251
v -0.01712463 -0.11710503 0.00872758
v -0.01735674 -0.11355026 0.00888376
v -0.01635765 -0.11533640 0.00942926
v -0.01681683 -0.11017060 0.00956507
v -0.01664022 -0.10645823 0.01001777
v -0.01509114 -0.11533640 0.01031655
v -0.01420307 -0.11533640 0.01092317
v -0.01431912 -0.11355026 0.01098654
v -0.01441499 -0.11178163 0.01102955
v -0.01486912 -0.09936619 0.01131475
v -0.01486912 -0.09759756 0.01134644
v -0.01309298 -0.11355026 0.01131249
v -0.01309298 -0.11178163 0.01136681
v -0.01664022 -0.04798833 0.01135549
v -0.01664022 -0.02494358 0.01132380
v -0.01664022 -0.01606540 0.01131022
v -0.01486912 -0.09229166 0.01143471
v -0.01486912 -0.08519963 0.01155242
v -0.01486912 -0.08164485 0.01161127
v -0.01486912 -0.07987622 0.01163843
v -0.01486912 -0.07810759 0.01166106
v -0.01486912 -0.07632145 0.01167691
v -0.01486912 -0.07455282 0.01168823
v -0.01486912 -0.07278419 0.01169501
v -0.01486912 -0.07101555 0.01169728
v -0.01486912 -0.06746078 0.01169728
v -0.01486912 -0.06036874 0.01169275
v -0.01486912 -0.02315744 0.01166559
v -0.01486912 -0.01075951 0.01165654
v -0.01434940 0.01937727 0.01096391
v -0.01415765 0.02293204 0.01087337
v -0.01504068 0.02293204 0.01035050
v -0.01406683 0.02435045 0.01082810
v -0.01622141 0.02470067 0.00938173
v -0.01610536 0.02646930 0.00929119
v -0.01598930 0.02825544 0.00919612
v -0.01586820 0.03002408 0.00909879
v -0.01745261 0.01937727 0.00893808
v -0.01710949 0.02470067 0.00858045
v -0.01787141 0.02470067 0.00769543
v -0.01486912 -0.00897337 0.01164748
v -0.01486912 -0.00720474 0.01162258
v -0.01486912 -0.00188133 0.01152752
v -0.01486912 -0.00011270 0.01148677
v -0.01486912 0.00165593 0.01143471
v -0.01486912 0.00342456 0.01138039
v -0.01309298 0.01760863 0.01143698
v -0.01309298 0.01937727 0.01137586
v -0.01309298 0.02116341 0.01131022
v -0.01444527 0.01760863 0.01100012
v -0.01486912 0.00697933 0.01125363
v -0.01776040 0.02646930 0.00755509
v -0.01764435 0.02825544 0.00740117
v -0.01756362 0.02942869 0.00729252
v -0.01688747 0.03002408 0.00797836
v -0.01486912 0.03280835 0.00742154
v -0.01486912 0.03105724 0.00912595
v -0.01486912 0.03195031 0.00830657
v -0.01687738 0.02825544 0.00828620
v -0.01486912 0.02825544 0.00996797
v -0.01319389 0.02834300 0.01064928
v -0.01309298 0.03002408 0.00996344
v -0.01486912 0.03473460 0.00427076
v -0.01486912 0.03518989 0.00280402
v -0.01486912 0.03427930 0.00515805
v -0.00955077 0.03429681 0.00514221
v -0.01486912 0.03352632 0.00634865
v 0.01349371 0.03515485 0.00102944
v 0.01349371 0.03508482 -0.00074061
v 0.01703591 0.03504980 -0.00074061
v 0.01833270 0.03461200 -0.00251292
v 0.01796940 0.03447192 -0.00344322
v 0.01703591 0.03448943 -0.00347264
v 0.01171757 0.03450695 -0.00351338
v 0.00462812 0.03452445 -0.00354734
v -0.00423243 0.03454197 -0.00359034
v -0.00955077 0.03413921 -0.00450253
v -0.00777463 0.03324614 -0.00598059
v -0.00955077 0.03324614 -0.00598738
v -0.01309298 0.03324614 -0.00599191
v -0.01309298 0.03263325 -0.00687693
v 0.00285702 0.03079457 -0.00861982
v -0.01309298 0.03174017 -0.00764199
v -0.01309298 0.03063697 -0.00852928
v -0.01309298 0.02974390 -0.00911553
v -0.01132187 0.02646930 -0.01014089
v -0.00955077 0.02293204 -0.01079504
v -0.01071132 0.02293204 -0.01057548
v -0.01092325 0.02116341 -0.01064791
v -0.01249252 0.01584000 -0.01055737
v -0.01337554 0.01584000 -0.01035366
v -0.01401637 0.00976362 -0.01050078
v -0.01132187 0.02825544 -0.00984437
v -0.01408196 0.00874797 -0.01051889
v -0.01432417 0.00521070 -0.01055511
v -0.01445536 0.00342456 -0.01057095
v -0.01455628 0.00165593 -0.01058453
v -0.01486912 -0.00897337 -0.01070450
v -0.01309298 0.00342456 -0.01076108
v -0.01309298 0.00165593 -0.01077919
v -0.01309298 -0.00188133 -0.01081088
v -0.01309298 -0.00720474 -0.01085615
v -0.01471774 -0.00188133 -0.01061622
v -0.01503059 -0.00541860 -0.01062075
v -0.01486912 -0.00720474 -0.01067733
v -0.01486912 -0.01962018 -0.01079051
v -0.01309298 -0.00897337 -0.01086973
v -0.01486912 -0.03201811 -0.01084257
v -0.01486912 -0.03557288 -0.01085615
v -0.01634252 -0.04266492 -0.01068186
v -0.01486912 -0.02138881 -0.01079956
v -0.01486912 -0.02494358 -0.01081541
v -0.01639297 -0.04798833 -0.01068413
v -0.01642325 -0.05152559 -0.01068413
v -0.01641820 -0.05329422 -0.01068413
v -0.01633747 -0.06036874 -0.01068413
v -0.01629710 -0.06392352 -0.01067960
v -0.01627692 -0.06569215 -0.01067507
v -0.01624160 -0.06746078 -0.01066828
v -0.01606499 -0.07632145 -0.01062980
v -0.01486912 -0.07987622 -0.01079956
v -0.01616591 -0.07101555 -0.01065470
v -0.01309298 -0.09582893 -0.01085162
v -0.01885536 -0.09582893 -0.00845685
v -0.01877967 -0.09759756 -0.00839800
v -0.01781086 -0.09936619 -0.00886201
v -0.01763930 -0.10292096 -0.00877374
v -0.01751316 -0.10546009 -0.00871262
v -0.01737187 -0.10824437 -0.00863793
v -0.01265398 -0.11178163 -0.01067281
v -0.01258334 -0.11355026 -0.01065470
v -0.01249756 -0.11533640 -0.01062075
v -0.01420307 -0.09936619 -0.01059359
v -0.01411224 -0.10115233 -0.01055284
v -0.01404160 -0.10258825 -0.01051889
v -0.01472784 -0.10307857 -0.01016579
v -0.01869894 -0.09936619 -0.00833236
v -0.01861316 -0.10115233 -0.00826219
v -0.01852738 -0.10292096 -0.00818297
v -0.01725077 -0.11001300 -0.00855644
v -0.01914297 -0.12064230 -0.00469945
v -0.01778059 -0.11710503 -0.00716440
v -0.01696820 -0.12596570 -0.00651251
v -0.01763426 -0.11887367 -0.00703538
v -0.01754848 -0.11987181 -0.00696068
v -0.01677141 -0.12773433 -0.00634728
v -0.01762417 -0.12894261 -0.00529475
v -0.01879985 -0.12419707 -0.00428523
v -0.02104022 -0.11066091 -0.00323950
v -0.02154481 -0.10824437 -0.00251292
v -0.02090903 -0.11535392 -0.00068855
v -0.02064664 -0.11710503 -0.00074061
v -0.02038930 -0.11887367 -0.00074061
v -0.01710444 -0.11178163 -0.00843874
v -0.02009160 -0.12064230 -0.00074061
v -0.02019756 -0.12064230 0.00102944
v -0.01935490 -0.12353165 0.00207065
v -0.01950123 -0.12242844 0.00245092
v -0.01972325 -0.12079990 0.00296020
v -0.01944068 -0.12030959 0.00406252
v -0.01921866 -0.11929394 0.00524406
v -0.01932462 -0.11812069 0.00552247
v -0.01982921 -0.11710503 0.00457633
v -0.02115123 -0.10969780 0.00391313
v -0.02034894 -0.11355026 0.00457633
v -0.02060628 -0.11178163 0.00457633
v -0.02085352 -0.11018811 0.00453333
v -0.02102004 -0.10700107 0.00531650
v -0.02178701 -0.10292096 0.00457633
v -0.01940031 -0.11710503 0.00572392
v -0.01903196 -0.11710503 0.00661121
v -0.01676637 -0.12064230 0.00845370
v -0.01893105 -0.11876860 0.00620831
v -0.01847187 -0.12064230 0.00634865
v -0.01763930 -0.12190310 0.00737401
v -0.01371866 -0.13128911 0.00876606
v -0.01388013 -0.13001079 0.00893129
v -0.02124710 -0.10824437 0.00419154
v -0.01608013 -0.11887367 0.00922555
v -0.01409206 -0.11670228 0.01085300
v -0.01623655 -0.11710503 0.00934098
v -0.01546453 -0.12419707 0.00880001
v -0.01402646 -0.12883754 0.00903994
v -0.01563105 -0.12277867 0.00892677
v -0.01587829 -0.12064230 0.00908974
v -0.01309298 -0.11533640 0.01124005
v -0.01309298 -0.11001300 0.01140076
v -0.01132187 -0.11710503 0.01140303
v -0.01132187 -0.11533640 0.01144603
v -0.01309298 -0.10824437 0.01143019
v -0.01309298 -0.10645823 0.01145961
v -0.01309298 -0.10115233 0.01154110
v -0.01309298 -0.09936619 0.01156600
v -0.01309298 -0.09582893 0.01160900
v -0.01309298 -0.08519963 0.01173350
v -0.01309298 -0.08341348 0.01174934
v -0.01309298 -0.08164485 0.01176066
v -0.01309298 -0.07810759 0.01177877
v -0.01309298 -0.07278419 0.01178103
v -0.01309298 -0.00366747 0.01177877
v -0.01309298 -0.00188133 0.01177650
v -0.01309298 0.02293204 0.01124005
v -0.01326453 0.02484076 0.01108387
v -0.01474297 0.02484076 0.01036861
v -0.01299206 0.02646930 0.01107256
v -0.01397096 0.02552370 0.01077604
v -0.01699343 0.02646930 0.00844012
v -0.01309298 -0.00011270 0.01176518
v -0.01309298 0.00165593 0.01174708
v -0.01309298 0.00521070 0.01169728
v -0.01309298 0.00874797 0.01164296
v -0.01309298 0.01228523 0.01158410
v -0.01309298 0.01407137 0.01154336
v -0.01309298 0.01584000 0.01149130
v -0.01132187 0.02470067 0.01159316
v -0.00423243 0.03282587 0.00742154
v -0.00955077 0.03354383 0.00634865
v -0.01309298 0.03203787 0.00830657
v -0.01309298 0.03114479 0.00920065
v -0.01387508 0.02646930 0.01073756
v -0.01132187 0.02890336 0.01068323
v -0.01266912 0.02780015 0.01095033
v -0.01132187 0.03002408 0.00999061
v -0.01132187 0.03471708 0.00426397
v -0.00777463 0.03429681 0.00513315
v -0.00777463 0.03469956 0.00424587
v -0.00068518 0.03506730 0.00280402
v -0.00600353 0.03354383 0.00634865
v 0.00285702 0.03352632 0.00634865
v 0.01703591 0.03511983 0.00102944
v 0.01349371 0.03492720 0.00280402
v 0.01881206 0.03487469 0.00102944
v 0.01892812 0.03471708 -0.00071345
v 0.01972032 0.03448943 -0.00010457
v 0.01959922 0.03422677 -0.00128611
v 0.01813087 0.03294845 -0.00544414
v 0.01703591 0.03312356 -0.00571350
v 0.01703591 0.03401663 -0.00435993
v 0.01526481 0.03406917 -0.00437351
v 0.01171757 0.03408667 -0.00440067
v -0.00245628 0.03412170 -0.00446858
v -0.00600353 0.03324614 -0.00597154
v -0.00600353 0.03261574 -0.00685882
v -0.00777463 0.03261574 -0.00686788
v 0.00639922 0.03079457 -0.00862887
v 0.00462812 0.03079457 -0.00862887
v 0.00462812 0.02991901 -0.00917664
v 0.00285702 0.02990150 -0.00917664
v -0.01132187 0.02977892 -0.00915174
v -0.00777463 0.03068950 -0.00856323
v -0.00955077 0.03067199 -0.00855192
v -0.00786545 0.02485827 -0.01069771
v -0.00955077 0.02431542 -0.01061396
v -0.00777463 0.02293204 -0.01097159
v -0.00955077 0.02116341 -0.01086294
v -0.01132187 0.01584000 -0.01075203
v -0.01264389 0.01407137 -0.01059585
v -0.00955077 0.02825544 -0.00987832
v -0.00600353 0.02470067 -0.01079277
v -0.01309298 0.00874797 -0.01067054
v -0.01309298 0.00697933 -0.01070676
v -0.01309298 0.00521070 -0.01073845
v -0.00955077 0.01937727 -0.01088331
v -0.01309298 -0.01075951 -0.01087652
v -0.00245628 0.02116341 -0.01131564
v -0.01486912 -0.03911015 -0.01086747
v -0.01486912 -0.04089629 -0.01087200
v -0.01637279 -0.04620218 -0.01068413
v -0.01486912 -0.04443355 -0.01087652
v -0.01486912 -0.06036874 -0.01087652
v -0.01486912 -0.06392352 -0.01087200
v -0.01486912 -0.06569215 -0.01086747
v -0.01486912 -0.07101555 -0.01084710
v -0.01486912 -0.07810759 -0.01081314
v -0.01309298 -0.09406030 -0.01086747
v -0.01132187 -0.11178163 -0.01085615
v -0.01132187 -0.11355026 -0.01083804
v -0.01486912 -0.11001300 -0.00975609
v -0.01329481 -0.11710503 -0.01016126
v -0.01608518 -0.11355026 -0.00892992
v -0.01225031 -0.12016949 -0.01050984
v -0.01216958 -0.12134275 -0.01048041
v -0.01196270 -0.12419707 -0.01040345
v -0.01081729 -0.12773433 -0.01066828
v -0.01240674 -0.11710503 -0.01058227
v -0.01231591 -0.11887367 -0.01054153
v -0.01593380 -0.11533640 -0.00884391
v -0.01696820 -0.11355026 -0.00830746
v -0.01682187 -0.11533640 -0.00817844
v -0.01625169 -0.12419707 -0.00732284
v -0.01608013 -0.12596570 -0.00719382
v -0.01395582 -0.12673620 -0.00869904
v -0.01296178 -0.12773433 -0.00929660
v -0.01384986 -0.12773433 -0.00861303
v -0.01486912 -0.12773433 -0.00782760
v -0.01588334 -0.12773433 -0.00704443
v -0.01576729 -0.12866243 -0.00695615
v -0.01767967 -0.12910021 -0.00428523
v -0.01807325 -0.12773433 -0.00428523
v -0.01849206 -0.12596570 -0.00428523
v -0.01557050 -0.12985319 -0.00679997
v -0.01532325 -0.13128911 -0.00661210
v -0.01603472 -0.13305774 -0.00548036
v -0.01585307 -0.13410841 -0.00529249
v -0.01641820 -0.13305774 -0.00428523
v -0.01626683 -0.13482637 -0.00074061
v -0.01645857 -0.13482637 0.00102944
v -0.01925398 -0.12300631 -0.00317160
v -0.01933976 -0.12181555 -0.00355186
v -0.02052050 -0.11533640 -0.00251292
v -0.02115123 -0.11178163 -0.00197874
v -0.01974848 -0.12064230 -0.00251292
v -0.01947095 -0.12241093 -0.00255366
v -0.01937004 -0.12353165 -0.00199005
v -0.01971820 -0.12242844 -0.00074061
v -0.01941040 -0.12368925 -0.00074061
v -0.01973839 -0.12242844 0.00102944
v -0.01756866 -0.13057115 0.00203217
v -0.01750307 -0.12852234 0.00362114
v -0.01870903 -0.12242844 0.00457633
v -0.01910261 -0.12079990 0.00462160
v -0.01825490 -0.12419707 0.00457633
v -0.01758380 -0.12526525 0.00557453
v -0.01745765 -0.12307635 0.00709560
v -0.01442508 -0.13128911 0.00787877
v -0.01347142 -0.13305774 0.00841522
v -0.01415765 -0.13305774 0.00752793
v -0.01237646 -0.13445863 0.00910785
v -0.01486912 -0.11887367 0.01002230
v -0.01436958 -0.12596570 0.00925950
v -0.01394068 -0.11789304 0.01076472
v -0.01324940 -0.11722761 0.01104992
v -0.01258839 -0.13305774 0.00921197
v -0.01132187 -0.11887367 0.01129664
v -0.00955077 -0.12064230 0.01136907
v -0.00777463 -0.12242844 0.01143698
v -0.00600353 -0.12419707 0.01149583
v 0.00108087 -0.13128911 0.01171312
v -0.00955077 -0.11887367 0.01145735
v -0.01132187 -0.10824437 0.01152978
v -0.00777463 -0.12064230 0.01151167
v -0.00600353 -0.12242844 0.01156147
v -0.00955077 -0.09582893 0.01173802
v -0.00423243 -0.12419707 0.01160674
v -0.00068518 -0.12596570 0.01171765
v -0.00600353 -0.10824437 0.01172670
v 0.00108087 -0.12950297 0.01173576
v -0.00955077 -0.09406030 0.01175160
v -0.00955077 -0.09229166 0.01176292
v -0.01132187 -0.08519963 0.01177197
v -0.01132187 -0.08341348 0.01177877
v 0.00108087 -0.12419707 0.01176518
v -0.00955077 -0.08696826 0.01177877
v -0.00423243 -0.09582893 0.01177877
v 0.00462812 -0.11001300 0.01177877
v 0.00817537 -0.11533640 0.01177877
v 0.00994647 -0.11710503 0.01177877
v -0.00777463 -0.07101555 0.01178103
v -0.00955077 -0.05860011 0.01178103
v 0.00817537 0.00697933 0.01178103
v 0.00994647 0.01228523 0.01178103
v -0.00955077 0.00165593 0.01177877
v -0.01132187 0.00342456 0.01177650
v -0.01132187 0.00697933 0.01177424
v -0.01132187 0.01051660 0.01177197
v -0.01132187 0.01228523 0.01176745
v -0.01132187 0.01407137 0.01175613
v -0.01132187 0.02646930 0.01142113
v -0.01132187 0.01584000 0.01173576
v -0.01132187 0.02293204 0.01164069
v -0.00955077 0.02293204 0.01176518
v -0.00955077 0.02470067 0.01171539
v 0.01349371 0.03282587 0.00742381
v -0.01132187 0.03203787 0.00830657
v -0.00600353 0.03114479 0.00920065
v -0.00955077 0.02890336 0.01068097
v -0.01132187 0.02802780 0.01103408
v -0.00955077 0.03002408 0.00998834
v -0.00068518 0.03427930 0.00506072
v 0.01349371 0.03349129 0.00634865
v 0.00108087 0.03464704 0.00415306
v 0.00462812 0.03426179 0.00499734
v 0.00994647 0.03424428 0.00492718
v 0.01526481 0.03422677 0.00485022
v 0.01526481 0.03282587 0.00742154
v 0.01703591 0.03489219 0.00280402
v 0.01871619 0.03468206 0.00273159
v 0.01976573 0.03454197 0.00209102
v 0.01976573 0.03454197 0.00102944
v 0.01996252 0.03356134 0.00102944
v 0.01981114 0.03361387 -0.00071345
v 0.01975059 0.03305352 -0.00185198
v 0.01959922 0.03209040 -0.00303352
v 0.01923591 0.03161759 -0.00410868
v 0.01830747 0.03179271 -0.00567049
v 0.01681894 0.03002408 -0.00765331
v 0.01656665 0.03135493 -0.00735453
v 0.01526481 0.03319360 -0.00585157
v 0.01526481 0.03160009 -0.00762841
v 0.01526481 0.03249315 -0.00673660
v 0.00108087 0.03258071 -0.00681582
v 0.01171757 0.03163511 -0.00771216
v 0.00817537 0.03165262 -0.00773253
v 0.00817537 0.03079457 -0.00861982
v 0.00639922 0.02991901 -0.00917211
v 0.00285702 0.02825544 -0.00986248
v -0.00068518 0.02825544 -0.00986927
v -0.00245628 0.02825544 -0.00987153
v -0.00777463 0.02825544 -0.00987832
v -0.00600353 0.02293204 -0.01104855
v -0.01132187 0.01407137 -0.01078825
v 0.00639922 0.02590895 -0.01060717
v -0.00600353 0.02666193 -0.01031518
v -0.00600353 0.02576885 -0.01053700
v 0.00285702 0.02470067 -0.01085841
v -0.00068518 0.02293204 -0.01122963
v -0.00245628 0.02293204 -0.01117757
v -0.00423243 0.02293204 -0.01111419
v -0.00068518 0.02116341 -0.01133601
v -0.00955077 -0.12419707 -0.01085389
v -0.01132187 -0.11001300 -0.01086068
v -0.00955077 -0.12596570 -0.01084483
v -0.00955077 -0.12773433 -0.01083352
v -0.01183151 -0.12596570 -0.01031291
v -0.01065582 -0.12889008 -0.01060717
v -0.01170536 -0.12773433 -0.01018163
v -0.01581774 -0.11654468 -0.00876468
v -0.01309298 -0.12419707 -0.00968366
v -0.01325949 -0.12607077 -0.00932603
v -0.01570674 -0.11773544 -0.00868094
v -0.01436958 -0.12242844 -0.00901367
v -0.01407187 -0.12554543 -0.00878506
v -0.01271453 -0.12950297 -0.00910195
v -0.01359756 -0.12950297 -0.00842063
v -0.01493472 -0.12936288 -0.00742243
v -0.01694802 -0.13305774 0.00102944
v -0.01444022 -0.13128911 -0.00730021
v -0.01480857 -0.13475633 -0.00560259
v -0.01417784 -0.13587705 -0.00530833
v -0.01531820 -0.13521162 -0.00428523
v -0.01575719 -0.13571944 -0.00163921
v -0.01596407 -0.13433606 -0.00428523
v -0.01418793 -0.13247987 -0.00710328
v -0.01585307 -0.13584202 -0.00074061
v -0.01597921 -0.13599962 0.00102944
v -0.01592371 -0.13592958 0.00226531
v -0.01735674 -0.13151675 0.00102944
v -0.01609022 -0.13475633 0.00283571
v -0.01658472 -0.13305774 0.00280402
v -0.01713976 -0.13120155 0.00269537
v -0.01737187 -0.12950297 0.00328162
v -0.01704389 -0.12591317 0.00624000
v -0.01597417 -0.13305774 0.00410553
v -0.01630719 -0.12787443 0.00650030
v -0.01573196 -0.12855736 0.00719293
v -0.01307784 -0.13482637 0.00812775
v -0.01211408 -0.13563188 0.00897430
v -0.01400628 -0.13402085 0.00728121
v -0.01144298 -0.13496646 0.00923913
v -0.01132187 -0.13305774 0.00956733
v -0.01228059 -0.12172799 0.01080320
v -0.01285077 -0.11887367 0.01098202
v -0.01132187 -0.12064230 0.01111330
v -0.00955077 -0.12242844 0.01119478
v -0.00777463 -0.12419707 0.01127401
v -0.00068518 -0.13128911 0.01156600
v 0.00108087 -0.13305774 0.01163616
v -0.00068518 -0.12773433 0.01169501
v 0.00285702 -0.13482637 0.01168596
v 0.00285702 -0.13305774 0.01174708
v 0.00108087 -0.12596570 0.01175839
v -0.00600353 -0.10292096 0.01176518
v -0.00423243 -0.10645823 0.01177197
v 0.00285702 -0.13128911 0.01175839
v 0.00285702 -0.12950297 0.01176292
v 0.00108087 -0.12242844 0.01176745
v 0.00108087 -0.11533640 0.01177197
v 0.00108087 -0.11178163 0.01177424
v 0.00462812 -0.12419707 0.01176971
v 0.00817537 -0.11887367 0.01177650
v 0.00994647 -0.11887367 0.01175613
v 0.01171757 -0.11533640 0.01162711
v 0.01171757 -0.10645823 0.01172897
v 0.01171757 -0.10292096 0.01176518
v 0.01171757 -0.10115233 0.01177424
v 0.01171757 -0.09936619 0.01177877
v 0.01349371 -0.06213738 0.01178103
v 0.01171757 -0.06392352 0.01178103
v 0.00285702 -0.06746078 0.01178103
v 0.00639922 -0.12596570 0.01176971
v 0.00817537 -0.12242844 0.01176745
v 0.01171757 0.00874797 0.01178103
v 0.00994647 0.02293204 0.01177877
v 0.00817537 0.02293204 0.01177877
v 0.00639922 0.02116341 0.01177877
v 0.00462812 0.01937727 0.01177877
v -0.00600353 0.01407137 0.01177424
v -0.00955077 0.01760863 0.01176971
v 0.00285702 0.02116341 0.01177650
v 0.00108087 0.02293204 0.01177424
v -0.00955077 0.02116341 0.01176745
v -0.00955077 0.02646930 0.01147546
v -0.00777463 0.02293204 0.01176745
v -0.00777463 0.02470067 0.01171539
v 0.00285702 0.03202035 0.00830883
v 0.00462812 0.03112728 0.00919386
v -0.00423243 0.03002408 0.00997929
v -0.00423243 0.02888585 0.01067418
v 0.00285702 0.03002408 0.00996344
v -0.00068518 0.03002408 0.00997250
v 0.00285702 0.02797526 0.01101597
v 0.01526481 0.03347378 0.00634865
v 0.00639922 0.03461200 0.00408742
v 0.01703591 0.03419174 0.00482306
v 0.01703591 0.03454197 0.00393577
v 0.01171757 0.03457699 0.00401499
v 0.01349371 0.03198533 0.00830883
v 0.01526481 0.03195031 0.00830657
v 0.01664738 0.03277334 0.00735817
v 0.01806527 0.03450695 0.00384523
v 0.01782812 0.03259822 0.00720199
v 0.01841344 0.03191529 0.00650709
v 0.01938224 0.03174017 0.00444505
v 0.01964463 0.03230053 0.00353966
v 0.01985656 0.03356134 0.00237848
v 0.02144600 0.02184634 0.00168812
v 0.02115839 0.02470067 0.00102944
v 0.02150656 0.02235417 -0.00017473
v 0.02150656 0.02235417 0.00050658
v 0.02135518 0.02294955 -0.00075645
v 0.01969509 0.03091715 -0.00340021
v 0.02152674 0.02065558 -0.00200137
v 0.02143087 0.01997264 -0.00318291
v 0.01977078 0.03002408 -0.00355865
v 0.01991206 0.02825544 -0.00386196
v 0.01932674 0.03002408 -0.00444594
v 0.01946298 0.02825544 -0.00474925
v 0.01958408 0.02646930 -0.00498918
v 0.01844371 0.03002408 -0.00581762
v 0.01770702 0.03002408 -0.00670491
v 0.01607720 0.02872825 -0.00866056
v 0.01539601 0.03012914 -0.00852023
v 0.01349371 0.03251067 -0.00674791
v 0.01489647 0.02962132 -0.00898651
v 0.01349371 0.03074204 -0.00858813
v 0.01349371 0.03161759 -0.00770084
v 0.01171757 0.02988399 -0.00915627
v 0.00817537 0.02825544 -0.00983758
v 0.00462812 0.02825544 -0.00985569
v 0.00817537 0.02582139 -0.01057548
v 0.00462812 0.02470067 -0.01086747
v 0.00994647 0.02825544 -0.00981947
v 0.00108087 0.02293204 -0.01123642
v 0.00108087 0.02116341 -0.01134280
v -0.00777463 -0.12242844 -0.01085615
v 0.00285702 0.01937727 -0.01133827
v -0.00600353 -0.12064230 -0.01085389
v -0.00068518 -0.11355026 -0.01085841
v 0.00817537 -0.10115233 -0.01086973
v -0.00245628 -0.13305774 -0.01070450
v 0.00174693 -0.13759314 -0.01054153
v -0.00418701 -0.13304023 -0.01063433
v -0.00946499 -0.12948546 -0.01065923
v -0.00881912 -0.13050111 -0.01054605
v -0.00999986 -0.13008084 -0.01031744
v -0.01244710 -0.13071124 -0.00889144
v -0.01365307 -0.13367063 -0.00681355
v -0.01296178 -0.13652496 -0.00550978
v -0.01228564 -0.13755812 -0.00522685
v -0.01443518 -0.13608718 -0.00428523
v -0.01047921 -0.14107787 0.00004935
v -0.01503059 -0.13689270 0.00102944
v -0.01047921 -0.14107787 0.00023269
v -0.01410215 -0.13757563 0.00211818
v -0.01485398 -0.13663003 0.00278365
v -0.01412233 -0.13587705 0.00573298
v -0.01560582 -0.13529917 0.00344912
v -0.01580765 -0.13412592 0.00379317
v -0.01568151 -0.13193702 0.00532102
v -0.01535857 -0.13132413 0.00629432
v -0.01377417 -0.13521162 0.00691452
v -0.01093334 -0.13585953 0.00909653
v -0.00181546 -0.13578949 0.01082357
v -0.01259343 -0.13605216 0.00779276
v -0.01060536 -0.13759314 0.00737627
v -0.00716912 -0.13941431 0.00736269
v -0.00600353 -0.13964195 0.00751208
v -0.01428380 -0.13470379 0.00633280
v -0.00299619 -0.13524664 0.01071492
v -0.00242601 -0.13472130 0.01088469
v -0.01132187 -0.13128911 0.00978916
v -0.01191729 -0.12290124 0.01073077
v -0.01073655 -0.12372427 0.01083263
v -0.00068518 -0.13305774 0.01138944
v 0.00108087 -0.13482637 0.01146867
v 0.00462812 -0.13482637 0.01153883
v 0.00462812 -0.13305774 0.01166785
v 0.00462812 -0.13128911 0.01174708
v 0.00108087 -0.13627980 0.01107029
v 0.00285702 -0.13643740 0.01120610
v 0.00462812 -0.13631482 0.01112462
v 0.00462812 -0.12950297 0.01176518
v 0.00285702 -0.12773433 0.01176518
v 0.00462812 -0.12773433 0.01176745
v 0.00994647 -0.12064230 0.01167012
v 0.01171757 -0.11710503 0.01158863
v 0.00639922 -0.12773433 0.01173123
v 0.00817537 -0.12419707 0.01170633
v 0.01349371 -0.10468960 0.01149130
v 0.01349371 -0.10292096 0.01152752
v 0.01349371 -0.10115233 0.01155921
v 0.01349371 -0.09936619 0.01158410
v 0.01349371 -0.09759756 0.01160674
v 0.01526481 -0.07632145 0.01162937
v 0.01349371 -0.08696826 0.01173123
v 0.01349371 -0.08519963 0.01174934
v 0.01526481 -0.06569215 0.01175160
v 0.01349371 -0.08341348 0.01176518
v 0.01349371 -0.08164485 0.01177650
v 0.01349371 -0.07987622 0.01177877
v 0.01526481 -0.06213738 0.01176971
v 0.01349371 -0.03024948 0.01178103
v 0.01171757 0.01228523 0.01177650
v 0.01171757 0.01760863 0.01176066
v 0.01171757 0.01937727 0.01174934
v 0.01171757 0.02116341 0.01173350
v 0.01171757 0.02293204 0.01170860
v 0.01171757 0.02470067 0.01162032
v 0.00994647 0.02470067 0.01168823
v -0.00423243 0.02470067 0.01171086
v 0.01171757 0.01407137 0.01177197
v -0.00777463 0.02646930 0.01147093
v 0.00994647 0.03110977 0.00918028
v 0.00462812 0.03002408 0.00995665
v 0.00108087 0.02886834 0.01066513
v 0.00639922 0.02795776 0.01101144
v 0.01715701 0.03322863 0.00650709
v 0.01349371 0.03109226 0.00916896
v 0.01526481 0.03105724 0.00913727
v 0.01623867 0.03098719 0.00907389
v 0.01802995 0.03140746 0.00736948
v 0.01879188 0.03002408 0.00634865
v 0.01946298 0.03002408 0.00485474
v 0.01958912 0.02825544 0.00518069
v 0.01972536 0.03110977 0.00376600
v 0.02149142 0.01335341 0.00550663
v 0.02144600 0.01830908 0.00359398
v 0.02106757 0.02293204 0.00280402
v 0.02129463 0.02121594 0.00274291
v 0.02151665 0.02065558 0.00211139
v 0.02325243 0.00619133 0.00197558
v 0.02264188 0.01228523 0.00102944
v 0.02222307 0.01584000 0.00102944
v 0.02137536 0.02294955 0.00107019
v 0.02257123 0.01407137 -0.00074061
v 0.02324233 0.00787241 0.00015121
v 0.02278316 0.01228523 -0.00074061
v 0.02185977 0.01760863 -0.00251292
v 0.02161756 0.01937727 -0.00256045
v 0.02208178 0.01584000 -0.00251292
v 0.02229876 0.01407137 -0.00251292
v 0.02150151 0.01878189 -0.00346359
v 0.02005334 0.02646930 -0.00410416
v 0.01965472 0.02522601 -0.00511367
v 0.02144096 0.01119954 -0.00512273
v 0.01617307 0.02753748 -0.00873979
v 0.02151160 0.01000877 -0.00522911
v 0.02153683 -0.00230160 -0.00701501
v 0.02162766 -0.00366747 -0.00711007
v 0.01539601 0.02818540 -0.00906573
v 0.01349371 0.02825544 -0.00962707
v 0.01349371 0.02986648 -0.00913816
v 0.00914922 0.02568130 -0.01051663
v 0.00462812 0.02293204 -0.01113003
v 0.00285702 0.02293204 -0.01120020
v 0.01171757 0.02825544 -0.00975383
v 0.00285702 0.02116341 -0.01132696
v -0.00245628 -0.11533640 -0.01086068
v 0.00462812 0.01760863 -0.01125452
v 0.00817537 0.01051660 -0.01110061
v 0.00994647 0.00697933 -0.01102365
v 0.01526481 -0.05506285 -0.01087652
v 0.01526481 -0.05683148 -0.01087652
v 0.01349371 -0.09229166 -0.01087200
v 0.01171757 -0.09582893 -0.01087426
v 0.00994647 -0.09936619 -0.01086520
v 0.00108087 -0.13482637 -0.01064791
v 0.00112629 -0.13657749 -0.01058453
v -0.00155812 -0.13570193 -0.01048947
v -0.00356637 -0.13409090 -0.01055963
v -0.00245628 -0.13449366 -0.01059359
v 0.00231207 -0.13759314 -0.01054153
v 0.00285702 -0.13950186 -0.00902046
v 0.00108087 -0.13948435 -0.00898424
v -0.00026637 -0.13939679 -0.00886428
v -0.00144711 -0.13918666 -0.00868094
v -0.00078610 -0.13850373 -0.00925813
v -0.00598839 -0.14009724 -0.00650346
v -0.01182646 -0.13190200 -0.00856550
v -0.00781499 -0.14021982 -0.00570444
v -0.01307784 -0.13475633 -0.00646271
v -0.01132187 -0.13794336 -0.00544414
v -0.00724986 -0.14128801 -0.00534908
v -0.01036821 -0.13920417 -0.00506161
v -0.00875353 -0.14111289 -0.00361750
v -0.00901087 -0.14134054 -0.00251292
v -0.00959619 -0.14149814 -0.00062064
v -0.00777463 -0.14237370 -0.00074061
v -0.00777463 -0.14225112 0.00102944
v -0.00953059 -0.14141059 0.00090721
v -0.01011087 -0.14083271 0.00141424
v -0.01182142 -0.13897653 0.00280402
v -0.01313334 -0.13803092 0.00274743
v -0.01337050 -0.13703278 0.00457633
v -0.01299710 -0.13654247 0.00619699
v -0.00315261 -0.14097280 0.00719746
v -0.00423243 -0.13993964 0.00768637
v -0.00777463 -0.13720790 0.00882038
v -0.00423243 -0.13773323 0.00916670
v 0.00108087 -0.13715536 0.01057459
v -0.01222004 -0.13748808 0.00547720
v -0.01178609 -0.13722541 0.00665875
v -0.01010582 -0.13906408 0.00508336
v -0.00953059 -0.13876639 0.00634865
v -0.00334435 -0.14281148 0.00545910
v -0.00834986 -0.13909911 0.00694168
v -0.00215857 -0.14307414 0.00573524
v -0.00423243 -0.14081520 0.00703222
v -0.00068518 -0.13482637 0.01116989
v 0.00645472 -0.13472130 0.01100691
v 0.00639922 -0.13305774 0.01126948
v 0.00639922 -0.13128911 0.01147998
v 0.00994647 -0.12242844 0.01153431
v 0.00817537 -0.12596570 0.01158410
v 0.00639922 -0.12950297 0.01162937
v 0.00590473 -0.13599962 0.01091637
v 0.00708546 -0.13524664 0.01071040
v 0.00285702 -0.13733048 0.01066286
v 0.00462812 -0.13719038 0.01058364
v 0.00942674 -0.13768070 0.00917122
v 0.01171757 -0.11887367 0.01146414
v 0.01349371 -0.11533640 0.01124911
v 0.01349371 -0.11355026 0.01129438
v 0.01526481 -0.08519963 0.01149583
v 0.01526481 -0.08341348 0.01153204
v 0.01526481 -0.08164485 0.01156373
v 0.01526481 -0.07987622 0.01158637
v 0.01703591 -0.06392352 0.01146867
v 0.01526481 -0.07101555 0.01169049
v 0.01703591 -0.06213738 0.01148904
v 0.01526481 -0.06392352 0.01176518
v 0.01703591 -0.05683148 0.01152073
v 0.01703591 -0.05506285 0.01152073
v 0.01526481 -0.05860011 0.01176066
v 0.01349371 -0.02315744 0.01176971
v 0.01349371 -0.02494358 0.01177424
v 0.01349371 -0.00720474 0.01171765
v 0.01349371 0.00165593 0.01168823
v 0.01349371 0.00342456 0.01167691
v 0.01349371 0.00521070 0.01166106
v 0.01349371 0.00697933 0.01164296
v 0.01349371 0.02293204 0.01126948
v 0.01349371 0.00874797 0.01161806
v 0.01349371 0.01228523 0.01156373
v 0.01349371 0.01407137 0.01153431
v 0.01349371 0.01584000 0.01150262
v 0.01349371 0.01760863 0.01146640
v 0.01349371 0.01937727 0.01141208
v 0.01349371 0.02116341 0.01134644
v 0.01334234 0.02646930 0.01107029
v 0.01171757 0.02646930 0.01138492
v 0.00994647 0.02646930 0.01141434
v -0.00068518 0.02646930 0.01144830
v 0.00817537 0.03002408 0.00993855
v 0.01171757 0.03002408 0.00992044
v 0.00817537 0.02883331 0.01064702
v 0.01171757 0.02792273 0.01100239
v 0.01349371 0.03002408 0.00990233
v 0.01357445 0.02829047 0.01062438
v 0.01526481 0.02825544 0.01006757
v 0.01636481 0.03002408 0.00918480
v 0.01725289 0.03002408 0.00838579
v 0.01813591 0.03002408 0.00750077
v 0.01947307 0.02293204 0.00686699
v 0.01995243 0.02293204 0.00597970
v 0.01983133 0.02470067 0.00574430
v 0.01974555 0.02596148 0.00556548
v 0.01966481 0.02713473 0.00538214
v 0.02156206 0.01228523 0.00563339
v 0.02276802 0.00521070 0.00457633
v 0.02256619 0.00697933 0.00457633
v 0.02234921 0.00874797 0.00457633
v 0.02327261 0.00281167 0.00378411
v 0.02320197 0.00398492 0.00350118
v 0.02331298 0.00521070 0.00226305
v 0.02358545 0.00165593 0.00280402
v 0.02376710 0.00165593 0.00102944
v 0.02360059 0.00342456 0.00102944
v 0.02309096 0.00857286 0.00085742
v 0.02284876 0.01051660 0.00102944
v 0.02324233 0.00787241 -0.00163016
v 0.02346940 0.00521070 -0.00074061
v 0.02315656 0.00876548 -0.00074061
v 0.02297490 0.01051660 -0.00074061
v 0.02249050 0.01228523 -0.00251292
v 0.02325747 0.00092046 -0.00343190
v 0.02331298 -0.00011270 -0.00354960
v 0.02359554 -0.00543610 -0.00415395
v 0.02318178 -0.00543610 -0.00503898
v 0.01623867 0.02646930 -0.00880090
v 0.01794417 0.01337092 -0.00873979
v 0.02323224 -0.00650429 -0.00515215
v 0.02158224 0.00874797 -0.00531965
v 0.02167811 0.00697933 -0.00544867
v 0.02235931 -0.00366747 -0.00605755
v 0.02253591 -0.00543610 -0.00605755
v 0.02171344 -0.00543610 -0.00719382
v 0.01971023 -0.00088319 -0.00872847
v 0.01634968 0.02470067 -0.00889597
v 0.01526481 0.02646930 -0.00925134
v 0.01526481 0.02470067 -0.00937809
v 0.01526481 0.02293204 -0.00949127
v 0.01349371 0.02646930 -0.00972893
v 0.00972445 0.02116341 -0.01070676
v 0.00817537 0.02116341 -0.01098064
v 0.00639922 0.02116341 -0.01109835
v 0.00462812 0.02116341 -0.01121378
v 0.00817537 0.01760863 -0.01102139
v 0.00994647 0.01407137 -0.01094443
v 0.01171757 0.00342456 -0.01093990
v 0.01682399 -0.05329422 -0.01067960
v 0.01682903 -0.05506285 -0.01068186
v 0.01526481 -0.05152559 -0.01086747
v 0.01682399 -0.05683148 -0.01068186
v 0.01681894 -0.05860011 -0.01067960
v 0.01526481 -0.05860011 -0.01087200
v 0.01526481 -0.06036874 -0.01086520
v 0.01349371 -0.09406030 -0.01086294
v 0.01171757 -0.09759756 -0.01085841
v 0.00285702 -0.13482637 -0.01059811
v 0.00288225 -0.13654247 -0.01055963
v 0.01349371 -0.09582893 -0.01084483
v 0.00385610 -0.13589455 -0.01050757
v 0.00349280 -0.13708531 -0.01044646
v 0.00462812 -0.13838114 -0.00952295
v 0.00562216 -0.13932675 -0.00876242
v 0.00462812 -0.13943182 -0.00889823
v 0.00288225 -0.13825857 -0.00999829
v 0.00462812 -0.14025484 -0.00783213
v 0.00274096 -0.14050000 -0.00766010
v 0.00207491 -0.14104285 -0.00695389
v 0.00162583 -0.14104285 -0.00695389
v 0.00105060 -0.14050000 -0.00766010
v -0.00245628 -0.14097280 -0.00688825
v -0.00423243 -0.14071014 -0.00676149
v -0.00600353 -0.14149814 -0.00560032
v -0.00600353 -0.14225112 -0.00428523
v -0.00781499 -0.14151565 -0.00423997
v -0.00843059 -0.14085022 -0.00479905
v -0.00777463 -0.14207601 -0.00251292
v -0.00585720 -0.14263637 -0.00237485
v -0.00623059 -0.14270641 -0.00074061
v -0.00553931 -0.14289903 0.00102944
v -0.00642233 -0.14270641 0.00102944
v -0.00542325 -0.14288153 0.00231963
v -0.00502967 -0.14275895 0.00350118
v -0.00600857 -0.14249628 0.00286740
v -0.00892509 -0.14120045 0.00223362
v -0.01059022 -0.13936177 0.00390181
v -0.01093334 -0.13962444 0.00280402
v -0.01248747 -0.13769821 0.00457633
v -0.00197188 -0.14114792 0.00731290
v -0.00068518 -0.13913413 0.00891997
v -0.00068518 -0.13824106 0.00951527
v 0.00020289 -0.13925671 0.00900825
v 0.00090931 -0.13855626 0.00958771
v -0.00953059 -0.13969449 0.00452654
v -0.00842555 -0.14090276 0.00341516
v -0.00780995 -0.14155067 0.00281534
v -0.00384894 -0.14300411 0.00427755
v -0.00263289 -0.14324925 0.00475062
v -0.00068518 -0.14351194 0.00457633
v -0.00068518 -0.14309166 0.00578730
v -0.00068518 -0.14216357 0.00667233
v -0.00068518 -0.14127049 0.00742833
v 0.00792812 -0.13128911 0.01100465
v 0.00832674 -0.12964306 0.01110877
v 0.00994647 -0.12419707 0.01134191
v 0.00817537 -0.12773433 0.01141434
v 0.00817537 -0.13659500 0.00997703
v 0.00998683 -0.13661251 0.00935457
v 0.00994647 -0.13482637 0.00975973
v 0.00802399 -0.13472130 0.01045915
v 0.00843775 -0.13305774 0.01056327
v 0.00138363 -0.13932675 0.00906484
v 0.00229693 -0.13932675 0.00906484
v 0.00462812 -0.13820603 0.00969862
v 0.00639922 -0.13804843 0.00953338
v 0.00817537 -0.13785581 0.00935230
v 0.00360885 -0.14100782 0.00719293
v 0.00826619 -0.13881893 0.00809154
v 0.00891711 -0.13920417 0.00712276
v 0.00998683 -0.13804843 0.00817529
v 0.01060748 -0.13720790 0.00880001
v 0.01451803 -0.11664975 0.01085073
v 0.01362491 -0.11717508 0.01107029
v 0.01463913 -0.11533640 0.01090279
v 0.01607215 -0.10824437 0.01075567
v 0.01613775 -0.10717618 0.01077604
v 0.01695013 -0.08873689 0.01098428
v 0.01783316 -0.08873689 0.01075793
v 0.01788867 -0.08740604 0.01077151
v 0.01703591 -0.07632145 0.01122195
v 0.01703591 -0.06746078 0.01140529
v 0.01703591 -0.06569215 0.01143924
v 0.01837812 -0.06392352 0.01098428
v 0.01848408 -0.05860011 0.01103181
v 0.01851435 -0.05683148 0.01104539
v 0.01792903 -0.08621528 0.01078283
v 0.01806023 -0.07987622 0.01084168
v 0.01809555 -0.07810759 0.01085752
v 0.01853958 -0.05506285 0.01105218
v 0.01703591 -0.06036874 0.01150262
v 0.01855977 -0.05329422 0.01105218
v 0.01857490 -0.05152559 0.01104992
v 0.01703591 -0.05329422 0.01151620
v 0.01857490 -0.04975696 0.01104992
v 0.01857490 -0.04798833 0.01104766
v 0.01855977 -0.03734151 0.01103634
v 0.01855472 -0.03380425 0.01103181
v 0.01526481 -0.04798833 0.01172670
v 0.01526481 -0.03201811 0.01167464
v 0.01526481 -0.02671222 0.01165427
v 0.01526481 -0.02315744 0.01163390
v 0.01526481 -0.01962018 0.01161127
v 0.01526481 -0.01429677 0.01157505
v 0.01526481 -0.01252814 0.01155921
v 0.01526481 -0.01075951 0.01153883
v 0.01474509 0.01937727 0.01094354
v 0.01462399 0.02116341 0.01089374
v 0.01364509 0.02471818 0.01110198
v 0.01615289 0.01142718 0.01078056
v 0.01607720 0.01261794 0.01075340
v 0.01526481 -0.00897337 0.01151167
v 0.01526481 -0.00543610 0.01145282
v 0.01526481 -0.00011270 0.01136002
v 0.01526481 0.00165593 0.01132833
v 0.01526481 0.00342456 0.01129211
v 0.01526481 0.00521070 0.01125137
v 0.01526481 0.00697933 0.01120610
v 0.01526481 0.00874797 0.01115857
v 0.01526481 0.01051660 0.01110651
v 0.01539601 0.01212763 0.01101144
v 0.01423041 0.02646930 0.01072398
v 0.01303958 0.02773011 0.01092769
v 0.01171757 0.02881580 0.01063796
v 0.01650610 0.02825544 0.00930477
v 0.01526481 0.02646930 0.01021469
v 0.01661711 0.02646930 0.00938399
v 0.01739417 0.02825544 0.00850123
v 0.01859004 0.02293204 0.00792857
v 0.01972032 0.01874686 0.00726536
v 0.01965472 0.01992011 0.00717709
v 0.01958408 0.02116341 0.00706391
v 0.02167811 0.01051660 0.00582578
v 0.02179417 0.00874797 0.00598875
v 0.02301527 0.00165593 0.00480947
v 0.02298500 0.00340705 0.00445411
v 0.02339876 0.00340705 0.00286740
v 0.02332307 0.00165593 0.00392445
v 0.02385793 -0.00188133 0.00280402
v 0.02372674 -0.00011270 0.00280402
v 0.02420610 -0.00366747 0.00102944
v 0.02405977 -0.00188133 0.00102944
v 0.02421619 -0.00366747 -0.00074061
v 0.02391848 -0.00011270 -0.00074061
v 0.02450885 -0.00720474 -0.00074061
v 0.02504875 -0.01461198 -0.00176144
v 0.02448866 -0.00897337 -0.00251292
v 0.02432720 -0.00720474 -0.00251292
v 0.02382766 -0.00897337 -0.00428523
v 0.02361573 -0.00713469 -0.00445047
v 0.01801481 0.01228523 -0.00879411
v 0.02392857 -0.01075951 -0.00428523
v 0.02326252 -0.00767754 -0.00521100
v 0.02275793 -0.00713469 -0.00590589
v 0.02074463 -0.00543610 -0.00807885
v 0.01975059 -0.00188133 -0.00876016
v 0.02268729 -0.00897337 -0.00614582
v 0.02281343 -0.01429677 -0.00632464
v 0.02302031 -0.02315744 -0.00662116
v 0.02321710 -0.03172042 -0.00690636
v 0.02324233 -0.03291118 -0.00694484
v 0.02188500 -0.01252814 -0.00736811
v 0.01703591 0.00874797 -0.00954559
v 0.01703591 0.01051660 -0.00945052
v 0.01645564 0.02293204 -0.00897519
v 0.01526481 0.02116341 -0.00958181
v 0.01132399 0.01584000 -0.01066375
v 0.00994647 0.01760863 -0.01084031
v 0.00994647 0.01584000 -0.01090821
v 0.01171757 0.00521070 -0.01091500
v 0.01349371 -0.00188133 -0.01080635
v 0.01349371 -0.00366747 -0.01082220
v 0.01349371 -0.00543610 -0.01083352
v 0.01349371 -0.00720474 -0.01084257
v 0.01349371 -0.01075951 -0.01085841
v 0.01349371 -0.01429677 -0.01087200
v 0.01682399 -0.05152559 -0.01067507
v 0.01766665 -0.04089629 -0.01043514
v 0.01771206 -0.05506285 -0.01042835
v 0.01769188 -0.04620218 -0.01043288
v 0.01771206 -0.05329422 -0.01042835
v 0.01526481 -0.04620218 -0.01084483
v 0.01770702 -0.05860011 -0.01042609
v 0.01768179 -0.06213738 -0.01042382
v 0.01766665 -0.06392352 -0.01042156
v 0.01680885 -0.06036874 -0.01067281
v 0.01526481 -0.06392352 -0.01084483
v 0.01526481 -0.07810759 -0.01075203
v 0.01500748 -0.09229166 -0.01067960
v 0.01495197 -0.09406030 -0.01067054
v 0.01526481 -0.06922941 -0.01081088
v 0.00403271 -0.13482637 -0.01052794
v 0.01489142 -0.09582893 -0.01065244
v 0.01481069 -0.09759756 -0.01062075
v 0.01349371 -0.09759756 -0.01079730
v 0.00639922 -0.13305774 -0.01028349
v 0.00994647 -0.13128911 -0.00985569
v 0.00563225 -0.13074626 -0.01050757
v 0.00629326 -0.13132413 -0.01038534
v 0.00994647 -0.13305774 -0.00957501
v 0.01285793 -0.13239232 -0.00883938
v 0.00639922 -0.13659500 -0.00958181
v 0.01171757 -0.13128911 -0.00951164
v 0.01454830 -0.13407339 -0.00704669
v 0.01269142 -0.13578949 -0.00700595
v 0.00769096 -0.13957191 -0.00727757
v 0.00628821 -0.13979955 -0.00785250
v 0.01346848 -0.13300520 -0.00819202
v 0.00462812 -0.14097280 -0.00676602
v 0.00325564 -0.14100782 -0.00687467
v -0.00068518 -0.14223361 -0.00428523
v -0.00245628 -0.14232117 -0.00428523
v -0.00423243 -0.14237370 -0.00428523
v -0.00245628 -0.14151565 -0.00600323
v -0.00423243 -0.14156819 -0.00587647
v 0.00044005 -0.14102534 -0.00693578
v -0.00068518 -0.14100782 -0.00691541
v -0.00423243 -0.14272393 -0.00272795
v -0.00516591 -0.14281148 -0.00169354
v -0.00534756 -0.14284650 -0.00074061
v -0.00423243 -0.14310916 0.00102944
v -0.00245628 -0.14344188 0.00280402
v -0.00435857 -0.14307414 0.00286740
v 0.00109601 -0.14316170 0.00463745
v -0.00068518 -0.14352944 0.00280402
v 0.00108087 -0.14349442 0.00280402
v 0.00462812 -0.14328429 0.00102944
v 0.00634876 -0.14302160 0.00101586
v 0.00462812 -0.14303912 0.00245318
v 0.00051574 -0.14291655 0.00562207
v 0.00242812 -0.14113041 0.00732421
v 0.00108087 -0.14125298 0.00743512
v 0.01004738 -0.12596570 0.01105445
v 0.01101619 -0.13601713 0.00910785
v 0.01132904 -0.13482637 0.00922328
v 0.01182858 -0.13307525 0.00931609
v 0.01430105 -0.11782299 0.01075340
v 0.01070335 -0.12656108 0.01073530
v 0.00994647 -0.13305774 0.01002682
v 0.00989601 -0.12964306 0.01055874
v 0.00462812 -0.14085022 0.00687151
v 0.00773133 -0.13941431 0.00748039
v 0.00945702 -0.13948435 0.00594122
v 0.01000702 -0.13892399 0.00645956
v 0.00572307 -0.14111289 0.00561075
v 0.00690381 -0.14090276 0.00518974
v 0.00634876 -0.14233868 0.00271348
v 0.00690381 -0.14267139 0.00159758
v 0.01105656 -0.13769821 0.00761847
v 0.01274188 -0.13587705 0.00742381
v 0.01434142 -0.13389828 0.00718614
v 0.01636481 -0.13069373 0.00743060
v 0.01552215 -0.11533640 0.01039577
v 0.01592582 -0.11001300 0.01069682
v 0.01603683 -0.12480997 0.00896072
v 0.01622353 -0.12363672 0.00905805
v 0.01852445 -0.10115233 0.00956054
v 0.01862032 -0.09936619 0.00965561
v 0.01870610 -0.09759756 0.00972804
v 0.01741940 -0.09759756 0.01061533
v 0.01751023 -0.09582893 0.01065834
v 0.01759096 -0.09406030 0.01068776
v 0.01767169 -0.09229166 0.01071492
v 0.01883729 -0.08519963 0.01036182
v 0.01933683 -0.06036874 0.01060401
v 0.01940243 -0.05683148 0.01063570
v 0.01942766 -0.05506285 0.01064928
v 0.01944784 -0.05329422 0.01066286
v 0.01887261 -0.08341348 0.01038445
v 0.01916023 -0.06922941 0.01052026
v 0.01923087 -0.06569215 0.01055422
v 0.01930151 -0.06213738 0.01058817
v 0.01946298 -0.05152559 0.01067192
v 0.01946298 -0.04975696 0.01067418
v 0.01854463 -0.03201811 0.01102955
v 0.01853454 -0.03024948 0.01102502
v 0.01703591 -0.04798833 0.01149356
v 0.01945289 -0.04266492 0.01067192
v 0.01944279 -0.03734151 0.01066965
v 0.01943775 -0.03380425 0.01066739
v 0.01943270 -0.03201811 0.01066513
v 0.01703591 -0.03911015 0.01145509
v 0.01703591 -0.03557288 0.01143924
v 0.01703591 -0.03201811 0.01142113
v 0.01703591 -0.03024948 0.01141208
v 0.01703591 -0.02848085 0.01140076
v 0.01703591 -0.02671222 0.01138718
v 0.01703591 -0.02494358 0.01136455
v 0.01598133 0.01407137 0.01071492
v 0.01450793 0.02293204 0.01083942
v 0.01433637 0.02531356 0.01076246
v 0.01442215 0.02414031 0.01080094
v 0.01641527 0.00521070 0.01087110
v 0.01737903 0.00342456 0.01059496
v 0.01730335 0.00521070 0.01056101
v 0.01722261 0.00697933 0.01051347
v 0.01714692 0.00874797 0.01045010
v 0.01703591 -0.02315744 0.01133738
v 0.01703591 -0.02138881 0.01130796
v 0.01703591 -0.01785155 0.01124684
v 0.01703591 -0.01606540 0.01121516
v 0.01703591 -0.01429677 0.01118347
v 0.01703591 -0.01252814 0.01114951
v 0.01703591 -0.01075951 0.01110877
v 0.01694004 -0.00720474 0.01104766
v 0.01825702 0.01407137 0.00932061
v 0.01815105 0.01584000 0.00922555
v 0.01804509 0.01760863 0.00912822
v 0.01796940 0.01890446 0.00905352
v 0.01789876 0.02007771 0.00898562
v 0.01672812 0.02470067 0.00946095
v 0.01511344 0.02471818 0.01042293
v 0.01539096 0.02293204 0.01041841
v 0.01703591 0.01407137 0.01014000
v 0.01835793 0.01228523 0.00940663
v 0.01783316 0.02116341 0.00891997
v 0.01870105 0.02116341 0.00803495
v 0.01903912 0.01584000 0.00832468
v 0.01924600 0.01228523 0.00853518
v 0.01954876 0.00697933 0.00885433
v 0.02079004 0.00347710 0.00797157
v 0.02144600 0.00410750 0.00720651
v 0.02138041 0.00521070 0.00713634
v 0.02127949 0.00697933 0.00701412
v 0.02117857 0.00874797 0.00687604
v 0.02190013 0.00697933 0.00612909
v 0.02308087 -0.00011270 0.00499734
v 0.02313132 -0.01075951 0.00698243
v 0.02338866 -0.00011270 0.00411232
v 0.02410518 -0.00543610 0.00280402
v 0.02398408 -0.00366747 0.00280402
v 0.02500334 -0.01538247 0.00177866
v 0.02434738 -0.00543610 0.00102944
v 0.02461986 -0.00897337 0.00102944
v 0.02465013 -0.00897337 -0.00074061
v 0.02508408 -0.01606540 -0.00189499
v 0.02484187 -0.01413917 -0.00241785
v 0.02472582 -0.01252814 -0.00251292
v 0.02461986 -0.01075951 -0.00251292
v 0.02479142 -0.01075951 -0.00074061
v 0.02500839 -0.01350877 -0.00074061
v 0.02506894 -0.01440184 -0.00074061
v 0.02517490 -0.01606540 -0.00074061
v 0.02538683 -0.01962018 -0.00074061
v 0.02548270 -0.02138881 -0.00074061
v 0.02556343 -0.02315744 -0.00074061
v 0.02483178 -0.01606540 -0.00278228
v 0.02399921 -0.01252814 -0.00428523
v 0.02329279 -0.00897337 -0.00526080
v 0.02486710 -0.01785155 -0.00291130
v 0.02490243 -0.01962018 -0.00303579
v 0.02493775 -0.02138881 -0.00315575
v 0.02497307 -0.02315744 -0.00327119
v 0.02499830 -0.02443576 -0.00335041
v 0.02502353 -0.02562652 -0.00341379
v 0.02117353 -0.02315744 -0.00851117
v 0.02078500 -0.00720474 -0.00812412
v 0.01981114 -0.00366747 -0.00880090
v 0.01881206 -0.00188133 -0.00921512
v 0.02336344 -0.01252814 -0.00537850
v 0.02364096 -0.02671222 -0.00585157
v 0.02470059 -0.03557288 -0.00463381
v 0.02528591 -0.03911015 -0.00385064
v 0.02531619 -0.04089629 -0.00387554
v 0.02474096 -0.03911015 -0.00473793
v 0.02324738 -0.03380425 -0.00695389
v 0.02240472 -0.03911015 -0.00787287
v 0.02151665 -0.03911015 -0.00875110
v 0.02149142 -0.03734151 -0.00873300
v 0.02251573 -0.03219322 -0.00761030
v 0.02229371 -0.03024948 -0.00775064
v 0.02225334 -0.02848085 -0.00772348
v 0.02221298 -0.02671222 -0.00769405
v 0.02217261 -0.02494358 -0.00766236
v 0.02213224 -0.02315744 -0.00762615
v 0.02209188 -0.02138881 -0.00758541
v 0.02205151 -0.01962018 -0.00754240
v 0.01703591 0.00521070 -0.00971535
v 0.01526481 0.01937727 -0.00965876
v 0.01703591 0.00342456 -0.00979684
v 0.01569371 -0.00011270 -0.01039893
v 0.01546665 0.00165593 -0.01037855
v 0.01480564 -0.00011270 -0.01057548
v 0.01492169 -0.00188133 -0.01061396
v 0.01349371 -0.00011270 -0.01078146
v 0.01498224 -0.00366747 -0.01062980
v 0.01503270 -0.00543610 -0.01063886
v 0.01517903 -0.01075951 -0.01066602
v 0.01526481 -0.01606540 -0.01069997
v 0.01526481 -0.01962018 -0.01071808
v 0.01526481 -0.03380425 -0.01078598
v 0.01679876 -0.04443355 -0.01064338
v 0.01764646 -0.03911015 -0.01043061
v 0.01881206 -0.03557288 -0.00999602
v 0.01881206 -0.03734151 -0.01000281
v 0.01881206 -0.03911015 -0.01000734
v 0.01881206 -0.04089629 -0.01000734
v 0.01881206 -0.04266492 -0.01000508
v 0.01881206 -0.04975696 -0.00999150
v 0.01881206 -0.05329422 -0.00998471
v 0.01881206 -0.05506285 -0.00998018
v 0.01881206 -0.05683148 -0.00997339
v 0.01677857 -0.06392352 -0.01065244
v 0.01679876 -0.06213738 -0.01066149
v 0.01881206 -0.06036874 -0.00995528
v 0.01881206 -0.06392352 -0.00992812
v 0.01763637 -0.06569215 -0.01041477
v 0.01674830 -0.06569215 -0.01064112
v 0.01628408 -0.08164485 -0.01053247
v 0.01670289 -0.06746078 -0.01062980
v 0.01664738 -0.06922941 -0.01061848
v 0.01622353 -0.08341348 -0.01051436
v 0.01617812 -0.08469180 -0.01050078
v 0.01577949 -0.09582893 -0.01036950
v 0.01569371 -0.09759756 -0.01034913
v 0.01558775 -0.09936619 -0.01032649
v 0.01545656 -0.10115233 -0.01029933
v 0.01469968 -0.09936619 -0.01058000
v 0.01456848 -0.10115233 -0.01053926
v 0.01445747 -0.10246567 -0.01050984
v 0.00817537 -0.13128911 -0.01011373
v 0.01349371 -0.11533640 -0.01012052
v 0.01171757 -0.12596570 -0.00985795
v 0.01171757 -0.12950297 -0.00968366
v 0.01349371 -0.11355026 -0.01019521
v 0.01346848 -0.13118404 -0.00898198
v 0.01404371 -0.13172689 -0.00854965
v 0.01518913 -0.13295267 -0.00730473
v 0.01349371 -0.12950297 -0.00926039
v 0.01572903 -0.13347801 -0.00642650
v 0.01518913 -0.13438859 -0.00592400
v 0.01622858 -0.13230476 -0.00702180
v 0.01435656 -0.13570193 -0.00514536
v 0.01309509 -0.13612220 -0.00605755
v 0.00887170 -0.13911661 -0.00671849
v 0.00824096 -0.13992213 -0.00610055
v 0.00725197 -0.14102534 -0.00514763
v 0.00655564 -0.14081520 -0.00613451
v 0.00607124 -0.14120045 -0.00559580
v 0.00558684 -0.14281148 -0.00165958
v 0.00462812 -0.14130552 -0.00588100
v 0.00108087 -0.14212854 -0.00428523
v 0.00285702 -0.14258384 -0.00277322
v 0.00285702 -0.14289903 -0.00188593
v -0.00245628 -0.14272393 -0.00286829
v 0.00108087 -0.14310916 -0.00074061
v -0.00068518 -0.14307414 -0.00074061
v -0.00068518 -0.14330179 0.00102944
v -0.00245628 -0.14324925 0.00102944
v 0.00252904 -0.14300411 0.00408742
v 0.00285702 -0.14338934 0.00102944
v 0.00462812 -0.14310916 -0.00074061
v 0.00626803 -0.14298659 -0.00075419
v 0.00748408 -0.14291655 -0.00017247
v 0.00748408 -0.14291655 0.00041604
v 0.00572307 -0.14288153 0.00206386
v 0.00169647 -0.14270641 0.00526896
v 0.01249463 -0.13367063 0.00895393
v 0.01272674 -0.13247987 0.00905578
v 0.00882124 -0.14092027 0.00341743
v 0.01000702 -0.13976453 0.00458992
v 0.01063775 -0.13915164 0.00518974
v 0.00301344 -0.14256632 0.00463745
v 0.00462812 -0.14202347 0.00457633
v 0.01288821 -0.13780328 0.00420286
v 0.01256527 -0.13743554 0.00538440
v 0.01229784 -0.13713785 0.00634865
v 0.01428087 -0.13559686 0.00528933
v 0.01307995 -0.13624478 0.00634865
v 0.01264601 -0.13929173 0.00199369
v 0.01632949 -0.13414343 0.00396293
v 0.01797445 -0.13223471 0.00376374
v 0.01636986 -0.13247987 0.00576693
v 0.01594096 -0.13188449 0.00694847
v 0.01695518 -0.13114902 0.00622416
v 0.01794417 -0.13043106 0.00549758
v 0.01752536 -0.12950297 0.00659537
v 0.01663729 -0.12950297 0.00764789
v 0.01631436 -0.12242844 0.00913048
v 0.01521940 -0.12789194 0.00877737
v 0.01526481 -0.12950297 0.00846049
v 0.01689968 -0.12773433 0.00783803
v 0.01719738 -0.12605326 0.00787424
v 0.01798454 -0.12551041 0.00730837
v 0.01941252 -0.10115233 0.00871400
v 0.01720243 -0.12242844 0.00836542
v 0.01806023 -0.12419707 0.00739212
v 0.02149142 -0.07917577 0.00902636
v 0.02016435 -0.08696826 0.00943152
v 0.01881206 -0.09229166 0.01001550
v 0.01881206 -0.09050552 0.01013547
v 0.01881206 -0.08873689 0.01023280
v 0.01863546 -0.08688070 0.01040483
v 0.02152674 -0.07810759 0.00905352
v 0.02058316 -0.07810759 0.00959450
v 0.02058316 -0.07632145 0.00963750
v 0.02058316 -0.07101555 0.00973936
v 0.02058316 -0.05683148 0.00998155
v 0.02058316 -0.06922941 0.00977105
v 0.02058316 -0.06392352 0.00986385
v 0.02058316 -0.05329422 0.01003588
v 0.02058316 -0.05152559 0.01005851
v 0.02058316 -0.04975696 0.01007436
v 0.02058316 -0.04798833 0.01008115
v 0.02058316 -0.04620218 0.01008115
v 0.02058316 -0.04266492 0.01007888
v 0.01851940 -0.02848085 0.01102050
v 0.02058316 -0.04089629 0.01007662
v 0.01944784 -0.03911015 0.01066965
v 0.01944279 -0.03557288 0.01066739
v 0.02058316 -0.03911015 0.01007209
v 0.01940747 -0.02848085 0.01065155
v 0.01849922 -0.02671222 0.01101144
v 0.01707124 0.01051660 0.01037314
v 0.01574922 0.01760863 0.01060175
v 0.01551206 0.02116341 0.01048178
v 0.01760105 -0.00188133 0.01067192
v 0.01752536 -0.00011270 0.01064702
v 0.01745472 0.00165593 0.01061986
v 0.01916527 -0.01962018 0.01052932
v 0.01903912 -0.01606540 0.01046594
v 0.01881206 -0.00188133 0.01005625
v 0.01881206 -0.00011270 0.00998155
v 0.01881206 0.00165593 0.00988196
v 0.01866068 0.00697933 0.00962845
v 0.01845380 -0.02494358 0.01099560
v 0.01839325 -0.02315744 0.01097296
v 0.01833775 -0.02138881 0.01094806
v 0.01821665 -0.01785155 0.01089827
v 0.01719234 -0.00907844 0.01101370
v 0.01792903 -0.00974386 0.01078509
v 0.01985151 0.00165593 0.00915538
v 0.01975059 0.00342456 0.00906258
v 0.01970013 0.00433515 0.00901051
v 0.01845885 0.01051660 0.00948811
v 0.01855977 0.00874797 0.00956281
v 0.02073958 0.00165593 0.00824093
v 0.02168316 -0.00011270 0.00746229
v 0.02320197 -0.01252814 0.00714540
v 0.02314646 -0.00188133 0.00518295
v 0.02324233 -0.00454303 0.00546362
v 0.02344922 -0.00188133 0.00429793
v 0.02433729 -0.00897337 0.00280402
v 0.02503866 -0.01657323 0.00198916
v 0.02546756 -0.02138881 0.00102944
v 0.02535655 -0.01962018 0.00102944
v 0.02487215 -0.01252814 0.00102944
v 0.02505380 -0.01469953 0.00059712
v 0.02511940 -0.01785155 -0.00202627
v 0.02563408 -0.02494358 -0.00074061
v 0.02566940 -0.03557288 -0.00251292
v 0.02560380 -0.03380425 -0.00251292
v 0.02555839 -0.02315744 0.00102944
v 0.02511435 -0.03024948 -0.00356997
v 0.02515472 -0.01962018 -0.00214850
v 0.02519004 -0.02138881 -0.00226846
v 0.02572995 -0.03734151 -0.00251292
v 0.02121894 -0.02494358 -0.00854965
v 0.01986160 -0.00543610 -0.00883033
v 0.01881206 -0.00543610 -0.00933735
v 0.01881206 -0.00366747 -0.00928302
v 0.01703591 0.00165593 -0.00987380
v 0.02525059 -0.03734151 -0.00380537
v 0.02577536 -0.03911015 -0.00251292
v 0.02581068 -0.04089629 -0.00251292
v 0.02533132 -0.04266492 -0.00388686
v 0.02474600 -0.04089629 -0.00476283
v 0.02325747 -0.03557288 -0.00696747
v 0.02241481 -0.04089629 -0.00788419
v 0.02153178 -0.04089629 -0.00875563
v 0.02058316 -0.03911015 -0.00921286
v 0.02058316 -0.03734151 -0.00919701
v 0.02053270 -0.03380425 -0.00917664
v 0.02049234 -0.03201811 -0.00916080
v 0.02142078 -0.03380425 -0.00868773
v 0.02130472 -0.02848085 -0.00861077
v 0.02126435 -0.02671222 -0.00858134
v 0.01703591 -0.00011270 -0.00993491
v 0.01580977 -0.00188133 -0.01041251
v 0.01591573 -0.00543610 -0.01043741
v 0.01612261 -0.01252814 -0.01048494
v 0.01617812 -0.01462949 -0.01049852
v 0.01621344 -0.01606540 -0.01050757
v 0.01625885 -0.01785155 -0.01051663
v 0.01523454 -0.01252814 -0.01067281
v 0.01660197 -0.03201811 -0.01058453
v 0.01672307 -0.03734151 -0.01060943
v 0.01675839 -0.03911015 -0.01061848
v 0.01678362 -0.04089629 -0.01062527
v 0.01761114 -0.03734151 -0.01042382
v 0.01881206 -0.03380425 -0.00998018
v 0.02058316 -0.04089629 -0.00921512
v 0.02058316 -0.04443355 -0.00920607
v 0.02058316 -0.04620218 -0.00919928
v 0.02151160 -0.04620218 -0.00874658
v 0.02050243 -0.05683148 -0.00915174
v 0.01881206 -0.06569215 -0.00990775
v 0.01881206 -0.06746078 -0.00988285
v 0.01758591 -0.06746078 -0.01040345
v 0.01753546 -0.06922941 -0.01038761
v 0.01721757 -0.07987622 -0.01026085
v 0.01711160 -0.08341348 -0.01021785
v 0.01703591 -0.08696826 -0.01015447
v 0.01703591 -0.08873689 -0.01010014
v 0.01703591 -0.09050552 -0.01004356
v 0.01703591 -0.09229166 -0.00998018
v 0.01703591 -0.09406030 -0.00990548
v 0.01703591 -0.09582893 -0.00982626
v 0.01703591 -0.09759756 -0.00974478
v 0.01703591 -0.09936619 -0.00966103
v 0.01703591 -0.10115233 -0.00957275
v 0.01526481 -0.10468960 -0.01019521
v 0.01513362 -0.10299101 -0.01030839
v 0.01349371 -0.11710503 -0.01002998
v 0.01349371 -0.12773433 -0.00938941
v 0.01349371 -0.11887367 -0.00993265
v 0.01349371 -0.12064230 -0.00983305
v 0.01349371 -0.12242844 -0.00972893
v 0.01349371 -0.12419707 -0.00962028
v 0.01349371 -0.12596570 -0.00950711
v 0.01444234 -0.13053612 -0.00876921
v 0.01454325 -0.12950297 -0.00884164
v 0.01466436 -0.12773433 -0.00892766
v 0.01618821 -0.13398583 -0.00524496
v 0.01697536 -0.13128911 -0.00605755
v 0.01643041 -0.13295267 -0.00592400
v 0.01633454 -0.13128911 -0.00711913
v 0.01778775 -0.12419707 -0.00675697
v 0.01764646 -0.12596570 -0.00652383
v 0.01411436 -0.13727794 -0.00300636
v 0.01269142 -0.13932675 -0.00173202
v 0.01364509 -0.13673509 -0.00447310
v 0.01173775 -0.13839866 -0.00430787
v 0.01054188 -0.13902906 -0.00481716
v 0.00936115 -0.13948435 -0.00553695
v 0.01165702 -0.13964195 -0.00239975
v 0.00889693 -0.14093778 -0.00318744
v 0.00934601 -0.14120045 -0.00200590
v 0.00825610 -0.14156819 -0.00256272
v 0.00676757 -0.14270641 -0.00135401
v 0.00825610 -0.14074516 -0.00444821
v 0.00994142 -0.14060507 -0.00256272
v 0.00462812 -0.14284650 -0.00175239
v 0.00285702 -0.14312668 -0.00074061
v 0.00108087 -0.14289903 -0.00195837
v 0.00811482 -0.14235619 -0.00075419
v 0.01053179 -0.14086774 -0.00112087
v 0.01087995 -0.14106036 0.00006067
v 0.01087995 -0.14106036 0.00021685
v 0.00811482 -0.14232117 0.00101586
v 0.00928546 -0.14116542 0.00223362
v 0.00990610 -0.14057004 0.00281760
v 0.01167215 -0.13958942 0.00267274
v 0.01439188 -0.13750558 0.00194616
v 0.01406894 -0.13715536 0.00312770
v 0.01664738 -0.13451117 0.00280402
v 0.01460885 -0.13596460 0.00410779
v 0.01335748 -0.13824106 0.00256183
v 0.01157124 -0.14037742 0.00089590
v 0.01289325 -0.13948435 0.00102944
v 0.01378133 -0.13862630 0.00102944
v 0.01753546 -0.13346050 0.00280402
v 0.01818637 -0.13256743 0.00280402
v 0.01872123 -0.13128911 0.00280402
v 0.01812582 -0.13113151 0.00444279
v 0.01755059 -0.13162182 0.00494755
v 0.01849922 -0.12950297 0.00457633
v 0.01802995 -0.12950297 0.00570808
v 0.01778775 -0.12773433 0.00696885
v 0.01789371 -0.12668366 0.00717935
v 0.02151665 -0.10770152 0.00553606
v 0.01946802 -0.11533640 0.00697790
v 0.01957399 -0.11355026 0.00710918
v 0.01973041 -0.11115123 0.00726536
v 0.01979601 -0.11001300 0.00733553
v 0.01989692 -0.10824437 0.00743965
v 0.02191527 -0.08519963 0.00776559
v 0.02198591 -0.08341348 0.00787877
v 0.02205151 -0.08164485 0.00798968
v 0.02199600 -0.07980618 0.00826809
v 0.02222812 -0.07810759 0.00812096
v 0.02319188 -0.07455282 0.00714087
v 0.02322720 -0.07332703 0.00720651
v 0.02086573 -0.10645823 0.00651615
v 0.02158729 -0.10645823 0.00563112
v 0.02156206 -0.07632145 0.00907842
v 0.02327766 -0.07101555 0.00729705
v 0.02331298 -0.06922941 0.00735364
v 0.02255610 -0.06922941 0.00823866
v 0.02257628 -0.06746078 0.00828167
v 0.02159234 -0.07455282 0.00909653
v 0.02162261 -0.07278419 0.00911237
v 0.02164279 -0.07101555 0.00913048
v 0.02194050 -0.04975696 0.00929571
v 0.02196573 -0.04798833 0.00930250
v 0.02197077 -0.04620218 0.00930250
v 0.02195059 -0.04443355 0.00930250
v 0.02190518 -0.04089629 0.00930024
v 0.02058316 -0.03734151 0.01005625
v 0.01938224 -0.02671222 0.01064023
v 0.02058316 -0.03380425 0.01001098
v 0.01788362 -0.00857061 0.01076698
v 0.01782812 -0.00720474 0.01074661
v 0.01928133 -0.02315744 0.01059043
v 0.02046711 -0.01606540 0.00957865
v 0.02031573 -0.01075951 0.00947000
v 0.02021481 -0.00720474 0.00939304
v 0.02015931 -0.00543610 0.00935683
v 0.02026527 -0.00897337 0.00943152
v 0.02009371 -0.00366747 0.00931835
v 0.02001802 -0.00188133 0.00927987
v 0.01994234 -0.00011270 0.00923007
v 0.01934188 -0.02494358 0.01061759
v 0.02197582 -0.00543610 0.00776107
v 0.02187995 -0.00366747 0.00767279
v 0.02323224 -0.01354379 0.00721783
v 0.02349463 -0.01252814 0.00625811
v 0.02344417 -0.01075951 0.00609514
v 0.02333821 -0.00720474 0.00572845
v 0.02345426 -0.00382507 0.00467819
v 0.02359050 -0.00543610 0.00457633
v 0.02444830 -0.01075951 0.00280402
v 0.02370151 -0.00720474 0.00457633
v 0.02455426 -0.01252814 0.00280402
v 0.02391344 -0.01075951 0.00457633
v 0.02411527 -0.01429677 0.00457633
v 0.02507398 -0.01785155 0.00211139
v 0.02562903 -0.02494358 0.00102944
v 0.02569463 -0.02671222 -0.00074061
v 0.02522032 -0.02315744 0.00252335
v 0.02512444 -0.01962018 0.00226984
v 0.02517490 -0.02138881 0.00240565
v 0.02574509 -0.02848085 -0.00074061
v 0.01881206 -0.00720474 -0.00938714
v 0.02138041 -0.03201811 -0.00866283
v 0.02033591 -0.02494358 -0.00907478
v 0.01881206 -0.01962018 -0.00971761
v 0.01881206 -0.01785155 -0.00967234
v 0.01881206 -0.01606540 -0.00962481
v 0.01881206 -0.00897337 -0.00943468
v 0.02582582 -0.03201811 -0.00074061
v 0.02590655 -0.03557288 -0.00074061
v 0.02593178 -0.03734151 -0.00074061
v 0.02582582 -0.04266492 -0.00251292
v 0.02582582 -0.04443355 -0.00251292
v 0.02532628 -0.04443355 -0.00389139
v 0.02476114 -0.04798833 -0.00477189
v 0.02475609 -0.04443355 -0.00477868
v 0.02475105 -0.04266492 -0.00477415
v 0.02389830 -0.04089629 -0.00605755
v 0.02327261 -0.03911015 -0.00698784
v 0.02327766 -0.04089629 -0.00699690
v 0.02328270 -0.04266492 -0.00700369
v 0.02241481 -0.04266492 -0.00788871
v 0.02240977 -0.04443355 -0.00789098
v 0.02152169 -0.04443355 -0.00875110
v 0.01881206 -0.03201811 -0.00995754
v 0.01881206 -0.02848085 -0.00989643
v 0.01881206 -0.02671222 -0.00986474
v 0.01881206 -0.02494358 -0.00983079
v 0.01881206 -0.02315744 -0.00979457
v 0.01881206 -0.02138881 -0.00975836
v 0.02045701 -0.03024948 -0.00913816
v 0.02037628 -0.02671222 -0.00909742
v 0.01703591 -0.00188133 -0.00998018
v 0.01714692 -0.01785155 -0.01028801
v 0.01718729 -0.01962018 -0.01031065
v 0.01723270 -0.02138881 -0.01032876
v 0.01727307 -0.02315744 -0.01034460
v 0.01736390 -0.02671222 -0.01037176
v 0.01740426 -0.02848085 -0.01038308
v 0.01744968 -0.03024948 -0.01039214
v 0.01647582 -0.02671222 -0.01055963
v 0.01749004 -0.03201811 -0.01040119
v 0.01757078 -0.03557288 -0.01041703
v 0.02239967 -0.04620218 -0.00789098
v 0.02328775 -0.04975696 -0.00700595
v 0.02328270 -0.05152559 -0.00699237
v 0.02149646 -0.04798833 -0.00873526
v 0.02045197 -0.06036874 -0.00913363
v 0.02148133 -0.04942424 -0.00872620
v 0.02040151 -0.06392352 -0.00911100
v 0.02034096 -0.06746078 -0.00908384
v 0.01881206 -0.06922941 -0.00984890
v 0.01881206 -0.07101555 -0.00980815
v 0.01881206 -0.07278419 -0.00976741
v 0.01881206 -0.07632145 -0.00968140
v 0.01881206 -0.07810759 -0.00963387
v 0.01881206 -0.07987622 -0.00957501
v 0.01881206 -0.08164485 -0.00951164
v 0.01881206 -0.08341348 -0.00944600
v 0.01881206 -0.08519963 -0.00937809
v 0.01870105 -0.09050552 -0.00921738
v 0.01703591 -0.10292096 -0.00947316
v 0.01861527 -0.09229166 -0.00917438
v 0.01526481 -0.10645823 -0.01009562
v 0.01526481 -0.11001300 -0.00988285
v 0.01478546 -0.12596570 -0.00900009
v 0.01526481 -0.10824437 -0.00999150
v 0.01542628 -0.12950297 -0.00811959
v 0.01578958 -0.12419707 -0.00844327
v 0.01567353 -0.12596570 -0.00834368
v 0.01804509 -0.12064230 -0.00705801
v 0.01796436 -0.12183306 -0.00698332
v 0.01692995 -0.10645823 -0.00928076
v 0.01681390 -0.10824437 -0.00920154
v 0.01796940 -0.10416426 -0.00875337
v 0.01624371 -0.11710503 -0.00878506
v 0.01601665 -0.12064230 -0.00861756
v 0.01590059 -0.12242844 -0.00853381
v 0.01629417 -0.13416095 -0.00428523
v 0.01460380 -0.13780328 -0.00074061
v 0.01446757 -0.13761065 -0.00182482
v 0.01692490 -0.13305774 -0.00428523
v 0.01796436 -0.13225222 -0.00179539
v 0.01808545 -0.13246236 -0.00074061
v 0.01741435 -0.12934536 -0.00588779
v 0.01792903 -0.12864492 -0.00518158
v 0.01783316 -0.12983568 -0.00480584
v 0.01766665 -0.13123657 -0.00424223
v 0.01676344 -0.12596570 -0.00745639
v 0.01787857 -0.12302382 -0.00688825
v 0.01931665 -0.11533640 -0.00639255
v 0.01984646 -0.11533640 -0.00550752
v 0.01976068 -0.11666726 -0.00531739
v 0.01814096 -0.12596570 -0.00563654
v 0.01799968 -0.12773433 -0.00534455
v 0.01381665 -0.13869634 -0.00074061
v 0.01292858 -0.13951937 -0.00074061
v 0.01157124 -0.14042996 -0.00061385
v 0.01220702 -0.13894151 -0.00291356
v 0.01454830 -0.13773323 0.00102944
v 0.01611252 -0.13568442 0.00148214
v 0.01770197 -0.13363561 0.00102944
v 0.01827720 -0.13274254 0.00102944
v 0.01886252 -0.13128911 0.00102944
v 0.01912491 -0.12950297 0.00280402
v 0.01880197 -0.12773433 0.00457633
v 0.01818133 -0.12773433 0.00608156
v 0.01972536 -0.11992434 0.00552700
v 0.01981114 -0.11887367 0.00569450
v 0.01995747 -0.11710503 0.00592764
v 0.02143087 -0.10887477 0.00531650
v 0.02323224 -0.09840308 0.00361888
v 0.02330793 -0.09721231 0.00384975
v 0.02295472 -0.09582893 0.00487738
v 0.02167307 -0.10468960 0.00573298
v 0.02312628 -0.07632145 0.00702317
v 0.02367628 -0.07455282 0.00625585
v 0.02504371 -0.07455282 0.00374563
v 0.02509417 -0.07278419 0.00383391
v 0.02460977 -0.07278419 0.00472120
v 0.02465013 -0.07101555 0.00479363
v 0.02473087 -0.06746078 0.00493849
v 0.02484692 -0.06213738 0.00515805
v 0.02260151 -0.06569215 0.00831562
v 0.02282857 -0.04975696 0.00861214
v 0.02488224 -0.06036874 0.00522596
v 0.02490747 -0.05860011 0.00528028
v 0.02334325 -0.06746078 0.00739438
v 0.02284876 -0.04798833 0.00863930
v 0.02285380 -0.04620218 0.00865288
v 0.02187995 -0.03911015 0.00929571
v 0.02283866 -0.04443355 0.00864157
v 0.02184463 -0.03734151 0.00928213
v 0.02058316 -0.03024948 0.00994307
v 0.02058316 -0.02848085 0.00990459
v 0.02058316 -0.02671222 0.00986159
v 0.02051756 -0.01785155 0.00961260
v 0.02140564 -0.01785155 0.00895845
v 0.02135518 -0.01606540 0.00892224
v 0.02125426 -0.01252814 0.00884528
v 0.02114830 -0.00897337 0.00876606
v 0.02109784 -0.00720474 0.00871400
v 0.02104738 -0.00543610 0.00864836
v 0.02097674 -0.00366747 0.00856008
v 0.02058316 -0.02494358 0.00980953
v 0.02058316 -0.02315744 0.00975068
v 0.02058316 -0.02138881 0.00969183
v 0.02207169 -0.00720474 0.00782671
v 0.02363591 -0.01606540 0.00634865
v 0.02349463 -0.01419171 0.00651615
v 0.02216252 -0.00897337 0.00787877
v 0.02224830 -0.01075951 0.00792178
v 0.02231894 -0.01252814 0.00796025
v 0.02326252 -0.01473455 0.00725857
v 0.02413041 -0.02848085 0.00634865
v 0.02399417 -0.02494358 0.00634865
v 0.02392353 -0.02315744 0.00634865
v 0.02385289 -0.02138881 0.00634865
v 0.02480151 -0.01785155 0.00299868
v 0.02430197 -0.01785155 0.00457633
v 0.02484692 -0.01962018 0.00315486
v 0.02380747 -0.00897337 0.00457633
v 0.02568958 -0.02671222 0.00102944
v 0.02438270 -0.01962018 0.00457633
v 0.02445839 -0.02138881 0.00457633
v 0.02468041 -0.02671222 0.00457633
v 0.02501344 -0.02760529 0.00368905
v 0.02525564 -0.02494358 0.00263426
v 0.02572995 -0.02848085 0.00102944
v 0.02576527 -0.03024948 0.00102944
v 0.02579555 -0.03201811 0.00102944
v 0.02582582 -0.03380425 0.00102944
v 0.02594692 -0.03911015 -0.00074061
v 0.02584600 -0.03557288 0.00102944
v 0.02597215 -0.04266492 -0.00074061
v 0.02597720 -0.04443355 -0.00074061
v 0.02597215 -0.04620218 -0.00074061
v 0.02596206 -0.04798833 -0.00074061
v 0.02581068 -0.04620218 -0.00251292
v 0.02532123 -0.04620218 -0.00389365
v 0.02391848 -0.05152559 -0.00605755
v 0.02392353 -0.04975696 -0.00605755
v 0.02476619 -0.05329422 -0.00473341
v 0.02328775 -0.04798833 -0.00700369
v 0.02389830 -0.05329422 -0.00605755
v 0.02385793 -0.05860011 -0.00598285
v 0.02383775 -0.06036874 -0.00595116
v 0.02325747 -0.05329422 -0.00696521
v 0.02222812 -0.06213738 -0.00772574
v 0.02128958 -0.06392352 -0.00859266
v 0.02131481 -0.06213738 -0.00861303
v 0.02134004 -0.06036874 -0.00863114
v 0.02235426 -0.05152559 -0.00787061
v 0.02145610 -0.05152559 -0.00871036
v 0.02136527 -0.05860011 -0.00864698
v 0.02030564 -0.06922941 -0.00906573
v 0.02025518 -0.07101555 -0.00904536
v 0.02009876 -0.07632145 -0.00898424
v 0.02004325 -0.07810759 -0.00895482
v 0.01998270 -0.07987622 -0.00891860
v 0.01973545 -0.08661803 -0.00874658
v 0.01965472 -0.08873689 -0.00868999
v 0.01958408 -0.09050552 -0.00864019
v 0.01985151 -0.08341348 -0.00883259
v 0.01825197 -0.09936619 -0.00893897
v 0.01815610 -0.10115233 -0.00887786
v 0.01719738 -0.10472462 -0.00923775
v 0.01852445 -0.09406030 -0.00912005
v 0.01843362 -0.09582893 -0.00906120
v 0.01950334 -0.09229166 -0.00858587
v 0.01501757 -0.12242844 -0.00913816
v 0.01490151 -0.12419707 -0.00907026
v 0.01972032 -0.10936509 -0.00696747
v 0.01830243 -0.11710503 -0.00724588
v 0.01817124 -0.11887367 -0.00715761
v 0.01964968 -0.11053834 -0.00689051
v 0.01805013 -0.10292096 -0.00880769
v 0.01904417 -0.10115233 -0.00825314
v 0.01893821 -0.10292096 -0.00816712
v 0.01754555 -0.13333792 -0.00074061
v 0.01656665 -0.13491393 -0.00059574
v 0.01555747 -0.13643740 -0.00059574
v 0.01616298 -0.13573695 0.00009236
v 0.01616298 -0.13573695 0.00030060
v 0.01782307 -0.13177942 -0.00297920
v 0.01847903 -0.13128911 -0.00074061
v 0.01962949 -0.12290124 -0.00323724
v 0.01997261 -0.12235840 -0.00259214
v 0.01952857 -0.12419707 -0.00295883
v 0.01987169 -0.12419707 -0.00207154
v 0.01967490 -0.11784051 -0.00511820
v 0.01959417 -0.11887367 -0.00491675
v 0.01981114 -0.12064230 -0.00368315
v 0.01975564 -0.12531779 -0.00179087
v 0.01797949 -0.13060617 -0.00362430
v 0.01809555 -0.13123657 -0.00243823
v 0.01956390 -0.11178163 -0.00678187
v 0.01944279 -0.11355026 -0.00660531
v 0.01996252 -0.11355026 -0.00572029
v 0.02148133 -0.10388408 -0.00519063
v 0.02032582 -0.11533640 -0.00428523
v 0.02002307 -0.11719259 -0.00443010
v 0.01668775 -0.13498397 0.00094796
v 0.01974050 -0.12703389 -0.00005024
v 0.01926114 -0.12950297 0.00102944
v 0.01970518 -0.12694633 0.00196653
v 0.01957399 -0.12596570 0.00315939
v 0.01965977 -0.12480997 0.00352155
v 0.01909463 -0.12596570 0.00457633
v 0.01974050 -0.12363672 0.00381354
v 0.02166802 -0.10826188 0.00466687
v 0.02193041 -0.10645823 0.00457633
v 0.02155701 -0.11001300 0.00408063
v 0.02153683 -0.11312999 0.00220872
v 0.02254600 -0.10468960 0.00280402
v 0.02277812 -0.10292096 0.00280402
v 0.02305059 -0.10101224 0.00265463
v 0.02324738 -0.10031179 0.00196427
v 0.02342399 -0.09772014 0.00293757
v 0.02365610 -0.09582893 0.00280402
v 0.02381252 -0.09406030 0.00280402
v 0.02394876 -0.09229166 0.00280402
v 0.02501344 -0.07546340 0.00369131
v 0.02336848 -0.09582893 0.00399009
v 0.02537169 -0.07278419 0.00280402
v 0.02543224 -0.07101555 0.00280402
v 0.02513454 -0.07101555 0.00390634
v 0.02521022 -0.06746078 0.00405347
v 0.02528087 -0.06392352 0.00419833
v 0.02356527 -0.04975696 0.00772485
v 0.02338866 -0.06392352 0.00746229
v 0.02343408 -0.06036874 0.00753019
v 0.02349967 -0.05506285 0.00762978
v 0.02534646 -0.06036874 0.00433867
v 0.02537674 -0.05860011 0.00439526
v 0.02540197 -0.05683148 0.00443600
v 0.02495288 -0.05506285 0.00536177
v 0.02423637 -0.05860011 0.00634865
v 0.02358041 -0.04798833 0.00775428
v 0.02359050 -0.04620218 0.00776559
v 0.02360059 -0.04443355 0.00775428
v 0.02364096 -0.03734151 0.00769543
v 0.02364096 -0.03557288 0.00767732
v 0.02276298 -0.03911015 0.00859403
v 0.02273270 -0.03734151 0.00858045
v 0.02269234 -0.03557288 0.00856234
v 0.02180426 -0.03557288 0.00926176
v 0.02074463 -0.01976027 0.00951754
v 0.02147123 -0.02046072 0.00901051
v 0.02144096 -0.01926996 0.00898788
v 0.02237949 -0.02138881 0.00830431
v 0.02235426 -0.01785155 0.00817529
v 0.02235426 -0.01606540 0.00809380
v 0.02176389 -0.03380425 0.00923686
v 0.02172353 -0.03201811 0.00920970
v 0.02328775 -0.01606540 0.00729479
v 0.02432215 -0.03380425 0.00634865
v 0.02426160 -0.03201811 0.00634865
v 0.02477123 -0.03024948 0.00471667
v 0.02480656 -0.03201811 0.00480721
v 0.02538683 -0.03024948 0.00280402
v 0.02544233 -0.03201811 0.00280402
v 0.02554325 -0.03557288 0.00280402
v 0.02479142 -0.02830573 0.00443600
v 0.02528591 -0.02671222 0.00274743
v 0.02561389 -0.03911015 0.00280402
v 0.02568454 -0.04266492 0.00280402
v 0.02578545 -0.04798833 0.00280402
v 0.02581573 -0.04975696 0.00280402
v 0.02584096 -0.05152559 0.00280402
v 0.02586114 -0.03734151 0.00102944
v 0.02591160 -0.04620218 0.00102944
v 0.02587123 -0.03911015 0.00102944
v 0.02591664 -0.04798833 0.00102944
v 0.02585610 -0.05329422 0.00280402
v 0.02591664 -0.04975696 0.00102944
v 0.02590655 -0.05152559 0.00102944
v 0.02594692 -0.04975696 -0.00074061
v 0.02529096 -0.04975696 -0.00387554
v 0.02530610 -0.04798833 -0.00388686
v 0.02583591 -0.06036874 -0.00074061
v 0.02581573 -0.06213738 -0.00074061
v 0.02578545 -0.04798833 -0.00251292
v 0.02525564 -0.05329422 -0.00384838
v 0.02476619 -0.05506285 -0.00471303
v 0.02475609 -0.05683148 -0.00468361
v 0.02474096 -0.05860011 -0.00464966
v 0.02472582 -0.06036874 -0.00461344
v 0.02380747 -0.06213738 -0.00591495
v 0.02311619 -0.06213738 -0.00680224
v 0.02322720 -0.05543059 -0.00692447
v 0.02218775 -0.06392352 -0.00770537
v 0.02122903 -0.06746078 -0.00853834
v 0.02125931 -0.06569215 -0.00856776
v 0.02118866 -0.06922941 -0.00850212
v 0.02114325 -0.07101555 -0.00845232
v 0.02050747 -0.09406030 -0.00763973
v 0.02045197 -0.09582893 -0.00757861
v 0.01932169 -0.09582893 -0.00846590
v 0.01923087 -0.09759756 -0.00840253
v 0.01913500 -0.09936619 -0.00833462
v 0.01941252 -0.09406030 -0.00852702
v 0.02025518 -0.09936619 -0.00744733
v 0.02133500 -0.09582893 -0.00677055
v 0.02124922 -0.09759756 -0.00663927
v 0.02162766 -0.10115233 -0.00544188
v 0.02153178 -0.10292096 -0.00528117
v 0.02036114 -0.09759756 -0.00751750
v 0.01960426 -0.12649104 -0.00123405
v 0.02026527 -0.12064230 -0.00251292
v 0.02051756 -0.12242844 -0.00074061
v 0.02022995 -0.12419707 -0.00074061
v 0.01987674 -0.12593068 -0.00068176
v 0.02170334 -0.10456702 -0.00435540
v 0.02140059 -0.10507484 -0.00499144
v 0.02298500 -0.09229166 -0.00470172
v 0.02344417 -0.09229166 -0.00381669
v 0.02332811 -0.09406030 -0.00359487
v 0.02326252 -0.09511097 -0.00345001
v 0.02097674 -0.11533640 -0.00251292
v 0.02074463 -0.11710503 -0.00251292
v 0.02050747 -0.11887367 -0.00251292
v 0.01956894 -0.12794447 0.00102944
v 0.01995243 -0.12596570 0.00102944
v 0.02025013 -0.12419707 0.00102944
v 0.02049738 -0.12242844 0.00102944
v 0.02145105 -0.11432075 0.00179450
v 0.02147123 -0.11622948 0.00015800
v 0.02324738 -0.10031179 0.00175602
v 0.02373683 -0.09582893 0.00102944
v 0.02392857 -0.09406030 0.00102944
v 0.02411527 -0.09229166 0.00102944
v 0.02427674 -0.09050552 0.00102944
v 0.02502353 -0.08089187 0.00195521
v 0.02515472 -0.07616385 0.00286966
v 0.02528087 -0.07455282 0.00280402
v 0.02552811 -0.07278419 0.00102944
v 0.02560885 -0.07101555 0.00102944
v 0.02566435 -0.06922941 0.00102944
v 0.02553820 -0.06746078 0.00280402
v 0.02440793 -0.05152559 0.00634865
v 0.02436756 -0.05329422 0.00634865
v 0.02568958 -0.06213738 0.00280402
v 0.02578041 -0.05860011 0.00280402
v 0.02563912 -0.06392352 0.00280402
v 0.02581573 -0.05683148 0.00280402
v 0.02584600 -0.05506285 0.00280402
v 0.02542215 -0.05506285 0.00447448
v 0.02497307 -0.05329422 0.00539346
v 0.02443821 -0.04975696 0.00634865
v 0.02457444 -0.04791828 0.00617436
v 0.02447857 -0.04620218 0.00635770
v 0.02501848 -0.04518653 0.00547041
v 0.02440793 -0.03734151 0.00634865
v 0.02437261 -0.03557288 0.00634865
v 0.02361573 -0.03380425 0.00764789
v 0.02358545 -0.03201811 0.00761620
v 0.02348958 -0.02671222 0.00752566
v 0.02345931 -0.02494358 0.00749171
v 0.02265197 -0.03380425 0.00853518
v 0.02257123 -0.03024948 0.00847407
v 0.02245518 -0.02494358 0.00837900
v 0.02339371 -0.02138881 0.00741928
v 0.02332307 -0.01785155 0.00733779
v 0.02497811 -0.04266492 0.00535045
v 0.02492261 -0.03911015 0.00516937
v 0.02511940 -0.03380425 0.00401046
v 0.02526573 -0.02830573 0.00298057
v 0.02523545 -0.04089629 0.00437262
v 0.02524050 -0.04453862 0.00472573
v 0.02532628 -0.04620218 0.00457633
v 0.02537674 -0.04975696 0.00455144
v 0.02540197 -0.05152559 0.00453106
v 0.02542215 -0.05329422 0.00450843
v 0.02589142 -0.05329422 0.00102944
v 0.02581068 -0.06036874 0.00102944
v 0.02579050 -0.06392352 -0.00074061
v 0.02573499 -0.05152559 -0.00251292
v 0.02522032 -0.05683148 -0.00379632
v 0.02523545 -0.05506285 -0.00382801
v 0.02516481 -0.06213738 -0.00368767
v 0.02514463 -0.06392352 -0.00363788
v 0.02469050 -0.06213738 -0.00457496
v 0.02465013 -0.06392352 -0.00452516
v 0.02376206 -0.06392352 -0.00586742
v 0.02307582 -0.06392352 -0.00675470
v 0.02317169 -0.05860011 -0.00687014
v 0.02209188 -0.06746078 -0.00765331
v 0.02214233 -0.06569215 -0.00768274
v 0.02203637 -0.06922941 -0.00761483
v 0.02146619 -0.09136357 -0.00694257
v 0.02144096 -0.09229166 -0.00691541
v 0.02139555 -0.09406030 -0.00685430
v 0.02304555 -0.09050552 -0.00486243
v 0.02191527 -0.09582893 -0.00588552
v 0.02181940 -0.09759756 -0.00575424
v 0.02152674 -0.11312999 -0.00178860
v 0.02145105 -0.11430324 -0.00150567
v 0.02075977 -0.12064230 -0.00074061
v 0.02147123 -0.11622948 0.00013310
v 0.02355013 -0.09050552 -0.00397514
v 0.02412032 -0.08873689 -0.00251292
v 0.02395380 -0.09050552 -0.00251292
v 0.02281343 -0.10292096 -0.00074061
v 0.02394876 -0.09229166 -0.00074061
v 0.02412536 -0.09050552 -0.00074061
v 0.02427169 -0.08873689 -0.00074061
v 0.02440793 -0.08873689 0.00102944
v 0.02502353 -0.08089187 0.00179677
v 0.02512444 -0.07810759 0.00238527
v 0.02541710 -0.07455282 0.00102944
v 0.02553820 -0.07101555 -0.00074061
v 0.02564417 -0.06922941 -0.00074061
v 0.02571481 -0.06746078 -0.00074061
v 0.02576527 -0.06569215 -0.00074061
v 0.02575518 -0.06392352 0.00102944
v 0.02499325 -0.05152559 0.00541835
v 0.02501848 -0.04730539 0.00546589
v 0.02501848 -0.04620218 0.00547041
v 0.02559876 -0.06036874 -0.00251292
v 0.02553820 -0.06392352 -0.00251292
v 0.02549784 -0.06569215 -0.00251292
v 0.02511435 -0.06569215 -0.00357676
v 0.02501344 -0.07010497 -0.00339795
v 0.02460472 -0.06569215 -0.00446179
v 0.02371665 -0.06569215 -0.00580404
v 0.02367123 -0.06746078 -0.00573840
v 0.02362582 -0.06922941 -0.00567049
v 0.02308591 -0.08873689 -0.00495523
v 0.02370151 -0.08696826 -0.00413358
v 0.02364096 -0.08873689 -0.00406794
v 0.02205151 -0.11001300 -0.00074061
v 0.02138545 -0.11533640 -0.00110277
v 0.02099188 -0.11887367 -0.00074061
v 0.02126940 -0.11692993 -0.00057085
v 0.02224325 -0.10824437 -0.00074061
v 0.02424646 -0.08696826 -0.00251292
v 0.02501848 -0.07726705 -0.00165053
v 0.02322720 -0.09835054 -0.00147851
v 0.02497811 -0.07845781 -0.00111408
v 0.02515976 -0.07632145 -0.00074061
v 0.02466022 -0.08519963 0.00102944
v 0.02516481 -0.07810759 0.00102944
v 0.02505380 -0.07632145 -0.00182256
v 0.02542720 -0.06746078 -0.00251292
v 0.02511435 -0.07455282 -0.00209417
v 0.02517995 -0.07278419 -0.00229336
v 0.02444325 -0.07101555 -0.00428523
v 0.02455931 -0.06746078 -0.00439162
v 0.02499325 -0.07101555 -0.00333004
v 0.02407995 -0.07810759 -0.00428523
v 0.02495288 -0.07278419 -0.00317839
v 0.02491252 -0.07455282 -0.00297920
v 0.02458958 -0.08164485 -0.00251292
v 0.02524554 -0.07101555 -0.00244502
v 0.02470059 -0.07987622 -0.00251292
v 0.02487215 -0.07632145 -0.00270758
f 1 2 3
f 1 3 4
f 1 4 5
f 1 5 6
f 1 6 7
f 1 7 8
f 1 8 28
f 1 28 9
f 1 9 10
f 1 10 2
f 2 11 13
f 2 13 3
f 2 10 11
f 3 12 4
f 3 13 14
f 3 14 12
f 4 12 15
f 4 15 16
f 4 16 5
f 5 17 18
f 5 18 6
f 5 16 17
f 6 18 19
f 6 19 7
f 7 19 20
f 7 20 21
f 7 21 22
f 7 22 23
f 7 23 24
f 7 24 25
f 7 25 26
f 7 26 27
f 7 27 8
f 8 27 28
f 9 28 29
f 9 29 30
f 9 30 10
f 10 30 11
f 11 31 13
f 11 30 32
f 11 32 31
f 12 14 33
f 12 33 34
f 12 34 35
f 12 35 36
f 12 36 15
f 13 31 37
f 13 37 14
f 14 37 33
f 15 38 16
f 15 36 39
f 15 39 40
f 15 40 69
f 15 69 38
f 16 38 41
f 16 41 42
f 16 42 43
f 16 43 17
f 17 43 80
f 17 80 44
f 17 44 45
f 17 45 46
f 17 46 18
f 18 46 47
f 18 47 19
f 19 47 48
f 19 48 49
f 19 49 20
f 20 49 50
f 20 50 21
f 21 50 51
f 21 51 52
f 21 52 53
f 21 53 54
f 21 54 22
f 22 54 23
f 23 54 55
f 23 55 89
f 23 89 56
f 23 56 28
f 23 28 24
f 24 28 25
f 25 28 26
f 26 28 27
f 28 56 57
f 28 57 58
f 28 58 29
f 29 59 30
f 29 58 59
f 30 59 32
f 31 60 37
f 31 32 60
f 32 59 61
f 32 61 62
f 32 62 60
f 33 37 63
f 33 63 34
f 34 63 64
f 34 64 35
f 35 65 36
f 35 64 65
f 36 65 66
f 36 66 39
f 37 60 67
f 37 67 68
f 37 68 63
f 38 69 70
f 38 70 41
f 39 66 113
f 39 113 71
f 39 71 72
f 39 72 73
f 39 73 40
f 40 73 74
f 40 74 75
f 40 75 69
f 41 76 42
f 41 70 77
f 41 77 78
f 41 78 76
f 42 76 79
f 42 79 43
f 43 79 80
f 44 80 81
f 44 81 45
f 45 81 82
f 45 82 46
f 46 82 83
f 46 83 47
f 47 83 84
f 47 84 48
f 48 84 49
f 49 84 50
f 50 84 51
f 51 84 85
f 51 85 86
f 51 86 52
f 52 87 88
f 52 88 53
f 52 86 87
f 53 88 89
f 53 89 55
f 53 55 54
f 56 90 91
f 56 91 57
f 56 89 92
f 56 92 93
f 56 93 94
f 56 94 95
f 56 95 90
f 57 91 58
f 58 91 96
f 58 96 59
f 59 96 97
f 59 97 98
f 59 98 61
f 60 99 100
f 60 100 101
f 60 101 102
f 60 102 67
f 60 62 110
f 60 110 99
f 61 103 110
f 61 110 62
f 61 98 104
f 61 104 105
f 61 105 106
f 61 106 107
f 61 107 108
f 61 108 109
f 61 109 103
f 63 68 67
f 63 67 111
f 63 111 64
f 64 111 112
f 64 112 65
f 65 112 66
f 66 112 113
f 67 102 114
f 67 114 115
f 67 115 116
f 67 116 117
f 67 117 111
f 69 75 118
f 69 118 70
f 70 118 119
f 70 119 120
f 70 120 77
f 71 113 72
f 72 113 121
f 72 121 122
f 72 122 123
f 72 123 124
f 72 124 125
f 72 125 126
f 72 126 127
f 72 127 128
f 72 128 129
f 72 129 130
f 72 130 73
f 73 130 131
f 73 131 132
f 73 132 133
f 73 133 134
f 73 134 135
f 73 135 74
f 74 136 75
f 74 135 137
f 74 137 138
f 74 138 136
f 75 136 139
f 75 139 140
f 75 140 141
f 75 141 118
f 76 78 142
f 76 142 143
f 76 143 79
f 77 120 144
f 77 144 145
f 77 145 78
f 78 145 142
f 79 143 146
f 79 146 81
f 79 81 80
f 81 147 148
f 81 148 82
f 81 146 149
f 81 149 150
f 81 150 147
f 82 148 83
f 83 148 151
f 83 151 84
f 84 151 152
f 84 152 85
f 85 152 86
f 86 152 153
f 86 153 154
f 86 154 87
f 87 155 156
f 87 156 157
f 87 157 88
f 87 154 155
f 88 157 89
f 89 157 92
f 90 95 158
f 90 158 96
f 90 96 91
f 92 157 156
f 92 156 93
f 93 156 159
f 93 159 160
f 93 160 94
f 94 160 161
f 94 161 162
f 94 162 163
f 94 163 164
f 94 164 95
f 95 164 165
f 95 165 166
f 95 166 167
f 95 167 158
f 96 158 168
f 96 168 97
f 97 169 98
f 97 168 169
f 98 169 170
f 98 170 104
f 99 110 171
f 99 171 100
f 100 172 173
f 100 173 174
f 100 174 101
f 100 171 172
f 101 174 102
f 102 174 173
f 102 173 175
f 102 175 114
f 103 109 183
f 103 183 110
f 104 170 176
f 104 176 177
f 104 177 178
f 104 178 179
f 104 179 180
f 104 180 181
f 104 181 105
f 105 181 182
f 105 182 106
f 106 182 107
f 107 182 108
f 108 182 109
f 109 182 183
f 110 183 171
f 111 117 184
f 111 184 185
f 111 185 186
f 111 186 187
f 111 187 188
f 111 188 189
f 111 189 112
f 112 189 188
f 112 188 190
f 112 190 191
f 112 191 192
f 112 192 124
f 112 124 193
f 112 193 121
f 112 121 194
f 112 194 113
f 113 194 121
f 114 175 195
f 114 195 196
f 114 196 115
f 115 196 197
f 115 197 116
f 116 197 117
f 117 197 198
f 117 198 184
f 118 141 119
f 119 141 199
f 119 199 200
f 119 200 120
f 120 200 201
f 120 201 144
f 121 193 124
f 121 124 122
f 122 124 123
f 124 192 125
f 125 192 202
f 125 202 126
f 126 202 203
f 126 203 204
f 126 204 127
f 127 204 205
f 127 205 206
f 127 206 128
f 128 206 207
f 128 207 129
f 129 207 208
f 129 208 209
f 129 209 210
f 129 210 211
f 129 211 130
f 130 211 131
f 131 211 212
f 131 212 213
f 131 213 132
f 132 213 214
f 132 214 133
f 133 214 215
f 133 215 134
f 134 215 135
f 135 215 216
f 135 216 137
f 136 217 218
f 136 218 219
f 136 219 220
f 136 220 139
f 136 138 217
f 137 216 215
f 137 215 214
f 137 214 221
f 137 221 222
f 137 222 223
f 137 223 138
f 138 223 217
f 139 224 225
f 139 225 140
f 139 220 226
f 139 226 224
f 140 225 199
f 140 199 141
f 142 145 227
f 142 227 228
f 142 228 143
f 143 229 230
f 143 230 146
f 143 228 229
f 144 227 145
f 144 201 227
f 146 230 229
f 146 229 231
f 146 231 149
f 147 150 232
f 147 232 148
f 148 232 233
f 148 233 151
f 149 231 232
f 149 232 150
f 151 233 234
f 151 234 152
f 152 234 235
f 152 235 236
f 152 236 237
f 152 237 153
f 153 238 154
f 153 237 239
f 153 239 240
f 153 240 241
f 153 241 238
f 154 238 242
f 154 242 155
f 155 242 243
f 155 243 156
f 156 243 244
f 156 244 159
f 158 245 246
f 158 246 168
f 158 167 247
f 158 247 248
f 158 248 245
f 159 249 160
f 159 244 250
f 159 250 251
f 159 251 252
f 159 252 249
f 160 249 161
f 161 253 162
f 161 249 254
f 161 254 255
f 161 255 256
f 161 256 257
f 161 257 258
f 161 258 259
f 161 259 253
f 162 253 163
f 163 260 261
f 163 261 262
f 163 262 164
f 163 253 260
f 164 262 263
f 164 263 264
f 164 264 265
f 164 265 266
f 164 266 165
f 165 266 267
f 165 267 268
f 165 268 269
f 165 269 270
f 165 270 166
f 166 270 167
f 167 271 272
f 167 272 273
f 167 273 274
f 167 274 275
f 167 275 276
f 167 276 277
f 167 277 248
f 167 248 247
f 167 270 271
f 168 246 169
f 169 246 245
f 169 245 248
f 169 248 277
f 169 277 276
f 169 276 278
f 169 278 279
f 169 279 280
f 169 280 281
f 169 281 170
f 170 282 176
f 170 281 283
f 170 283 282
f 171 182 172
f 171 183 182
f 172 284 173
f 172 182 284
f 173 285 175
f 173 284 285
f 175 285 286
f 175 286 287
f 175 287 195
f 176 282 288
f 176 288 289
f 176 289 290
f 176 290 291
f 176 291 177
f 177 291 292
f 177 292 293
f 177 293 294
f 177 294 178
f 178 294 295
f 178 295 296
f 178 296 179
f 179 296 297
f 179 297 180
f 180 297 298
f 180 298 284
f 180 284 182
f 180 182 181
f 184 198 299
f 184 299 185
f 185 299 300
f 185 300 301
f 185 301 186
f 186 301 302
f 186 302 303
f 186 303 187
f 187 303 304
f 187 304 188
f 188 304 190
f 190 304 191
f 191 304 192
f 192 304 305
f 192 305 306
f 192 306 202
f 195 287 196
f 196 287 307
f 196 307 308
f 196 308 309
f 196 309 197
f 197 310 311
f 197 311 198
f 197 309 310
f 198 311 299
f 199 225 200
f 200 225 201
f 201 312 227
f 201 225 219
f 201 219 312
f 202 306 203
f 203 306 205
f 203 205 204
f 205 313 314
f 205 314 315
f 205 315 206
f 205 306 316
f 205 316 317
f 205 317 313
f 206 315 318
f 206 318 319
f 206 319 320
f 206 320 210
f 206 210 209
f 206 209 208
f 206 208 207
f 210 321 322
f 210 322 323
f 210 323 211
f 210 320 321
f 211 323 324
f 211 324 325
f 211 325 212
f 212 325 213
f 213 326 214
f 213 325 326
f 214 326 327
f 214 327 328
f 214 328 221
f 217 223 218
f 218 223 312
f 218 312 219
f 219 226 220
f 219 225 224
f 219 224 226
f 221 328 496
f 221 496 329
f 221 329 330
f 221 330 331
f 221 331 222
f 222 331 332
f 222 332 333
f 222 333 334
f 222 334 223
f 223 334 335
f 223 335 312
f 227 312 336
f 227 336 337
f 227 337 228
f 228 337 338
f 228 338 229
f 229 338 232
f 229 232 231
f 232 338 339
f 232 339 340
f 232 340 341
f 232 341 233
f 233 341 234
f 234 341 342
f 234 342 343
f 234 343 235
f 235 343 344
f 235 344 236
f 236 344 345
f 236 345 237
f 237 345 346
f 237 346 347
f 237 347 239
f 238 348 349
f 238 349 350
f 238 350 351
f 238 351 352
f 238 352 242
f 238 241 353
f 238 353 348
f 239 347 354
f 239 354 240
f 240 354 355
f 240 355 356
f 240 356 357
f 240 357 358
f 240 358 241
f 241 358 359
f 241 359 353
f 242 352 360
f 242 360 243
f 243 360 244
f 244 360 361
f 244 361 362
f 244 362 363
f 244 363 364
f 244 364 250
f 249 252 258
f 249 258 257
f 249 257 254
f 250 364 251
f 251 364 365
f 251 365 366
f 251 366 252
f 252 366 367
f 252 367 368
f 252 368 369
f 252 369 370
f 252 370 371
f 252 371 372
f 252 372 373
f 252 373 374
f 252 374 375
f 252 375 376
f 252 376 258
f 253 259 261
f 253 261 260
f 254 257 256
f 254 256 255
f 258 377 378
f 258 378 261
f 258 261 259
f 258 376 379
f 258 379 377
f 261 378 262
f 262 378 380
f 262 380 263
f 263 380 264
f 264 380 381
f 264 381 382
f 264 382 265
f 265 382 383
f 265 383 384
f 265 384 385
f 265 385 386
f 265 386 387
f 265 387 266
f 266 387 272
f 266 272 271
f 266 271 267
f 267 271 268
f 268 271 388
f 268 388 269
f 269 388 271
f 269 271 389
f 269 389 270
f 270 389 271
f 272 387 390
f 272 390 391
f 272 391 392
f 272 392 393
f 272 393 394
f 272 394 273
f 273 394 274
f 274 394 395
f 274 395 276
f 274 276 275
f 276 396 397
f 276 397 278
f 276 395 396
f 278 397 279
f 279 397 395
f 279 395 398
f 279 398 280
f 280 399 400
f 280 400 401
f 280 401 402
f 280 402 403
f 280 403 404
f 280 404 281
f 280 398 405
f 280 405 406
f 280 406 407
f 280 407 391
f 280 391 408
f 280 408 409
f 280 409 399
f 281 404 410
f 281 410 283
f 282 411 288
f 282 283 410
f 282 410 412
f 282 412 413
f 282 413 411
f 284 414 285
f 284 298 414
f 285 415 286
f 285 414 415
f 286 415 416
f 286 416 287
f 287 416 417
f 287 417 418
f 287 418 419
f 287 419 420
f 287 420 310
f 287 310 307
f 288 411 421
f 288 421 292
f 288 292 289
f 289 292 290
f 290 292 291
f 292 421 422
f 292 422 423
f 292 423 294
f 292 294 293
f 294 423 295
f 295 423 296
f 296 423 424
f 296 424 425
f 296 425 426
f 296 426 297
f 297 427 428
f 297 428 298
f 297 426 427
f 298 428 581
f 298 581 414
f 299 429 430
f 299 430 431
f 299 431 432
f 299 432 433
f 299 433 434
f 299 434 303
f 299 303 300
f 299 311 435
f 299 435 436
f 299 436 437
f 299 437 438
f 299 438 439
f 299 439 440
f 299 440 429
f 300 303 302
f 300 302 301
f 303 434 304
f 304 434 441
f 304 441 305
f 305 442 306
f 305 441 443
f 305 443 444
f 305 444 442
f 306 442 317
f 306 317 316
f 307 310 308
f 308 310 309
f 310 420 445
f 310 445 446
f 310 446 447
f 310 447 311
f 311 447 448
f 311 448 435
f 312 335 449
f 312 449 450
f 312 450 336
f 313 444 314
f 313 317 444
f 314 444 451
f 314 451 452
f 314 452 453
f 314 453 454
f 314 454 315
f 315 454 455
f 315 455 456
f 315 456 318
f 317 442 444
f 318 456 457
f 318 457 458
f 318 458 459
f 318 459 319
f 319 459 460
f 319 460 461
f 319 461 462
f 319 462 320
f 320 462 463
f 320 463 464
f 320 464 465
f 320 465 466
f 320 466 467
f 320 467 468
f 320 468 469
f 320 469 321
f 321 470 322
f 321 469 470
f 322 471 472
f 322 472 468
f 322 468 473
f 322 473 474
f 322 474 475
f 322 475 476
f 322 476 323
f 322 470 471
f 323 476 477
f 323 477 478
f 323 478 479
f 323 479 324
f 324 479 325
f 325 479 478
f 325 478 477
f 325 477 476
f 325 476 480
f 325 480 474
f 325 474 481
f 325 481 482
f 325 482 483
f 325 483 484
f 325 484 485
f 325 485 486
f 325 486 487
f 325 487 488
f 325 488 326
f 326 328 489
f 326 489 327
f 326 488 490
f 326 490 491
f 326 491 492
f 326 492 328
f 327 489 328
f 328 492 491
f 328 491 493
f 328 493 494
f 328 494 495
f 328 495 496
f 329 496 497
f 329 497 330
f 330 497 498
f 330 498 331
f 331 498 499
f 331 499 500
f 331 500 501
f 331 501 502
f 331 502 332
f 332 503 504
f 332 504 505
f 332 505 506
f 332 506 335
f 332 335 333
f 332 502 507
f 332 507 503
f 333 335 334
f 335 506 508
f 335 508 449
f 336 450 509
f 336 509 510
f 336 510 511
f 336 511 337
f 337 511 512
f 337 512 513
f 337 513 338
f 338 513 339
f 339 513 514
f 339 514 515
f 339 515 516
f 339 516 517
f 339 517 518
f 339 518 519
f 339 519 340
f 340 519 520
f 340 520 521
f 340 521 522
f 340 522 341
f 341 522 523
f 341 523 342
f 342 523 524
f 342 524 525
f 342 525 343
f 343 525 344
f 344 525 346
f 344 346 345
f 346 525 526
f 346 526 527
f 346 527 528
f 346 528 347
f 347 528 529
f 347 529 354
f 348 353 530
f 348 530 349
f 349 530 350
f 350 530 531
f 350 531 351
f 351 532 360
f 351 360 352
f 351 531 532
f 353 359 530
f 354 529 533
f 354 533 355
f 355 533 356
f 356 533 534
f 356 534 357
f 357 534 358
f 358 535 536
f 358 536 359
f 358 534 535
f 359 536 537
f 359 537 538
f 359 538 530
f 360 532 361
f 361 539 362
f 361 532 539
f 362 539 540
f 362 540 363
f 363 540 541
f 363 541 364
f 364 541 542
f 364 542 543
f 364 543 365
f 365 543 544
f 365 544 366
f 366 544 367
f 367 544 368
f 368 544 543
f 368 543 545
f 368 545 369
f 369 545 370
f 370 545 371
f 371 545 372
f 372 545 546
f 372 546 373
f 373 547 374
f 373 546 547
f 374 547 375
f 375 547 548
f 375 548 376
f 376 548 549
f 376 549 550
f 376 550 379
f 377 380 378
f 377 379 551
f 377 551 552
f 377 552 553
f 377 553 554
f 377 554 380
f 379 550 555
f 379 555 556
f 379 556 557
f 379 557 558
f 379 558 551
f 380 554 381
f 381 554 559
f 381 559 553
f 381 553 560
f 381 560 383
f 381 383 382
f 383 561 384
f 383 560 561
f 384 561 562
f 384 562 563
f 384 563 564
f 384 564 565
f 384 565 385
f 385 565 566
f 385 566 386
f 386 566 567
f 386 567 387
f 387 567 390
f 390 567 568
f 390 568 391
f 391 407 392
f 391 568 408
f 392 407 406
f 392 406 393
f 393 398 394
f 393 406 398
f 394 398 395
f 395 397 396
f 398 406 405
f 399 409 569
f 399 569 400
f 400 569 401
f 401 569 402
f 402 570 403
f 402 569 571
f 402 571 572
f 402 572 570
f 403 570 573
f 403 573 404
f 404 573 574
f 404 574 575
f 404 575 576
f 404 576 410
f 408 577 569
f 408 569 578
f 408 578 409
f 408 568 577
f 409 578 569
f 410 576 412
f 411 413 421
f 412 576 579
f 412 579 413
f 413 579 580
f 413 580 421
f 414 581 415
f 415 582 583
f 415 583 445
f 415 445 416
f 415 581 582
f 416 445 417
f 417 445 418
f 418 445 419
f 419 445 420
f 421 580 576
f 421 576 422
f 422 576 584
f 422 584 423
f 423 584 424
f 424 584 425
f 425 584 585
f 425 585 426
f 426 585 586
f 426 586 427
f 427 586 587
f 427 587 588
f 427 588 589
f 427 589 428
f 428 590 734
f 428 734 581
f 428 589 591
f 428 591 592
f 428 592 590
f 429 440 593
f 429 593 430
f 430 593 443
f 430 443 441
f 430 441 431
f 431 441 432
f 432 441 433
f 433 441 434
f 435 448 436
f 436 448 594
f 436 594 595
f 436 595 437
f 437 595 438
f 438 595 596
f 438 596 597
f 438 597 598
f 438 598 440
f 438 440 439
f 440 598 599
f 440 599 600
f 440 600 601
f 440 601 444
f 440 444 593
f 443 593 444
f 444 601 602
f 444 602 451
f 445 603 604
f 445 604 446
f 445 583 603
f 446 604 447
f 447 604 605
f 447 605 606
f 447 606 448
f 448 606 607
f 448 607 608
f 448 608 595
f 448 595 594
f 449 509 450
f 449 508 509
f 451 602 609
f 451 609 452
f 452 609 453
f 453 609 454
f 454 610 611
f 454 611 455
f 454 609 610
f 455 611 456
f 456 611 612
f 456 612 613
f 456 613 457
f 457 613 614
f 457 614 615
f 457 615 460
f 457 460 458
f 458 460 459
f 460 615 616
f 460 616 617
f 460 617 618
f 460 618 461
f 461 618 462
f 462 618 463
f 463 465 464
f 463 618 619
f 463 619 465
f 465 619 466
f 466 619 467
f 467 619 618
f 467 618 620
f 467 620 621
f 467 621 473
f 467 473 468
f 468 472 469
f 469 472 471
f 469 471 470
f 473 621 620
f 473 620 622
f 473 622 623
f 473 623 624
f 473 624 625
f 473 625 626
f 473 626 474
f 474 626 481
f 474 480 475
f 475 480 476
f 481 626 625
f 481 625 482
f 482 625 627
f 482 627 483
f 483 627 628
f 483 628 484
f 484 628 629
f 484 629 630
f 484 630 631
f 484 631 485
f 485 631 632
f 485 632 633
f 485 633 634
f 485 634 486
f 486 634 493
f 486 493 635
f 486 635 636
f 486 636 487
f 487 636 488
f 488 636 635
f 488 635 493
f 488 493 490
f 490 493 491
f 493 634 494
f 494 634 637
f 494 637 638
f 494 638 495
f 495 638 497
f 495 497 496
f 497 638 498
f 498 500 499
f 498 638 639
f 498 639 640
f 498 640 641
f 498 641 642
f 498 642 500
f 500 642 501
f 501 642 502
f 502 643 507
f 502 642 644
f 502 644 643
f 503 507 504
f 504 507 645
f 504 645 646
f 504 646 647
f 504 647 505
f 505 647 646
f 505 646 648
f 505 648 510
f 505 510 509
f 505 509 508
f 505 508 506
f 507 643 645
f 510 648 649
f 510 649 650
f 510 650 651
f 510 651 511
f 511 652 653
f 511 653 654
f 511 654 512
f 511 651 655
f 511 655 652
f 512 514 513
f 512 654 514
f 514 656 657
f 514 657 515
f 514 654 658
f 514 658 659
f 514 659 660
f 514 660 656
f 515 657 516
f 516 661 517
f 516 657 661
f 517 661 662
f 517 662 663
f 517 663 518
f 518 663 519
f 519 663 664
f 519 664 520
f 520 664 665
f 520 665 521
f 521 665 666
f 521 666 667
f 521 667 523
f 521 523 522
f 523 667 668
f 523 668 524
f 524 668 669
f 524 669 525
f 525 669 526
f 526 669 670
f 526 670 527
f 527 670 671
f 527 671 528
f 528 671 529
f 529 671 672
f 529 672 533
f 530 538 673
f 530 673 531
f 531 673 674
f 531 674 532
f 532 674 539
f 533 672 675
f 533 675 534
f 534 675 676
f 534 676 535
f 535 676 675
f 535 675 537
f 535 537 536
f 537 675 677
f 537 677 538
f 538 677 678
f 538 678 673
f 539 674 540
f 540 674 679
f 540 679 541
f 541 679 542
f 542 679 680
f 542 680 543
f 543 680 545
f 545 680 681
f 545 681 546
f 546 681 682
f 546 682 547
f 547 682 548
f 548 682 681
f 548 681 683
f 548 683 549
f 549 684 550
f 549 683 685
f 549 685 684
f 550 684 555
f 551 558 557
f 551 557 686
f 551 686 552
f 552 686 687
f 552 687 553
f 553 559 554
f 553 687 688
f 553 688 560
f 555 684 689
f 555 689 556
f 556 690 691
f 556 691 557
f 556 689 690
f 557 691 692
f 557 692 693
f 557 693 694
f 557 694 686
f 560 695 562
f 560 562 561
f 560 688 696
f 560 696 697
f 560 697 695
f 562 695 563
f 563 695 698
f 563 698 564
f 564 699 700
f 564 700 701
f 564 701 565
f 564 698 699
f 565 702 566
f 565 701 702
f 566 702 703
f 566 703 704
f 566 704 705
f 566 705 567
f 567 705 706
f 567 706 568
f 568 706 705
f 568 705 577
f 569 577 707
f 569 707 708
f 569 708 709
f 569 709 710
f 569 710 711
f 569 711 712
f 569 712 713
f 569 713 714
f 569 714 715
f 569 715 716
f 569 716 571
f 570 572 717
f 570 717 573
f 571 716 572
f 572 718 717
f 572 716 718
f 573 717 574
f 574 717 719
f 574 719 575
f 575 719 720
f 575 720 721
f 575 721 713
f 575 713 722
f 575 722 723
f 575 723 724
f 575 724 725
f 575 725 726
f 575 726 576
f 576 727 728
f 576 728 729
f 576 729 730
f 576 730 731
f 576 731 584
f 576 580 579
f 576 726 732
f 576 732 727
f 577 705 733
f 577 733 707
f 581 734 735
f 581 735 736
f 581 736 603
f 581 603 582
f 582 603 583
f 584 731 737
f 584 737 738
f 584 738 739
f 584 739 585
f 585 739 586
f 586 739 740
f 586 740 587
f 587 740 741
f 587 741 588
f 588 741 589
f 589 741 742
f 589 742 591
f 590 592 743
f 590 743 744
f 590 744 734
f 591 742 745
f 591 745 746
f 591 746 592
f 592 746 743
f 595 747 748
f 595 748 749
f 595 749 750
f 595 750 596
f 595 608 747
f 596 751 597
f 596 750 751
f 597 752 598
f 597 751 750
f 597 750 753
f 597 753 752
f 598 752 754
f 598 754 599
f 599 754 755
f 599 755 756
f 599 756 757
f 599 757 758
f 599 758 600
f 600 758 759
f 600 759 760
f 600 760 761
f 600 761 602
f 600 602 601
f 602 762 609
f 602 761 763
f 602 763 764
f 602 764 762
f 603 736 765
f 603 765 604
f 604 765 766
f 604 766 605
f 605 766 767
f 605 767 768
f 605 768 606
f 606 768 607
f 607 768 608
f 608 768 769
f 608 769 770
f 608 770 747
f 609 762 771
f 609 771 610
f 610 771 772
f 610 772 773
f 610 773 774
f 610 774 611
f 611 774 612
f 612 774 613
f 613 774 614
f 614 773 615
f 614 774 773
f 615 773 616
f 616 773 617
f 617 775 618
f 617 773 775
f 618 775 776
f 618 776 620
f 620 777 623
f 620 623 622
f 620 776 778
f 620 778 777
f 623 779 780
f 623 780 624
f 623 777 781
f 623 781 779
f 624 780 625
f 625 780 782
f 625 782 627
f 627 782 783
f 627 783 784
f 627 784 785
f 627 785 786
f 627 786 787
f 627 787 788
f 627 788 628
f 628 788 629
f 629 788 789
f 629 789 790
f 629 790 791
f 629 791 630
f 630 791 792
f 630 792 793
f 630 793 631
f 631 793 632
f 632 794 795
f 632 795 640
f 632 640 633
f 632 793 794
f 633 640 639
f 633 639 634
f 634 639 637
f 637 639 638
f 640 795 644
f 640 644 642
f 640 642 641
f 643 644 796
f 643 796 797
f 643 797 649
f 643 649 798
f 643 798 646
f 643 646 645
f 644 795 799
f 644 799 796
f 646 798 649
f 646 649 648
f 649 800 650
f 649 797 800
f 650 800 651
f 651 800 655
f 652 655 653
f 653 655 801
f 653 801 654
f 654 801 658
f 655 800 802
f 655 802 801
f 656 803 657
f 656 660 804
f 656 804 805
f 656 805 806
f 656 806 803
f 657 803 807
f 657 807 661
f 658 801 802
f 658 802 808
f 658 808 809
f 658 809 804
f 658 804 659
f 659 804 660
f 661 810 665
f 661 665 664
f 661 664 663
f 661 663 662
f 661 807 811
f 661 811 812
f 661 812 810
f 665 813 814
f 665 814 666
f 665 810 813
f 666 815 667
f 666 814 816
f 666 816 815
f 667 815 817
f 667 817 668
f 668 818 669
f 668 817 818
f 669 818 819
f 669 819 820
f 669 820 670
f 670 820 821
f 670 821 672
f 670 672 671
f 672 821 822
f 672 822 675
f 673 823 679
f 673 679 674
f 673 678 824
f 673 824 825
f 673 825 826
f 673 826 827
f 673 827 823
f 675 822 828
f 675 828 829
f 675 829 677
f 677 829 830
f 677 830 831
f 677 831 832
f 677 832 833
f 677 833 824
f 677 824 678
f 679 823 834
f 679 834 680
f 680 834 835
f 680 835 836
f 680 836 681
f 681 836 837
f 681 837 838
f 681 838 683
f 683 838 685
f 684 838 689
f 684 685 838
f 686 839 687
f 686 694 840
f 686 840 841
f 686 841 842
f 686 842 843
f 686 843 839
f 687 839 844
f 687 844 688
f 688 845 846
f 688 846 847
f 688 847 696
f 688 844 845
f 689 838 691
f 689 691 690
f 691 838 848
f 691 848 849
f 691 849 692
f 692 849 850
f 692 850 851
f 692 851 840
f 692 840 693
f 693 840 694
f 695 697 846
f 695 846 698
f 696 847 846
f 696 846 697
f 698 846 852
f 698 852 699
f 699 852 853
f 699 853 854
f 699 854 855
f 699 855 856
f 699 856 857
f 699 857 858
f 699 858 859
f 699 859 860
f 699 860 861
f 699 861 704
f 699 704 862
f 699 862 700
f 700 862 703
f 700 703 702
f 700 702 701
f 703 862 704
f 704 861 863
f 704 863 733
f 704 733 705
f 707 864 865
f 707 865 866
f 707 866 708
f 707 733 863
f 707 863 867
f 707 867 864
f 708 868 869
f 708 869 709
f 708 866 868
f 709 869 710
f 710 869 711
f 711 870 722
f 711 722 712
f 711 869 870
f 712 722 713
f 713 721 714
f 714 721 720
f 714 720 715
f 715 720 716
f 716 720 719
f 716 719 718
f 717 718 719
f 722 870 871
f 722 871 872
f 722 872 873
f 722 873 723
f 723 873 724
f 724 873 874
f 724 874 875
f 724 875 725
f 725 875 876
f 725 876 726
f 726 876 877
f 726 877 732
f 727 732 728
f 728 732 878
f 728 878 729
f 729 878 879
f 729 879 730
f 730 879 731
f 731 879 885
f 731 885 737
f 732 877 880
f 732 880 881
f 732 881 878
f 734 882 883
f 734 883 884
f 734 884 735
f 734 744 882
f 735 884 736
f 736 884 765
f 737 885 886
f 737 886 887
f 737 887 888
f 737 888 738
f 738 888 739
f 739 888 889
f 739 889 740
f 740 889 741
f 741 889 890
f 741 890 891
f 741 891 742
f 742 891 745
f 743 746 892
f 743 892 893
f 743 893 744
f 744 893 894
f 744 894 895
f 744 895 896
f 744 896 897
f 744 897 882
f 745 891 746
f 746 891 892
f 747 770 898
f 747 898 899
f 747 899 748
f 748 899 749
f 749 899 750
f 750 899 753
f 752 753 900
f 752 900 754
f 753 899 901
f 753 901 900
f 754 900 755
f 755 900 756
f 756 900 757
f 757 900 902
f 757 902 758
f 758 902 759
f 759 902 903
f 759 903 904
f 759 904 760
f 760 904 905
f 760 905 906
f 760 906 761
f 761 906 763
f 762 764 907
f 762 907 908
f 762 908 771
f 763 906 905
f 763 905 764
f 764 905 907
f 765 884 897
f 765 897 909
f 765 909 766
f 766 909 910
f 766 910 911
f 766 911 767
f 767 911 768
f 768 911 912
f 768 912 913
f 768 913 914
f 768 914 769
f 769 914 915
f 769 915 916
f 769 916 917
f 769 917 918
f 769 918 919
f 769 919 770
f 770 919 918
f 770 918 898
f 771 908 920
f 771 920 772
f 772 920 921
f 772 921 773
f 773 921 922
f 773 922 775
f 775 778 776
f 775 922 923
f 775 923 778
f 777 924 781
f 777 778 925
f 777 925 926
f 777 926 924
f 778 923 927
f 778 927 905
f 778 905 928
f 778 928 929
f 778 929 930
f 778 930 925
f 779 931 932
f 779 932 780
f 779 781 933
f 779 933 934
f 779 934 931
f 780 932 782
f 781 924 935
f 781 935 933
f 782 932 783
f 783 932 936
f 783 936 937
f 783 937 784
f 784 937 785
f 785 937 938
f 785 938 939
f 785 939 940
f 785 940 941
f 785 941 786
f 786 941 942
f 786 942 787
f 787 942 788
f 788 942 943
f 788 943 944
f 788 944 789
f 789 944 945
f 789 945 790
f 790 945 946
f 790 946 947
f 790 947 791
f 791 947 948
f 791 948 792
f 792 948 949
f 792 949 793
f 793 949 950
f 793 950 951
f 793 951 952
f 793 952 794
f 794 952 953
f 794 953 795
f 795 953 799
f 796 799 954
f 796 954 955
f 796 955 956
f 796 956 957
f 796 957 958
f 796 958 959
f 796 959 960
f 796 960 797
f 797 960 800
f 799 953 961
f 799 961 954
f 800 960 962
f 800 962 802
f 802 962 963
f 802 963 964
f 802 964 965
f 802 965 971
f 802 971 808
f 803 806 966
f 803 966 807
f 804 809 966
f 804 966 805
f 805 966 806
f 807 966 967
f 807 967 968
f 807 968 969
f 807 969 970
f 807 970 975
f 807 975 811
f 808 971 972
f 808 972 973
f 808 973 966
f 808 966 809
f 810 812 974
f 810 974 813
f 811 975 812
f 812 975 974
f 813 974 814
f 814 974 816
f 815 816 817
f 816 976 977
f 816 977 978
f 816 978 817
f 816 974 979
f 816 979 980
f 816 980 976
f 817 978 981
f 817 981 982
f 817 982 983
f 817 983 818
f 818 983 984
f 818 984 985
f 818 985 986
f 818 986 819
f 819 986 820
f 820 986 987
f 820 987 821
f 821 988 989
f 821 989 822
f 821 987 990
f 821 990 988
f 822 989 1143
f 822 1143 991
f 822 991 828
f 823 827 992
f 823 992 993
f 823 993 834
f 824 833 832
f 824 832 825
f 825 832 994
f 825 994 826
f 826 994 995
f 826 995 996
f 826 996 827
f 827 996 997
f 827 997 992
f 828 991 829
f 829 991 998
f 829 998 999
f 829 999 830
f 830 999 1000
f 830 1000 1153
f 830 1153 1001
f 830 1001 831
f 831 1001 1002
f 831 1002 1003
f 831 1003 1004
f 831 1004 996
f 831 996 994
f 831 994 832
f 834 993 835
f 835 993 836
f 836 993 1005
f 836 1005 1006
f 836 1006 837
f 837 1006 1007
f 837 1007 838
f 838 1007 997
f 838 997 1008
f 838 1008 848
f 839 843 1009
f 839 1009 844
f 840 851 1010
f 840 1010 842
f 840 842 841
f 842 1011 843
f 842 1010 1012
f 842 1012 1013
f 842 1013 1011
f 843 1014 1015
f 843 1015 1016
f 843 1016 1009
f 843 1011 1014
f 844 1017 845
f 844 1009 1016
f 844 1016 1017
f 845 1017 1018
f 845 1018 846
f 846 1018 1019
f 846 1019 1020
f 846 1020 1021
f 846 1021 857
f 846 857 856
f 846 856 855
f 846 855 854
f 846 854 853
f 846 853 852
f 848 1008 849
f 849 1008 850
f 850 1008 851
f 851 1008 1022
f 851 1022 1010
f 857 1021 1023
f 857 1023 1024
f 857 1024 858
f 858 1024 1025
f 858 1025 1026
f 858 1026 1027
f 858 1027 1028
f 858 1028 1029
f 858 1029 1030
f 858 1030 859
f 859 1030 1031
f 859 1031 860
f 860 1032 861
f 860 1031 1033
f 860 1033 1034
f 860 1034 1035
f 860 1035 1036
f 860 1036 867
f 860 867 1032
f 861 1037 867
f 861 867 863
f 861 1032 1037
f 864 1038 865
f 864 867 1036
f 864 1036 1038
f 865 1038 1039
f 865 1039 866
f 866 1040 868
f 866 1039 1041
f 866 1041 1042
f 866 1042 1043
f 866 1043 1044
f 866 1044 1045
f 866 1045 1040
f 867 1037 1046
f 867 1046 1032
f 868 1047 1048
f 868 1048 1049
f 868 1049 869
f 868 1040 1050
f 868 1050 1051
f 868 1051 1052
f 868 1052 1053
f 868 1053 1047
f 869 1049 874
f 869 874 871
f 869 871 870
f 871 874 873
f 871 873 872
f 874 1049 1048
f 874 1048 875
f 875 1048 1054
f 875 1054 876
f 876 1054 880
f 876 880 877
f 878 881 1055
f 878 1055 879
f 879 1055 1058
f 879 1058 885
f 880 1054 1056
f 880 1056 881
f 881 1056 1057
f 881 1057 1055
f 882 897 883
f 883 897 884
f 885 1058 886
f 886 1058 887
f 887 1058 1059
f 887 1059 1060
f 887 1060 888
f 888 1060 1061
f 888 1061 889
f 889 1061 1062
f 889 1062 1063
f 889 1063 1064
f 889 1064 890
f 890 1064 1065
f 890 1065 891
f 891 1065 1066
f 891 1066 892
f 892 1066 893
f 893 1066 1067
f 893 1067 894
f 894 1067 1068
f 894 1068 895
f 895 1068 896
f 896 1068 897
f 897 1068 1069
f 897 1069 909
f 898 918 917
f 898 917 1070
f 898 1070 899
f 899 1070 1071
f 899 1071 901
f 900 901 1072
f 900 1072 928
f 900 928 902
f 901 1071 1073
f 901 1073 1074
f 901 1074 1072
f 902 928 903
f 903 928 904
f 904 928 905
f 905 927 1075
f 905 1075 907
f 907 1075 920
f 907 920 908
f 909 1069 1076
f 909 1076 1077
f 909 1077 1078
f 909 1078 910
f 910 1078 1079
f 910 1079 1080
f 910 1080 911
f 911 1080 1081
f 911 1081 912
f 912 1081 1082
f 912 1082 913
f 913 1082 915
f 913 915 914
f 915 1083 916
f 915 1082 1083
f 916 1083 917
f 917 1083 1070
f 920 1075 927
f 920 927 921
f 921 927 923
f 921 923 922
f 924 1084 1085
f 924 1085 935
f 924 926 1086
f 924 1086 1084
f 925 1087 926
f 925 930 1087
f 926 1087 1086
f 928 1072 1074
f 928 1074 1088
f 928 1088 929
f 929 1089 930
f 929 1088 1090
f 929 1090 1089
f 930 1089 1091
f 930 1091 1087
f 931 1092 932
f 931 934 1093
f 931 1093 1092
f 932 1092 1094
f 932 1094 1095
f 932 1095 936
f 933 935 1085
f 933 1085 934
f 934 1085 1096
f 934 1096 1097
f 934 1097 1093
f 936 1098 938
f 936 938 937
f 936 1095 1099
f 936 1099 1254
f 936 1254 1098
f 938 1098 1100
f 938 1100 1101
f 938 1101 939
f 939 1101 1102
f 939 1102 1103
f 939 1103 940
f 940 1103 1104
f 940 1104 1105
f 940 1105 1106
f 940 1106 941
f 941 1106 1107
f 941 1107 1108
f 941 1108 942
f 942 1108 1109
f 942 1109 943
f 943 1109 945
f 943 945 944
f 945 1109 1110
f 945 1110 946
f 946 1110 949
f 946 949 947
f 947 949 948
f 949 1110 1111
f 949 1111 1112
f 949 1112 1113
f 949 1113 1114
f 949 1114 950
f 950 1114 1115
f 950 1115 1116
f 950 1116 1117
f 950 1117 1118
f 950 1118 951
f 951 1118 1119
f 951 1119 952
f 952 1119 1117
f 952 1117 953
f 953 1117 961
f 954 1120 1121
f 954 1121 955
f 954 961 1120
f 955 1121 1122
f 955 1122 1123
f 955 1123 957
f 955 957 956
f 957 1123 1124
f 957 1124 1125
f 957 1125 958
f 958 1125 960
f 958 960 959
f 960 1125 962
f 961 1117 1126
f 961 1126 1127
f 961 1127 1120
f 962 1125 1124
f 962 1124 1128
f 962 1128 963
f 963 1128 1129
f 963 1129 964
f 964 1129 1130
f 964 1130 965
f 965 1130 973
f 965 973 971
f 966 973 1130
f 966 1130 967
f 967 1130 1123
f 967 1123 1131
f 967 1131 968
f 968 1131 969
f 969 1131 970
f 970 1131 975
f 971 973 972
f 974 975 979
f 975 1132 977
f 975 977 976
f 975 976 980
f 975 980 979
f 975 1131 1122
f 975 1122 1133
f 975 1133 1132
f 977 1134 978
f 977 1132 1134
f 978 1135 1136
f 978 1136 981
f 978 1134 1135
f 981 1136 1135
f 981 1135 1137
f 981 1137 982
f 982 1137 1138
f 982 1138 983
f 983 1138 1139
f 983 1139 984
f 984 1139 1140
f 984 1140 985
f 985 1140 1141
f 985 1141 986
f 986 1141 1142
f 986 1142 987
f 987 1142 990
f 988 990 989
f 989 990 1142
f 989 1142 1143
f 991 1143 1144
f 991 1144 1145
f 991 1145 998
f 992 997 993
f 993 997 1005
f 994 996 995
f 996 1004 1146
f 996 1146 1147
f 996 1147 997
f 997 1148 1008
f 997 1007 1006
f 997 1006 1005
f 997 1147 1149
f 997 1149 1150
f 997 1150 1151
f 997 1151 1148
f 998 1145 999
f 999 1145 1152
f 999 1152 1000
f 1000 1152 1153
f 1001 1153 1002
f 1002 1153 1003
f 1003 1153 1154
f 1003 1154 1149
f 1003 1149 1147
f 1003 1147 1004
f 1004 1147 1146
f 1008 1148 1155
f 1008 1155 1022
f 1010 1022 1156
f 1010 1156 1157
f 1010 1157 1012
f 1011 1158 1159
f 1011 1159 1160
f 1011 1160 1161
f 1011 1161 1162
f 1011 1162 1163
f 1011 1163 1164
f 1011 1164 1014
f 1011 1013 1158
f 1012 1157 1013
f 1013 1157 1158
f 1014 1164 1165
f 1014 1165 1015
f 1015 1166 1167
f 1015 1167 1168
f 1015 1168 1016
f 1015 1165 1169
f 1015 1169 1170
f 1015 1170 1171
f 1015 1171 1172
f 1015 1172 1173
f 1015 1173 1174
f 1015 1174 1175
f 1015 1175 1166
f 1016 1168 1176
f 1016 1176 1177
f 1016 1177 1017
f 1017 1178 1179
f 1017 1179 1018
f 1017 1177 1176
f 1017 1176 1180
f 1017 1180 1178
f 1018 1179 1019
f 1019 1179 1020
f 1020 1179 1178
f 1020 1178 1180
f 1020 1180 1021
f 1021 1180 1176
f 1021 1176 1181
f 1021 1181 1023
f 1022 1155 1156
f 1023 1181 1182
f 1023 1182 1183
f 1023 1183 1024
f 1024 1183 1184
f 1024 1184 1185
f 1024 1185 1186
f 1024 1186 1025
f 1025 1186 1026
f 1026 1186 1187
f 1026 1187 1188
f 1026 1188 1028
f 1026 1028 1027
f 1028 1188 1189
f 1028 1189 1042
f 1028 1042 1029
f 1029 1042 1041
f 1029 1041 1030
f 1030 1041 1039
f 1030 1039 1038
f 1030 1038 1031
f 1031 1038 1033
f 1032 1046 1037
f 1033 1038 1034
f 1034 1038 1036
f 1034 1036 1035
f 1040 1045 1050
f 1042 1189 1188
f 1042 1188 1190
f 1042 1190 1191
f 1042 1191 1192
f 1042 1192 1043
f 1043 1193 1194
f 1043 1194 1044
f 1043 1192 1195
f 1043 1195 1193
f 1044 1194 1196
f 1044 1196 1045
f 1045 1051 1050
f 1045 1196 1051
f 1047 1197 1048
f 1047 1053 1197
f 1048 1197 1198
f 1048 1198 1051
f 1048 1051 1199
f 1048 1199 1200
f 1048 1200 1054
f 1051 1198 1052
f 1051 1196 1201
f 1051 1201 1199
f 1052 1198 1197
f 1052 1197 1053
f 1054 1200 1202
f 1054 1202 1056
f 1055 1057 1058
f 1056 1202 1203
f 1056 1203 1204
f 1056 1204 1205
f 1056 1205 1206
f 1056 1206 1207
f 1056 1207 1057
f 1057 1208 1062
f 1057 1062 1061
f 1057 1061 1060
f 1057 1060 1059
f 1057 1059 1058
f 1057 1207 1209
f 1057 1209 1210
f 1057 1210 1208
f 1062 1208 1063
f 1063 1211 1064
f 1063 1208 1212
f 1063 1212 1213
f 1063 1213 1214
f 1063 1214 1215
f 1063 1215 1211
f 1064 1211 1215
f 1064 1215 1216
f 1064 1216 1217
f 1064 1217 1065
f 1065 1217 1218
f 1065 1218 1066
f 1066 1219 1067
f 1066 1218 1220
f 1066 1220 1219
f 1067 1219 1221
f 1067 1221 1222
f 1067 1222 1223
f 1067 1223 1224
f 1067 1224 1225
f 1067 1225 1226
f 1067 1226 1357
f 1067 1357 1356
f 1067 1356 1355
f 1067 1355 1490
f 1067 1490 1360
f 1067 1360 1229
f 1067 1229 1228
f 1067 1228 1227
f 1067 1227 1068
f 1068 1228 1229
f 1068 1229 1230
f 1068 1230 1231
f 1068 1231 1232
f 1068 1232 1369
f 1068 1369 1233
f 1068 1233 1069
f 1068 1227 1228
f 1069 1233 1234
f 1069 1234 1235
f 1069 1235 1076
f 1070 1083 1073
f 1070 1073 1071
f 1073 1088 1074
f 1073 1083 1236
f 1073 1236 1090
f 1073 1090 1088
f 1076 1235 1077
f 1077 1235 1237
f 1077 1237 1238
f 1077 1238 1078
f 1078 1238 1079
f 1079 1238 1080
f 1080 1238 1081
f 1081 1238 1083
f 1081 1083 1082
f 1083 1238 1239
f 1083 1239 1240
f 1083 1240 1236
f 1084 1086 1241
f 1084 1241 1085
f 1085 1241 1096
f 1086 1087 1243
f 1086 1243 1242
f 1086 1242 1241
f 1087 1091 1243
f 1089 1244 1246
f 1089 1246 1091
f 1089 1090 1245
f 1089 1245 1244
f 1090 1236 1245
f 1091 1246 1243
f 1092 1093 1247
f 1092 1247 1094
f 1093 1097 1248
f 1093 1248 1247
f 1094 1249 1095
f 1094 1247 1250
f 1094 1250 1251
f 1094 1251 1252
f 1094 1252 1249
f 1095 1249 1099
f 1096 1241 1253
f 1096 1253 1097
f 1097 1253 1248
f 1098 1254 1255
f 1098 1255 1100
f 1099 1249 1254
f 1100 1255 1256
f 1100 1256 1257
f 1100 1257 1102
f 1100 1102 1101
f 1102 1257 1258
f 1102 1258 1259
f 1102 1259 1103
f 1103 1259 1260
f 1103 1260 1261
f 1103 1261 1104
f 1104 1261 1262
f 1104 1262 1263
f 1104 1263 1264
f 1104 1264 1265
f 1104 1265 1105
f 1105 1266 1106
f 1105 1265 1267
f 1105 1267 1268
f 1105 1268 1266
f 1106 1266 1107
f 1107 1266 1108
f 1108 1266 1110
f 1108 1110 1109
f 1110 1266 1111
f 1111 1266 1269
f 1111 1269 1270
f 1111 1270 1271
f 1111 1271 1272
f 1111 1272 1112
f 1112 1272 1113
f 1113 1272 1273
f 1113 1273 1115
f 1113 1115 1114
f 1115 1273 1274
f 1115 1274 1275
f 1115 1275 1276
f 1115 1276 1277
f 1115 1277 1126
f 1115 1126 1116
f 1116 1126 1117
f 1117 1119 1118
f 1120 1127 1278
f 1120 1278 1122
f 1120 1122 1121
f 1122 1131 1123
f 1122 1278 1133
f 1123 1130 1279
f 1123 1279 1124
f 1124 1279 1129
f 1124 1129 1128
f 1126 1277 1280
f 1126 1280 1281
f 1126 1281 1282
f 1126 1282 1127
f 1127 1282 1280
f 1127 1280 1283
f 1127 1283 1284
f 1127 1284 1285
f 1127 1285 1286
f 1127 1286 1278
f 1129 1279 1130
f 1132 1133 1134
f 1133 1137 1135
f 1133 1135 1134
f 1133 1278 1286
f 1133 1286 1285
f 1133 1285 1284
f 1133 1284 1287
f 1133 1287 1288
f 1133 1288 1289
f 1133 1289 1143
f 1133 1143 1139
f 1133 1139 1138
f 1133 1138 1137
f 1139 1143 1140
f 1140 1143 1141
f 1141 1143 1142
f 1143 1289 1144
f 1144 1289 1288
f 1144 1288 1290
f 1144 1290 1291
f 1144 1291 1145
f 1145 1291 1152
f 1148 1151 1292
f 1148 1292 1155
f 1149 1154 1152
f 1149 1152 1150
f 1150 1152 1151
f 1151 1152 1292
f 1152 1291 1293
f 1152 1293 1294
f 1152 1294 1292
f 1152 1154 1153
f 1155 1295 1157
f 1155 1157 1156
f 1155 1292 1296
f 1155 1296 1297
f 1155 1297 1295
f 1157 1295 1298
f 1157 1298 1158
f 1158 1299 1300
f 1158 1300 1160
f 1158 1160 1159
f 1158 1298 1299
f 1160 1297 1161
f 1160 1300 1297
f 1161 1165 1162
f 1161 1297 1294
f 1161 1294 1301
f 1161 1301 1165
f 1162 1165 1163
f 1163 1165 1164
f 1165 1301 1302
f 1165 1302 1303
f 1165 1303 1169
f 1166 1175 1167
f 1167 1184 1182
f 1167 1182 1168
f 1167 1175 1304
f 1167 1304 1184
f 1168 1182 1176
f 1169 1305 1170
f 1169 1303 1305
f 1170 1305 1172
f 1170 1172 1171
f 1172 1306 1307
f 1172 1307 1308
f 1172 1308 1309
f 1172 1309 1310
f 1172 1310 1173
f 1172 1305 1311
f 1172 1311 1306
f 1173 1310 1174
f 1174 1310 1312
f 1174 1312 1175
f 1175 1312 1313
f 1175 1313 1314
f 1175 1314 1186
f 1175 1186 1304
f 1176 1182 1181
f 1182 1184 1183
f 1184 1315 1185
f 1184 1304 1315
f 1185 1315 1186
f 1186 1315 1304
f 1186 1314 1316
f 1186 1316 1317
f 1186 1317 1318
f 1186 1318 1319
f 1186 1319 1187
f 1187 1319 1317
f 1187 1317 1191
f 1187 1191 1190
f 1187 1190 1188
f 1191 1320 1192
f 1191 1317 1316
f 1191 1316 1321
f 1191 1321 1320
f 1192 1320 1322
f 1192 1322 1323
f 1192 1323 1195
f 1193 1195 1194
f 1194 1195 1324
f 1194 1324 1325
f 1194 1325 1196
f 1195 1326 1324
f 1195 1323 1326
f 1196 1325 1327
f 1196 1327 1328
f 1196 1328 1329
f 1196 1329 1199
f 1196 1199 1201
f 1199 1330 1200
f 1199 1329 1330
f 1200 1330 1202
f 1202 1330 1331
f 1202 1331 1332
f 1202 1332 1333
f 1202 1333 1334
f 1202 1334 1203
f 1203 1334 1335
f 1203 1335 1204
f 1204 1335 1205
f 1205 1335 1206
f 1206 1215 1213
f 1206 1213 1336
f 1206 1336 1212
f 1206 1212 1210
f 1206 1210 1209
f 1206 1209 1207
f 1206 1335 1337
f 1206 1337 1338
f 1206 1338 1215
f 1208 1210 1212
f 1212 1336 1213
f 1213 1215 1214
f 1215 1338 1342
f 1215 1342 1339
f 1215 1339 1217
f 1215 1217 1216
f 1217 1339 1340
f 1217 1340 1218
f 1218 1340 1339
f 1218 1339 1220
f 1219 1220 1341
f 1219 1341 1221
f 1220 1339 1342
f 1220 1342 1343
f 1220 1343 1471
f 1220 1471 1344
f 1220 1344 1341
f 1221 1341 1344
f 1221 1344 1345
f 1221 1345 1222
f 1222 1345 1346
f 1222 1346 1223
f 1223 1346 1345
f 1223 1345 1224
f 1224 1345 1344
f 1224 1344 1347
f 1224 1347 1472
f 1224 1472 1348
f 1224 1348 1225
f 1225 1349 1350
f 1225 1350 1351
f 1225 1351 1352
f 1225 1352 1353
f 1225 1353 1354
f 1225 1354 1355
f 1225 1355 1356
f 1225 1356 1357
f 1225 1357 1226
f 1225 1348 1472
f 1225 1472 1358
f 1225 1358 1359
f 1225 1359 1349
f 1229 1360 1361
f 1229 1361 1362
f 1229 1362 1363
f 1229 1363 1364
f 1229 1364 1230
f 1230 1365 1366
f 1230 1366 1231
f 1230 1364 1367
f 1230 1367 1368
f 1230 1368 1365
f 1231 1366 1369
f 1231 1369 1232
f 1233 1369 1239
f 1233 1239 1234
f 1234 1239 1235
f 1235 1239 1237
f 1236 1370 1245
f 1236 1240 1370
f 1237 1239 1238
f 1239 1369 1371
f 1239 1371 1240
f 1240 1362 1361
f 1240 1361 1372
f 1240 1372 1370
f 1240 1371 1368
f 1240 1368 1362
f 1241 1242 1373
f 1241 1373 1253
f 1242 1243 1373
f 1243 1374 1373
f 1243 1246 1375
f 1243 1375 1374
f 1244 1245 1376
f 1244 1376 1377
f 1244 1377 1378
f 1244 1378 1375
f 1244 1375 1246
f 1245 1379 1376
f 1245 1370 1379
f 1247 1248 1250
f 1248 1253 1380
f 1248 1380 1250
f 1249 1381 1254
f 1249 1252 1381
f 1250 1380 1251
f 1251 1380 1252
f 1252 1380 1382
f 1252 1382 1383
f 1252 1383 1384
f 1252 1384 1381
f 1253 1373 1385
f 1253 1385 1386
f 1253 1386 1387
f 1253 1387 1380
f 1254 1381 1384
f 1254 1384 1383
f 1254 1383 1388
f 1254 1388 1255
f 1255 1388 1256
f 1256 1258 1257
f 1256 1388 1389
f 1256 1389 1390
f 1256 1390 1391
f 1256 1391 1392
f 1256 1392 1393
f 1256 1393 1394
f 1256 1394 1395
f 1256 1395 1258
f 1258 1396 1259
f 1258 1395 1397
f 1258 1397 1396
f 1259 1396 1398
f 1259 1398 1260
f 1260 1399 1261
f 1260 1398 1400
f 1260 1400 1401
f 1260 1401 1399
f 1261 1399 1262
f 1262 1399 1402
f 1262 1402 1403
f 1262 1403 1404
f 1262 1404 1263
f 1263 1404 1405
f 1263 1405 1406
f 1263 1406 1407
f 1263 1407 1408
f 1263 1408 1264
f 1264 1409 1265
f 1264 1408 1409
f 1265 1409 1410
f 1265 1410 1267
f 1266 1268 1411
f 1266 1411 1269
f 1267 1410 1412
f 1267 1412 1413
f 1267 1413 1268
f 1268 1413 1414
f 1268 1414 1411
f 1269 1411 1270
f 1270 1411 1414
f 1270 1414 1413
f 1270 1413 1272
f 1270 1272 1271
f 1272 1413 1415
f 1272 1415 1273
f 1273 1415 1416
f 1273 1416 1417
f 1273 1417 1274
f 1274 1417 1280
f 1274 1280 1275
f 1275 1280 1276
f 1276 1280 1277
f 1280 1418 1419
f 1280 1419 1283
f 1280 1282 1281
f 1280 1417 1416
f 1280 1416 1420
f 1280 1420 1418
f 1283 1419 1284
f 1284 1419 1421
f 1284 1421 1422
f 1284 1422 1287
f 1287 1422 1288
f 1288 1423 1290
f 1288 1422 1424
f 1288 1424 1423
f 1290 1423 1291
f 1291 1423 1425
f 1291 1425 1426
f 1291 1426 1427
f 1291 1427 1428
f 1291 1428 1429
f 1291 1429 1430
f 1291 1430 1431
f 1291 1431 1293
f 1292 1294 1296
f 1293 1431 1432
f 1293 1432 1433
f 1293 1433 1434
f 1293 1434 1301
f 1293 1301 1294
f 1294 1297 1296
f 1295 1297 1298
f 1297 1300 1299
f 1297 1299 1298
f 1301 1434 1311
f 1301 1311 1305
f 1301 1305 1302
f 1302 1305 1303
f 1306 1311 1435
f 1306 1435 1307
f 1307 1436 1437
f 1307 1437 1438
f 1307 1438 1308
f 1307 1435 1436
f 1308 1438 1309
f 1309 1312 1310
f 1309 1438 1439
f 1309 1439 1312
f 1311 1434 1435
f 1312 1439 1313
f 1313 1439 1440
f 1313 1440 1314
f 1314 1440 1441
f 1314 1441 1442
f 1314 1442 1443
f 1314 1443 1444
f 1314 1444 1445
f 1314 1445 1316
f 1316 1445 1446
f 1316 1446 1321
f 1317 1319 1318
f 1320 1447 1322
f 1320 1321 1447
f 1321 1446 1326
f 1321 1326 1447
f 1322 1447 1448
f 1322 1448 1323
f 1323 1448 1326
f 1324 1326 1449
f 1324 1449 1325
f 1325 1450 1451
f 1325 1451 1327
f 1325 1449 1444
f 1325 1444 1452
f 1325 1452 1453
f 1325 1453 1454
f 1325 1454 1455
f 1325 1455 1450
f 1326 1446 1456
f 1326 1456 1449
f 1326 1448 1447
f 1327 1457 1328
f 1327 1451 1457
f 1328 1457 1458
f 1328 1458 1459
f 1328 1459 1460
f 1328 1460 1329
f 1329 1460 1331
f 1329 1331 1330
f 1331 1460 1461
f 1331 1461 1332
f 1332 1461 1462
f 1332 1462 1463
f 1332 1463 1333
f 1333 1463 1334
f 1334 1463 1335
f 1335 1463 1337
f 1337 1464 1465
f 1337 1465 1466
f 1337 1466 1338
f 1337 1463 1467
f 1337 1467 1468
f 1337 1468 1469
f 1337 1469 1464
f 1338 1466 1470
f 1338 1470 1342
f 1342 1470 1343
f 1343 1470 1472
f 1343 1472 1471
f 1344 1471 1472
f 1344 1472 1347
f 1349 1473 1474
f 1349 1474 1350
f 1349 1359 1466
f 1349 1466 1475
f 1349 1475 1476
f 1349 1476 1473
f 1350 1474 1477
f 1350 1477 1478
f 1350 1478 1479
f 1350 1479 1480
f 1350 1480 1481
f 1350 1481 1482
f 1350 1482 1483
f 1350 1483 1351
f 1351 1483 1484
f 1351 1484 1352
f 1352 1484 1485
f 1352 1485 1486
f 1352 1486 1487
f 1352 1487 1353
f 1353 1487 1354
f 1354 1487 1488
f 1354 1488 1355
f 1355 1488 1489
f 1355 1489 1490
f 1358 1472 1470
f 1358 1470 1466
f 1358 1466 1359
f 1360 1491 1361
f 1360 1490 1624
f 1360 1624 1491
f 1361 1492 1493
f 1361 1493 1494
f 1361 1494 1495
f 1361 1495 1496
f 1361 1496 1497
f 1361 1497 1498
f 1361 1498 1372
f 1361 1491 1499
f 1361 1499 1492
f 1362 1368 1363
f 1363 1367 1364
f 1363 1368 1367
f 1365 1368 1366
f 1366 1368 1369
f 1368 1371 1369
f 1370 1372 1498
f 1370 1498 1497
f 1370 1497 1500
f 1370 1500 1379
f 1373 1374 1385
f 1374 1501 1385
f 1374 1375 1378
f 1374 1378 1377
f 1374 1377 1502
f 1374 1502 1501
f 1376 1503 1377
f 1376 1379 1503
f 1377 1503 1502
f 1379 1504 1503
f 1379 1500 1504
f 1380 1387 1505
f 1380 1505 1382
f 1382 1505 1388
f 1382 1388 1383
f 1385 1501 1506
f 1385 1506 1386
f 1386 1506 1507
f 1386 1507 1508
f 1386 1508 1387
f 1387 1508 1389
f 1387 1389 1505
f 1388 1505 1389
f 1389 1508 1509
f 1389 1509 1390
f 1390 1509 1510
f 1390 1510 1391
f 1391 1510 1511
f 1391 1511 1512
f 1391 1512 1513
f 1391 1513 1392
f 1392 1513 1514
f 1392 1514 1393
f 1393 1515 1516
f 1393 1516 1517
f 1393 1517 1518
f 1393 1518 1394
f 1393 1514 1515
f 1394 1518 1519
f 1394 1519 1520
f 1394 1520 1521
f 1394 1521 1397
f 1394 1397 1522
f 1394 1522 1395
f 1395 1522 1397
f 1396 1523 1400
f 1396 1400 1398
f 1396 1397 1523
f 1397 1521 1520
f 1397 1520 1524
f 1397 1524 1525
f 1397 1525 1523
f 1399 1401 1402
f 1400 1526 1527
f 1400 1527 1401
f 1400 1523 1526
f 1401 1527 1526
f 1401 1526 1528
f 1401 1528 1529
f 1401 1529 1530
f 1401 1530 1402
f 1402 1530 1403
f 1403 1405 1404
f 1403 1530 1531
f 1403 1531 1405
f 1405 1531 1530
f 1405 1530 1406
f 1406 1532 1407
f 1406 1530 1533
f 1406 1533 1532
f 1407 1532 1408
f 1408 1534 1409
f 1408 1532 1535
f 1408 1535 1536
f 1408 1536 1537
f 1408 1537 1534
f 1409 1538 1412
f 1409 1412 1410
f 1409 1534 1538
f 1412 1538 1539
f 1412 1539 1540
f 1412 1540 1413
f 1413 1540 1415
f 1415 1540 1420
f 1415 1420 1416
f 1418 1541 1542
f 1418 1542 1543
f 1418 1543 1419
f 1418 1420 1544
f 1418 1544 1539
f 1418 1539 1541
f 1419 1543 1421
f 1420 1540 1544
f 1421 1543 1545
f 1421 1545 1422
f 1422 1545 1424
f 1423 1546 1426
f 1423 1426 1425
f 1423 1424 1546
f 1424 1545 1547
f 1424 1547 1548
f 1424 1548 1549
f 1424 1549 1550
f 1424 1550 1551
f 1424 1551 1552
f 1424 1552 1553
f 1424 1553 1427
f 1424 1427 1546
f 1426 1546 1427
f 1427 1554 1555
f 1427 1555 1428
f 1427 1553 1554
f 1428 1555 1556
f 1428 1556 1429
f 1429 1557 1558
f 1429 1558 1559
f 1429 1559 1430
f 1429 1556 1560
f 1429 1560 1561
f 1429 1561 1562
f 1429 1562 1563
f 1429 1563 1564
f 1429 1564 1565
f 1429 1565 1557
f 1430 1559 1431
f 1431 1559 1558
f 1431 1558 1432
f 1432 1558 1557
f 1432 1557 1564
f 1432 1564 1566
f 1432 1566 1433
f 1433 1567 1434
f 1433 1566 1568
f 1433 1568 1567
f 1434 1567 1435
f 1435 1569 1436
f 1435 1567 1569
f 1436 1570 1437
f 1436 1569 1570
f 1437 1570 1571
f 1437 1571 1572
f 1437 1572 1573
f 1437 1573 1574
f 1437 1574 1439
f 1437 1439 1438
f 1439 1574 1575
f 1439 1575 1576
f 1439 1576 1441
f 1439 1441 1440
f 1441 1576 1577
f 1441 1577 1578
f 1441 1578 1579
f 1441 1579 1580
f 1441 1580 1581
f 1441 1581 1442
f 1442 1581 1582
f 1442 1582 1444
f 1442 1444 1443
f 1444 1449 1445
f 1444 1582 1583
f 1444 1583 1452
f 1445 1449 1456
f 1445 1456 1446
f 1450 1455 1584
f 1450 1584 1585
f 1450 1585 1586
f 1450 1586 1587
f 1450 1587 1588
f 1450 1588 1451
f 1451 1588 1467
f 1451 1467 1463
f 1451 1463 1457
f 1452 1583 1589
f 1452 1589 1590
f 1452 1590 1453
f 1453 1590 1591
f 1453 1591 1592
f 1453 1592 1593
f 1453 1593 1594
f 1453 1594 1454
f 1454 1594 1593
f 1454 1593 1595
f 1454 1595 1455
f 1455 1595 1596
f 1455 1596 1584
f 1457 1463 1597
f 1457 1597 1458
f 1458 1597 1459
f 1459 1461 1460
f 1459 1597 1461
f 1461 1597 1462
f 1462 1597 1463
f 1464 1598 1599
f 1464 1599 1600
f 1464 1600 1601
f 1464 1601 1602
f 1464 1602 1603
f 1464 1603 1465
f 1464 1469 1604
f 1464 1604 1605
f 1464 1605 1598
f 1465 1603 1473
f 1465 1473 1476
f 1465 1476 1475
f 1465 1475 1466
f 1467 1588 1468
f 1468 1588 1606
f 1468 1606 1469
f 1469 1606 1607
f 1469 1607 1608
f 1469 1608 1604
f 1473 1609 1474
f 1473 1603 1602
f 1473 1602 1601
f 1473 1601 1609
f 1474 1610 1611
f 1474 1611 1477
f 1474 1609 1610
f 1477 1611 1612
f 1477 1612 1478
f 1478 1612 1613
f 1478 1613 1614
f 1478 1614 1479
f 1479 1614 1480
f 1480 1614 1615
f 1480 1615 1481
f 1481 1615 1482
f 1482 1615 1616
f 1482 1616 1617
f 1482 1617 1483
f 1483 1617 1485
f 1483 1485 1484
f 1485 1617 1616
f 1485 1616 1618
f 1485 1618 1791
f 1485 1791 1619
f 1485 1619 1486
f 1486 1619 1487
f 1487 1619 1489
f 1487 1489 1488
f 1489 1619 1620
f 1489 1620 1621
f 1489 1621 1794
f 1489 1794 1622
f 1489 1622 1623
f 1489 1623 1624
f 1489 1624 1490
f 1491 1624 1623
f 1491 1623 1499
f 1492 1499 1623
f 1492 1623 1625
f 1492 1625 1626
f 1492 1626 1627
f 1492 1627 1493
f 1493 1627 1628
f 1493 1628 1494
f 1494 1628 1629
f 1494 1629 1631
f 1494 1631 1495
f 1495 1630 1496
f 1495 1631 1632
f 1495 1632 1633
f 1495 1633 1634
f 1495 1634 1635
f 1495 1635 1636
f 1495 1636 1637
f 1495 1637 1630
f 1496 1638 1639
f 1496 1639 1497
f 1496 1630 1638
f 1497 1639 1640
f 1497 1640 1641
f 1497 1641 1500
f 1500 1641 1504
f 1501 1502 1642
f 1501 1642 1643
f 1501 1643 1506
f 1502 1503 1642
f 1503 1644 1643
f 1503 1643 1642
f 1503 1504 1645
f 1503 1645 1644
f 1504 1641 1640
f 1504 1640 1645
f 1506 1643 1646
f 1506 1646 1507
f 1507 1646 1508
f 1508 1646 1647
f 1508 1647 1648
f 1508 1648 1649
f 1508 1649 1509
f 1509 1649 1650
f 1509 1650 1651
f 1509 1651 1652
f 1509 1652 1510
f 1510 1512 1511
f 1510 1652 1653
f 1510 1653 1654
f 1510 1654 1655
f 1510 1655 1656
f 1510 1656 1512
f 1512 1656 1514
f 1512 1514 1513
f 1514 1657 1658
f 1514 1658 1659
f 1514 1659 1660
f 1514 1660 1515
f 1514 1656 1655
f 1514 1655 1654
f 1514 1654 1653
f 1514 1653 1652
f 1514 1652 1657
f 1515 1518 1517
f 1515 1517 1516
f 1515 1660 1659
f 1515 1659 1661
f 1515 1661 1662
f 1515 1662 1518
f 1518 1662 1663
f 1518 1663 1519
f 1519 1663 1664
f 1519 1664 1665
f 1519 1665 1666
f 1519 1666 1524
f 1519 1524 1667
f 1519 1667 1668
f 1519 1668 1520
f 1520 1668 1524
f 1523 1525 1669
f 1523 1669 1526
f 1524 1668 1667
f 1524 1666 1665
f 1524 1665 1670
f 1524 1670 1669
f 1524 1669 1671
f 1524 1671 1672
f 1524 1672 1525
f 1525 1672 1669
f 1526 1669 1528
f 1528 1669 1529
f 1529 1669 1530
f 1530 1669 1673
f 1530 1673 1674
f 1530 1674 1675
f 1530 1675 1676
f 1530 1676 1677
f 1530 1677 1535
f 1530 1535 1533
f 1532 1533 1535
f 1534 1678 1538
f 1534 1537 1679
f 1534 1679 1678
f 1535 1677 1680
f 1535 1680 1681
f 1535 1681 1537
f 1535 1537 1536
f 1537 1681 1682
f 1537 1682 1683
f 1537 1683 1684
f 1537 1684 1685
f 1537 1685 1686
f 1537 1686 1679
f 1538 1678 1687
f 1538 1687 1688
f 1538 1688 1539
f 1539 1688 1689
f 1539 1689 1690
f 1539 1690 1691
f 1539 1691 1692
f 1539 1692 1693
f 1539 1693 1541
f 1539 1544 1540
f 1541 1693 1542
f 1542 1693 1694
f 1542 1694 1695
f 1542 1695 1545
f 1542 1545 1543
f 1545 1695 1547
f 1547 1695 1694
f 1547 1694 1696
f 1547 1696 1548
f 1548 1696 1697
f 1548 1697 1549
f 1549 1697 1698
f 1549 1698 1550
f 1550 1699 1700
f 1550 1700 1551
f 1550 1698 1701
f 1550 1701 1877
f 1550 1877 1699
f 1551 1700 1702
f 1551 1702 1703
f 1551 1703 1704
f 1551 1704 1552
f 1552 1704 1705
f 1552 1705 1706
f 1552 1706 1553
f 1553 1706 1707
f 1553 1707 1554
f 1554 1707 1555
f 1555 1708 1709
f 1555 1709 1560
f 1555 1560 1556
f 1555 1707 1710
f 1555 1710 1708
f 1557 1565 1564
f 1560 1709 1711
f 1560 1711 1712
f 1560 1712 1713
f 1560 1713 1714
f 1560 1714 1715
f 1560 1715 1716
f 1560 1716 1561
f 1561 1716 1715
f 1561 1715 1717
f 1561 1717 1718
f 1561 1718 1719
f 1561 1719 1720
f 1561 1720 1721
f 1561 1721 1562
f 1562 1721 1722
f 1562 1722 1563
f 1563 1722 1723
f 1563 1723 1564
f 1564 1723 1571
f 1564 1571 1566
f 1566 1571 1568
f 1567 1568 1569
f 1568 1571 1570
f 1568 1570 1569
f 1571 1723 1724
f 1571 1724 1725
f 1571 1725 1726
f 1571 1726 1727
f 1571 1727 1572
f 1572 1727 1573
f 1573 1726 1574
f 1573 1727 1726
f 1574 1726 1728
f 1574 1728 1575
f 1575 1728 1576
f 1576 1729 1730
f 1576 1730 1731
f 1576 1731 1732
f 1576 1732 1577
f 1576 1728 1729
f 1577 1732 1733
f 1577 1733 1734
f 1577 1734 1735
f 1577 1735 1578
f 1578 1736 1579
f 1578 1735 1736
f 1579 1737 1738
f 1579 1738 1580
f 1579 1736 1737
f 1580 1738 1739
f 1580 1739 1581
f 1581 1739 1582
f 1582 1739 1589
f 1582 1589 1583
f 1584 1595 1740
f 1584 1740 1585
f 1584 1596 1595
f 1585 1740 1741
f 1585 1741 1587
f 1585 1587 1586
f 1587 1741 1742
f 1587 1742 1588
f 1588 1742 1743
f 1588 1743 1744
f 1588 1744 1606
f 1589 1739 1738
f 1589 1738 1737
f 1589 1737 1590
f 1590 1737 1591
f 1591 1737 1745
f 1591 1745 1592
f 1592 1745 1746
f 1592 1746 1593
f 1593 1736 1747
f 1593 1747 1734
f 1593 1734 1748
f 1593 1748 1749
f 1593 1749 1595
f 1593 1746 1736
f 1595 1749 1750
f 1595 1750 1751
f 1595 1751 1752
f 1595 1752 1753
f 1595 1753 1740
f 1598 1605 1754
f 1598 1754 1599
f 1599 1754 1755
f 1599 1755 1756
f 1599 1756 1757
f 1599 1757 1600
f 1600 1757 1601
f 1601 1757 1609
f 1604 1608 1758
f 1604 1758 1759
f 1604 1759 1605
f 1605 1759 1760
f 1605 1760 1761
f 1605 1761 1762
f 1605 1762 1754
f 1606 1744 1763
f 1606 1763 1764
f 1606 1764 1607
f 1607 1764 1765
f 1607 1765 1766
f 1607 1766 1767
f 1607 1767 1608
f 1608 1767 1768
f 1608 1768 1769
f 1608 1769 1770
f 1608 1770 1771
f 1608 1771 1772
f 1608 1772 1759
f 1608 1759 1758
f 1609 1773 1774
f 1609 1774 1610
f 1609 1757 1756
f 1609 1756 1773
f 1610 1774 1773
f 1610 1773 1775
f 1610 1775 1776
f 1610 1776 1777
f 1610 1777 1611
f 1611 1777 1612
f 1612 1778 1779
f 1612 1779 1780
f 1612 1780 1781
f 1612 1781 1782
f 1612 1782 1613
f 1612 1777 1778
f 1613 1782 1783
f 1613 1783 1614
f 1614 1783 1616
f 1614 1616 1615
f 1616 1784 1785
f 1616 1785 1786
f 1616 1786 1618
f 1616 1783 1787
f 1616 1787 1788
f 1616 1788 1789
f 1616 1789 1784
f 1618 1786 1790
f 1618 1790 1791
f 1619 1791 1620
f 1620 1790 1792
f 1620 1792 1793
f 1620 1793 1795
f 1620 1795 1621
f 1620 1791 1790
f 1621 1795 1796
f 1621 1796 1797
f 1621 1797 1798
f 1621 1798 1794
f 1622 1794 1799
f 1622 1799 1623
f 1623 1799 1800
f 1623 1800 1625
f 1625 1800 1626
f 1626 1800 1801
f 1626 1801 1802
f 1626 1802 1803
f 1626 1803 1627
f 1627 1803 1804
f 1627 1804 1628
f 1628 1804 1805
f 1628 1805 1629
f 1629 1805 1806
f 1629 1806 1631
f 1630 1807 1808
f 1630 1808 1809
f 1630 1809 1638
f 1630 1637 1810
f 1630 1810 1811
f 1630 1811 1807
f 1631 1806 1812
f 1631 1812 1632
f 1632 1812 1633
f 1633 1813 1814
f 1633 1814 1815
f 1633 1815 1634
f 1633 1812 1813
f 1634 1815 1816
f 1634 1816 1635
f 1635 1816 1817
f 1635 1817 1818
f 1635 1818 1819
f 1635 1819 1820
f 1635 1820 1636
f 1636 1820 1821
f 1636 1821 1810
f 1636 1810 1637
f 1638 1809 1822
f 1638 1822 1648
f 1638 1648 1823
f 1638 1823 1639
f 1639 1823 1645
f 1639 1645 1640
f 1643 1644 1824
f 1643 1824 1646
f 1644 1645 1824
f 1645 1823 1824
f 1646 1824 1647
f 1647 1824 1823
f 1647 1823 1648
f 1648 1825 1649
f 1648 1822 1826
f 1648 1826 1827
f 1648 1827 1825
f 1649 1825 1650
f 1650 1825 1828
f 1650 1828 1651
f 1651 1828 1829
f 1651 1829 1830
f 1651 1830 1831
f 1651 1831 1832
f 1651 1832 1652
f 1652 1832 1833
f 1652 1833 1657
f 1657 1833 1658
f 1658 1833 1834
f 1658 1834 1835
f 1658 1835 1836
f 1658 1836 1661
f 1658 1661 1659
f 1661 1837 1662
f 1661 1836 1835
f 1661 1835 1838
f 1661 1838 1839
f 1661 1839 1840
f 1661 1840 1664
f 1661 1664 1837
f 1662 1837 1663
f 1663 1837 1664
f 1664 1840 2033
f 1664 2033 1841
f 1664 1841 1842
f 1664 1842 1665
f 1665 1842 1845
f 1665 1845 1843
f 1665 1843 1844
f 1665 1844 1670
f 1669 1672 1671
f 1669 1670 1844
f 1669 1844 1843
f 1669 1843 1845
f 1669 1845 1846
f 1669 1846 1847
f 1669 1847 1848
f 1669 1848 1676
f 1669 1676 1675
f 1669 1675 1674
f 1669 1674 1673
f 1676 1848 1847
f 1676 1847 1849
f 1676 1849 1850
f 1676 1850 1680
f 1676 1680 1677
f 1678 1679 1687
f 1679 1686 1851
f 1679 1851 1687
f 1680 1850 1849
f 1680 1849 1852
f 1680 1852 1853
f 1680 1853 1854
f 1680 1854 1684
f 1680 1684 1683
f 1680 1683 1682
f 1680 1682 1681
f 1684 1854 1685
f 1685 1855 1856
f 1685 1856 1686
f 1685 1854 1857
f 1685 1857 1858
f 1685 1858 1859
f 1685 1859 1860
f 1685 1860 1861
f 1685 1861 1862
f 1685 1862 1855
f 1686 1856 1863
f 1686 1863 1864
f 1686 1864 1865
f 1686 1865 1851
f 1687 1865 1689
f 1687 1689 1688
f 1687 1851 1865
f 1689 1865 1690
f 1690 1866 1691
f 1690 1865 1864
f 1690 1864 1863
f 1690 1863 1866
f 1691 1866 1867
f 1691 1867 1868
f 1691 1868 1692
f 1692 1868 1693
f 1693 1868 1869
f 1693 1869 1697
f 1693 1697 1696
f 1693 1696 1694
f 1697 1870 1698
f 1697 1869 1870
f 1698 1871 1872
f 1698 1872 1873
f 1698 1873 1874
f 1698 1874 1875
f 1698 1875 1876
f 1698 1876 1701
f 1698 1870 1871
f 1699 1877 1878
f 1699 1878 1700
f 1700 1879 1702
f 1700 1878 1880
f 1700 1880 1881
f 1700 1881 1879
f 1701 1876 1875
f 1701 1875 1882
f 1701 1882 1877
f 1702 1879 1883
f 1702 1883 1703
f 1703 1883 1884
f 1703 1884 1885
f 1703 1885 1886
f 1703 1886 1705
f 1703 1705 1704
f 1705 1886 1887
f 1705 1887 1706
f 1706 1888 1889
f 1706 1889 1890
f 1706 1890 1710
f 1706 1710 1707
f 1706 1887 1891
f 1706 1891 1888
f 1708 1710 1709
f 1709 1892 1711
f 1709 1710 1892
f 1710 1890 1893
f 1710 1893 1894
f 1710 1894 1895
f 1710 1895 1892
f 1711 1896 1897
f 1711 1897 1712
f 1711 1892 1898
f 1711 1898 1899
f 1711 1899 1896
f 1712 1900 1901
f 1712 1901 1902
f 1712 1902 1713
f 1712 1897 1903
f 1712 1903 1900
f 1713 1902 1714
f 1714 1904 1905
f 1714 1905 1906
f 1714 1906 1907
f 1714 1907 1717
f 1714 1717 1715
f 1714 1902 1901
f 1714 1901 1908
f 1714 1908 1904
f 1717 1907 1909
f 1717 1909 1910
f 1717 1910 1719
f 1717 1719 1718
f 1719 1910 1911
f 1719 1911 1912
f 1719 1912 1913
f 1719 1913 1720
f 1720 1913 1914
f 1720 1914 1915
f 1720 1915 1916
f 1720 1916 1721
f 1721 1916 1917
f 1721 1917 1722
f 1722 1917 1915
f 1722 1915 1724
f 1722 1724 1723
f 1724 1915 1725
f 1725 1728 1726
f 1725 1915 1913
f 1725 1913 1918
f 1725 1918 1729
f 1725 1729 1728
f 1729 1918 1919
f 1729 1919 1730
f 1730 1919 1920
f 1730 1920 1921
f 1730 1921 1731
f 1731 1921 1922
f 1731 1922 1923
f 1731 1923 1733
f 1731 1733 1732
f 1733 1923 1749
f 1733 1749 1748
f 1733 1748 1734
f 1734 1747 1736
f 1734 1736 1735
f 1736 1746 1745
f 1736 1745 1737
f 1740 1753 1743
f 1740 1743 1741
f 1741 1743 1742
f 1743 1763 1744
f 1743 1753 1763
f 1749 1922 1750
f 1749 1923 1922
f 1750 1924 1751
f 1750 1922 1925
f 1750 1925 1926
f 1750 1926 1927
f 1750 1927 1928
f 1750 1928 1929
f 1750 1929 1924
f 1751 1924 1930
f 1751 1930 1768
f 1751 1768 1931
f 1751 1931 1932
f 1751 1932 1752
f 1752 1932 1764
f 1752 1764 1753
f 1753 1764 1763
f 1754 1933 1755
f 1754 1762 1933
f 1755 1933 1756
f 1756 1933 1773
f 1759 1934 1760
f 1759 1772 1934
f 1760 1935 1936
f 1760 1936 1937
f 1760 1937 1938
f 1760 1938 1939
f 1760 1939 1762
f 1760 1762 1761
f 1760 1934 1935
f 1762 1939 1940
f 1762 1940 1938
f 1762 1938 1933
f 1764 1932 1931
f 1764 1931 1766
f 1764 1766 1765
f 1766 1931 1767
f 1767 1931 1768
f 1768 1930 1941
f 1768 1941 1942
f 1768 1942 1769
f 1769 1942 1770
f 1770 1943 1944
f 1770 1944 1771
f 1770 1942 1941
f 1770 1941 1945
f 1770 1945 1946
f 1770 1946 1947
f 1770 1947 1948
f 1770 1948 1943
f 1771 1949 1772
f 1771 1944 1949
f 1772 1949 1950
f 1772 1950 1951
f 1772 1951 1952
f 1772 1952 1934
f 1773 1953 1954
f 1773 1954 1775
f 1773 1933 1938
f 1773 1938 1937
f 1773 1937 1955
f 1773 1955 1956
f 1773 1956 1953
f 1775 1954 1776
f 1776 1957 1958
f 1776 1958 1959
f 1776 1959 1960
f 1776 1960 1961
f 1776 1961 1777
f 1776 1954 1957
f 1777 1961 1962
f 1777 1962 1963
f 1777 1963 1779
f 1777 1779 1778
f 1779 1963 1964
f 1779 1964 1780
f 1780 1787 1782
f 1780 1782 1781
f 1780 1964 1787
f 1782 1787 1783
f 1784 1965 1785
f 1784 1789 1965
f 1785 1965 1966
f 1785 1966 1786
f 1786 1966 1967
f 1786 1967 1968
f 1786 1968 1790
f 1787 1964 1969
f 1787 1969 1970
f 1787 1970 1788
f 1788 1970 1971
f 1788 1971 1972
f 1788 1972 1965
f 1788 1965 1789
f 1790 1968 1973
f 1790 1973 1792
f 1792 1973 1793
f 1793 1973 1974
f 1793 1974 1795
f 1794 1798 1975
f 1794 1975 1976
f 1794 1976 1977
f 1794 1977 1801
f 1794 1801 1800
f 1794 1800 1799
f 1795 1974 1978
f 1795 1978 1979
f 1795 1979 1980
f 1795 1980 1796
f 1796 1980 1797
f 1797 1980 1798
f 1798 1980 1981
f 1798 1981 1975
f 1801 1977 1982
f 1801 1982 1983
f 1801 1983 1984
f 1801 1984 1985
f 1801 1985 1802
f 1802 1985 1986
f 1802 1986 1803
f 1803 1986 1804
f 1804 1986 1987
f 1804 1987 1805
f 1805 1987 1806
f 1806 1987 1988
f 1806 1988 1998
f 1806 1998 1812
f 1807 1811 1989
f 1807 1989 1808
f 1808 1990 1809
f 1808 1989 1990
f 1809 1991 1822
f 1809 1990 1992
f 1809 1992 1991
f 1810 1821 1820
f 1810 1820 1819
f 1810 1819 1993
f 1810 1993 1994
f 1810 1994 1995
f 1810 1995 1996
f 1810 1996 1811
f 1811 1996 1997
f 1811 1997 1989
f 1812 1998 1999
f 1812 1999 1813
f 1813 1999 2000
f 1813 2000 1814
f 1814 2000 2001
f 1814 2001 2002
f 1814 2002 1815
f 1815 2002 2003
f 1815 2003 1816
f 1816 2003 1817
f 1817 2003 2004
f 1817 2004 2005
f 1817 2005 1818
f 1818 2005 1819
f 1819 2005 1993
f 1822 1991 1826
f 1825 1827 2006
f 1825 2006 2007
f 1825 2007 2008
f 1825 2008 2009
f 1825 2009 2010
f 1825 2010 1828
f 1826 2011 1827
f 1826 1991 2012
f 1826 2012 2013
f 1826 2013 2014
f 1826 2014 2011
f 1827 2011 2015
f 1827 2015 2006
f 1828 2010 2016
f 1828 2016 2017
f 1828 2017 1829
f 1829 2017 1830
f 1830 2017 2018
f 1830 2018 2019
f 1830 2019 2020
f 1830 2020 2021
f 1830 2021 2022
f 1830 2022 2023
f 1830 2023 2024
f 1830 2024 1831
f 1831 2024 2025
f 1831 2025 1834
f 1831 1834 1832
f 1832 1834 1833
f 1834 2025 2026
f 1834 2026 1835
f 1835 2027 2029
f 1835 2029 1838
f 1835 2026 2028
f 1835 2028 2027
f 1838 2029 2030
f 1838 2030 2031
f 1838 2031 1839
f 1839 2031 2032
f 1839 2032 1840
f 1840 2032 2034
f 1840 2034 2033
f 1841 2033 2035
f 1841 2035 1845
f 1841 1845 1842
f 1845 2035 1846
f 1846 2036 2037
f 1846 2037 2038
f 1846 2038 2039
f 1846 2039 1847
f 1846 2035 2040
f 1846 2040 2041
f 1846 2041 2042
f 1846 2042 2043
f 1846 2043 2044
f 1846 2044 2045
f 1846 2045 2046
f 1846 2046 2036
f 1847 2039 1849
f 1849 2039 2038
f 1849 2038 2047
f 1849 2047 1852
f 1852 2048 2049
f 1852 2049 1853
f 1852 2047 2050
f 1852 2050 2051
f 1852 2051 2052
f 1852 2052 2053
f 1852 2053 2054
f 1852 2054 2055
f 1852 2055 2048
f 1853 2049 1857
f 1853 1857 1854
f 1855 1862 2056
f 1855 2056 2057
f 1855 2057 2058
f 1855 2058 1856
f 1856 2059 1863
f 1856 2058 2059
f 1857 2049 1858
f 1858 2049 1859
f 1859 2049 1860
f 1860 2049 1861
f 1861 2049 2060
f 1861 2060 2061
f 1861 2061 2062
f 1861 2062 2063
f 1861 2063 2064
f 1861 2064 2065
f 1861 2065 2066
f 1861 2066 2067
f 1861 2067 2068
f 1861 2068 2069
f 1861 2069 2070
f 1861 2070 2071
f 1861 2071 2072
f 1861 2072 2073
f 1861 2073 2074
f 1861 2074 2075
f 1861 2075 2076
f 1861 2076 2077
f 1861 2077 1862
f 1862 2077 2056
f 1863 2059 2078
f 1863 2078 1866
f 1866 2079 1867
f 1866 2078 2080
f 1866 2080 2081
f 1866 2081 2082
f 1866 2082 2079
f 1867 1869 1868
f 1867 2079 2082
f 1867 2082 2083
f 1867 2083 2084
f 1867 2084 1869
f 1869 2084 1870
f 1870 2084 2085
f 1870 2085 1871
f 1871 2085 2084
f 1871 2084 2086
f 1871 2086 1872
f 1872 2086 2087
f 1872 2087 2088
f 1872 2088 2089
f 1872 2089 1873
f 1873 2089 1874
f 1874 2089 2090
f 1874 2090 2091
f 1874 2091 1882
f 1874 1882 1875
f 1877 1882 2091
f 1877 2091 2090
f 1877 2090 2092
f 1877 2092 2093
f 1877 2093 1878
f 1878 2093 2094
f 1878 2094 2095
f 1878 2095 2096
f 1878 2096 1880
f 1879 1881 2096
f 1879 2096 2097
f 1879 2097 1883
f 1880 2096 1881
f 1883 2097 2098
f 1883 2098 2099
f 1883 2099 2100
f 1883 2100 2101
f 1883 2101 1884
f 1884 2101 2102
f 1884 2102 1885
f 1885 2103 2104
f 1885 2104 1886
f 1885 2102 2105
f 1885 2105 2106
f 1885 2106 2107
f 1885 2107 2103
f 1886 2104 2103
f 1886 2103 1888
f 1886 1888 1891
f 1886 1891 1887
f 1888 2103 1889
f 1889 2103 2108
f 1889 2108 1890
f 1890 2109 2112
f 1890 2112 1893
f 1890 2108 2110
f 1890 2110 2111
f 1890 2111 2109
f 1892 1895 1898
f 1893 2112 2113
f 1893 2113 2114
f 1893 2114 2115
f 1893 2115 2116
f 1893 2116 1894
f 1894 2116 2117
f 1894 2117 2118
f 1894 2118 1895
f 1895 2118 2119
f 1895 2119 2120
f 1895 2120 1898
f 1896 1899 2121
f 1896 2121 1897
f 1897 2121 2122
f 1897 2122 2123
f 1897 2123 2124
f 1897 2124 1903
f 1898 2120 2125
f 1898 2125 2122
f 1898 2122 1899
f 1899 2122 2121
f 1900 1903 1901
f 1901 1903 2126
f 1901 2126 2127
f 1901 2127 2128
f 1901 2128 1908
f 1903 2124 2129
f 1903 2129 2126
f 1904 2130 2131
f 1904 2131 1905
f 1904 1908 2128
f 1904 2128 2132
f 1904 2132 2130
f 1905 2131 2133
f 1905 2133 2134
f 1905 2134 2135
f 1905 2135 1906
f 1906 2135 2136
f 1906 2136 2137
f 1906 2137 2138
f 1906 2138 1907
f 1907 2138 1909
f 1909 2139 2140
f 1909 2140 2141
f 1909 2141 2142
f 1909 2142 1911
f 1909 1911 1910
f 1909 2138 2139
f 1911 2142 2143
f 1911 2143 2144
f 1911 2144 1912
f 1912 2144 1913
f 1913 2144 2145
f 1913 2145 1918
f 1913 1915 1914
f 1915 1917 1916
f 1918 2145 2146
f 1918 2146 2147
f 1918 2147 2148
f 1918 2148 1925
f 1918 1925 2149
f 1918 2149 1919
f 1919 2149 1922
f 1919 1922 1921
f 1919 1921 1920
f 1922 2149 1925
f 1924 1929 2150
f 1924 2150 1930
f 1925 2148 2151
f 1925 2151 1926
f 1926 2151 1927
f 1927 2151 2152
f 1927 2152 2153
f 1927 2153 2154
f 1927 2154 2155
f 1927 2155 1928
f 1928 2155 1929
f 1929 2155 2156
f 1929 2156 2150
f 1930 2150 2157
f 1930 2157 1941
f 1934 2158 1935
f 1934 1952 2158
f 1935 2158 1936
f 1936 2158 2159
f 1936 2159 1937
f 1937 2159 1955
f 1938 1940 1939
f 1941 2157 1945
f 1943 2160 2161
f 1943 2161 2162
f 1943 2162 1944
f 1943 1948 2155
f 1943 2155 2160
f 1944 2162 1949
f 1945 2157 2163
f 1945 2163 2164
f 1945 2164 1946
f 1946 2164 1947
f 1947 2164 2163
f 1947 2163 2156
f 1947 2156 1948
f 1948 2156 2155
f 1949 2165 2166
f 1949 2166 2167
f 1949 2167 2168
f 1949 2168 2169
f 1949 2169 1950
f 1949 2162 2170
f 1949 2170 2165
f 1950 2169 2168
f 1950 2168 2171
f 1950 2171 2172
f 1950 2172 1951
f 1951 2172 2173
f 1951 2173 2174
f 1951 2174 1952
f 1952 2174 2175
f 1952 2175 2176
f 1952 2176 2177
f 1952 2177 2178
f 1952 2178 2158
f 1953 1956 2179
f 1953 2179 1954
f 1954 2179 1957
f 1955 2159 2158
f 1955 2158 2180
f 1955 2180 2181
f 1955 2181 2178
f 1955 2178 2182
f 1955 2182 1956
f 1956 2182 2183
f 1956 2183 2184
f 1956 2184 2179
f 1957 2185 1958
f 1957 2179 2186
f 1957 2186 2187
f 1957 2187 2185
f 1958 2185 2188
f 1958 2188 1959
f 1959 2188 2189
f 1959 2189 2190
f 1959 2190 1960
f 1960 2190 2191
f 1960 2191 1961
f 1961 2191 2192
f 1961 2192 1962
f 1962 2192 2193
f 1962 2193 1963
f 1963 2193 1964
f 1964 2194 2195
f 1964 2195 2196
f 1964 2196 1969
f 1964 2193 2192
f 1964 2192 2194
f 1965 2197 1966
f 1965 1972 2196
f 1965 2196 2197
f 1966 2198 1967
f 1966 2197 2199
f 1966 2199 2200
f 1966 2200 2198
f 1967 2201 1968
f 1967 2198 2201
f 1968 2201 2202
f 1968 2202 1973
f 1969 2196 1970
f 1970 2196 1971
f 1971 2196 1972
f 1973 2202 2203
f 1973 2203 2204
f 1973 2204 1974
f 1974 2204 2205
f 1974 2205 2206
f 1974 2206 1978
f 1975 1981 1976
f 1976 1983 1982
f 1976 1982 1977
f 1976 1981 2207
f 1976 2207 1983
f 1978 2206 2208
f 1978 2208 2209
f 1978 2209 1979
f 1979 2209 2210
f 1979 2210 1980
f 1980 2210 2208
f 1980 2208 2211
f 1980 2211 1981
f 1981 2211 2212
f 1981 2212 2207
f 1983 2207 1984
f 1984 2207 1985
f 1985 2207 1986
f 1986 2207 1987
f 1987 2207 2213
f 1987 2213 1988
f 1988 2213 1998
f 1989 1997 2214
f 1989 2214 2215
f 1989 2215 1990
f 1990 2215 2216
f 1990 2216 1992
f 1991 1992 2216
f 1991 2216 2013
f 1991 2013 2012
f 1993 2005 2217
f 1993 2217 2218
f 1993 2218 1994
f 1994 2218 2217
f 1994 2217 2219
f 1994 2219 2220
f 1994 2220 2221
f 1994 2221 2222
f 1994 2222 1995
f 1995 2222 2223
f 1995 2223 1996
f 1996 2223 2224
f 1996 2224 1997
f 1997 2224 2225
f 1997 2225 2214
f 1998 2213 2226
f 1998 2226 1999
f 1999 2226 2000
f 2000 2226 2001
f 2001 2226 2002
f 2002 2226 2003
f 2003 2226 2004
f 2004 2226 2227
f 2004 2227 2228
f 2004 2228 2229
f 2004 2229 2230
f 2004 2230 2005
f 2005 2230 2231
f 2005 2231 2217
f 2006 2015 2232
f 2006 2232 2233
f 2006 2233 2234
f 2006 2234 2007
f 2007 2234 2008
f 2008 2234 2009
f 2009 2234 2020
f 2009 2020 2019
f 2009 2019 2018
f 2009 2018 2017
f 2009 2017 2010
f 2010 2017 2016
f 2011 2014 2235
f 2011 2235 2015
f 2013 2216 2014
f 2014 2214 2225
f 2014 2225 2236
f 2014 2236 2235
f 2014 2216 2214
f 2015 2235 2232
f 2020 2234 2021
f 2021 2234 2237
f 2021 2237 2238
f 2021 2238 2022
f 2022 2026 2023
f 2022 2238 2239
f 2022 2239 2026
f 2023 2026 2024
f 2024 2026 2025
f 2026 2239 2028
f 2027 2240 2029
f 2027 2028 2240
f 2028 2239 2241
f 2028 2241 2240
f 2029 2240 2241
f 2029 2241 2242
f 2029 2242 2243
f 2029 2243 2030
f 2030 2243 2244
f 2030 2244 2032
f 2030 2032 2031
f 2032 2244 2245
f 2032 2245 2246
f 2032 2246 2247
f 2032 2247 2034
f 2033 2034 2041
f 2033 2041 2040
f 2033 2040 2035
f 2034 2247 2248
f 2034 2248 2041
f 2036 2249 2047
f 2036 2047 2037
f 2036 2046 2250
f 2036 2250 2251
f 2036 2251 2252
f 2036 2252 2249
f 2037 2047 2038
f 2041 2248 2042
f 2042 2248 2246
f 2042 2246 2043
f 2043 2246 2245
f 2043 2245 2044
f 2044 2245 2045
f 2045 2245 2253
f 2045 2253 2046
f 2046 2253 2428
f 2046 2428 2250
f 2047 2249 2050
f 2048 2055 2049
f 2049 2055 2254
f 2049 2254 2060
f 2050 2249 2051
f 2051 2255 2256
f 2051 2256 2052
f 2051 2249 2255
f 2052 2256 2252
f 2052 2252 2053
f 2053 2252 2054
f 2054 2252 2055
f 2055 2252 2251
f 2055 2251 2257
f 2055 2257 2254
f 2056 2077 2076
f 2056 2076 2258
f 2056 2258 2058
f 2056 2058 2057
f 2058 2258 2259
f 2058 2259 2260
f 2058 2260 2261
f 2058 2261 2059
f 2059 2261 2262
f 2059 2262 2080
f 2059 2080 2078
f 2060 2254 2062
f 2060 2062 2061
f 2062 2263 2063
f 2062 2254 2263
f 2063 2263 2257
f 2063 2257 2264
f 2063 2264 2064
f 2064 2264 2265
f 2064 2265 2266
f 2064 2266 2065
f 2065 2266 2267
f 2065 2267 2066
f 2066 2267 2268
f 2066 2268 2067
f 2067 2269 2068
f 2067 2268 2269
f 2068 2269 2270
f 2068 2270 2271
f 2068 2271 2272
f 2068 2272 2273
f 2068 2273 2069
f 2069 2273 2274
f 2069 2274 2463
f 2069 2463 2275
f 2069 2275 2070
f 2070 2275 2071
f 2071 2276 2072
f 2071 2275 2276
f 2072 2276 2277
f 2072 2277 2073
f 2073 2277 2074
f 2074 2277 2075
f 2075 2277 2258
f 2075 2258 2076
f 2080 2262 2081
f 2081 2262 2278
f 2081 2278 2279
f 2081 2279 2084
f 2081 2084 2083
f 2081 2083 2082
f 2084 2279 2086
f 2086 2279 2280
f 2086 2280 2281
f 2086 2281 2282
f 2086 2282 2283
f 2086 2283 2087
f 2087 2283 2088
f 2088 2283 2284
f 2088 2284 2285
f 2088 2285 2089
f 2089 2285 2286
f 2089 2286 2287
f 2089 2287 2288
f 2089 2288 2289
f 2089 2289 2092
f 2089 2092 2090
f 2092 2289 2093
f 2093 2289 2288
f 2093 2288 2290
f 2093 2290 2291
f 2093 2291 2094
f 2094 2291 2272
f 2094 2272 2271
f 2094 2271 2095
f 2095 2271 2096
f 2096 2271 2292
f 2096 2292 2097
f 2097 2292 2098
f 2098 2292 2099
f 2099 2292 2100
f 2100 2292 2293
f 2100 2293 2101
f 2101 2293 2294
f 2101 2294 2102
f 2102 2294 2105
f 2103 2107 2108
f 2105 2294 2295
f 2105 2295 2106
f 2106 2296 2297
f 2106 2297 2107
f 2106 2295 2296
f 2107 2297 2298
f 2107 2298 2299
f 2107 2299 2110
f 2107 2110 2108
f 2109 2111 2110
f 2109 2110 2299
f 2109 2299 2300
f 2109 2300 2112
f 2112 2300 2301
f 2112 2301 2302
f 2112 2302 2113
f 2113 2302 2114
f 2114 2302 2303
f 2114 2303 2115
f 2115 2303 2304
f 2115 2304 2305
f 2115 2305 2306
f 2115 2306 2116
f 2116 2306 2307
f 2116 2307 2308
f 2116 2308 2309
f 2116 2309 2310
f 2116 2310 2117
f 2117 2310 2311
f 2117 2311 2312
f 2117 2312 2313
f 2117 2313 2118
f 2118 2313 2119
f 2119 2313 2120
f 2120 2313 2312
f 2120 2312 2122
f 2120 2122 2125
f 2122 2312 2314
f 2122 2314 2124
f 2122 2124 2123
f 2124 2315 2129
f 2124 2314 2316
f 2124 2316 2317
f 2124 2317 2318
f 2124 2318 2319
f 2124 2319 2320
f 2124 2320 2315
f 2126 2129 2321
f 2126 2321 2127
f 2127 2132 2128
f 2127 2321 2132
f 2129 2322 2321
f 2129 2315 2323
f 2129 2323 2322
f 2130 2324 2131
f 2130 2132 2324
f 2131 2324 2133
f 2132 2325 2326
f 2132 2326 2324
f 2132 2321 2327
f 2132 2327 2328
f 2132 2328 2329
f 2132 2329 2325
f 2133 2330 2331
f 2133 2331 2332
f 2133 2332 2134
f 2133 2324 2330
f 2134 2332 2333
f 2134 2333 2135
f 2135 2333 2334
f 2135 2334 2331
f 2135 2331 2335
f 2135 2335 2136
f 2136 2335 2331
f 2136 2331 2336
f 2136 2336 2137
f 2137 2337 2338
f 2137 2338 2339
f 2137 2339 2154
f 2137 2154 2340
f 2137 2340 2139
f 2137 2139 2138
f 2137 2336 2341
f 2137 2341 2342
f 2137 2342 2337
f 2139 2340 2140
f 2140 2340 2153
f 2140 2153 2152
f 2140 2152 2343
f 2140 2343 2141
f 2141 2343 2143
f 2141 2143 2142
f 2143 2343 2144
f 2144 2152 2344
f 2144 2344 2345
f 2144 2345 2145
f 2144 2343 2152
f 2145 2345 2344
f 2145 2344 2146
f 2146 2344 2151
f 2146 2151 2147
f 2147 2151 2148
f 2150 2156 2163
f 2150 2163 2157
f 2151 2344 2152
f 2153 2340 2154
f 2154 2339 2346
f 2154 2346 2347
f 2154 2347 2348
f 2154 2348 2349
f 2154 2349 2155
f 2155 2349 2350
f 2155 2350 2160
f 2158 2178 2181
f 2158 2181 2180
f 2160 2350 2351
f 2160 2351 2161
f 2161 2351 2352
f 2161 2352 2162
f 2162 2352 2353
f 2162 2353 2170
f 2165 2354 2355
f 2165 2355 2356
f 2165 2356 2357
f 2165 2357 2166
f 2165 2170 2358
f 2165 2358 2354
f 2166 2357 2167
f 2167 2357 2168
f 2168 2356 2171
f 2168 2357 2356
f 2170 2353 2359
f 2170 2359 2360
f 2170 2360 2361
f 2170 2361 2354
f 2170 2354 2358
f 2171 2356 2362
f 2171 2362 2172
f 2172 2363 2364
f 2172 2364 2365
f 2172 2365 2176
f 2172 2176 2366
f 2172 2366 2174
f 2172 2174 2173
f 2172 2362 2363
f 2174 2366 2175
f 2175 2366 2176
f 2176 2365 2364
f 2176 2364 2367
f 2176 2367 2368
f 2176 2368 2369
f 2176 2369 2177
f 2177 2369 2178
f 2178 2369 2370
f 2178 2370 2182
f 2179 2184 2186
f 2182 2370 2184
f 2182 2184 2183
f 2184 2187 2186
f 2184 2370 2371
f 2184 2371 2372
f 2184 2372 2373
f 2184 2373 2374
f 2184 2374 2187
f 2185 2187 2375
f 2185 2375 2376
f 2185 2376 2188
f 2187 2374 2375
f 2188 2377 2378
f 2188 2378 2379
f 2188 2379 2380
f 2188 2380 2381
f 2188 2381 2382
f 2188 2382 2383
f 2188 2383 2194
f 2188 2194 2192
f 2188 2192 2191
f 2188 2191 2189
f 2188 2376 2384
f 2188 2384 2385
f 2188 2385 2377
f 2189 2191 2190
f 2194 2386 2195
f 2194 2383 2387
f 2194 2387 2388
f 2194 2388 2389
f 2194 2389 2390
f 2194 2390 2386
f 2195 2386 2196
f 2196 2386 2391
f 2196 2391 2197
f 2197 2391 2392
f 2197 2392 2199
f 2198 2200 2393
f 2198 2393 2394
f 2198 2394 2201
f 2199 2392 2200
f 2200 2392 2393
f 2201 2394 2202
f 2202 2394 2395
f 2202 2395 2203
f 2203 2395 2204
f 2204 2395 2396
f 2204 2396 2205
f 2205 2396 2206
f 2206 2396 2208
f 2207 2212 2213
f 2208 2210 2209
f 2208 2396 2211
f 2211 2396 2397
f 2211 2397 2398
f 2211 2398 2399
f 2211 2399 2212
f 2212 2400 2213
f 2212 2399 2401
f 2212 2401 2400
f 2213 2400 2226
f 2214 2216 2215
f 2217 2231 2402
f 2217 2402 2403
f 2217 2403 2220
f 2217 2220 2219
f 2220 2403 2402
f 2220 2402 2231
f 2220 2231 2404
f 2220 2404 2405
f 2220 2405 2406
f 2220 2406 2222
f 2220 2222 2221
f 2222 2407 2408
f 2222 2408 2223
f 2222 2406 2409
f 2222 2409 2407
f 2223 2408 2410
f 2223 2410 2411
f 2223 2411 2224
f 2224 2411 2412
f 2224 2412 2225
f 2225 2412 2236
f 2226 2400 2413
f 2226 2413 2227
f 2227 2413 2228
f 2228 2413 2229
f 2229 2231 2230
f 2229 2413 2231
f 2231 2413 2404
f 2232 2412 2414
f 2232 2414 2415
f 2232 2415 2233
f 2232 2235 2236
f 2232 2236 2412
f 2233 2415 2234
f 2234 2415 2237
f 2237 2415 2238
f 2238 2415 2239
f 2239 2415 2414
f 2239 2414 2416
f 2239 2416 2417
f 2239 2417 2418
f 2239 2418 2419
f 2239 2419 2241
f 2241 2419 2242
f 2242 2419 2420
f 2242 2420 2421
f 2242 2421 2243
f 2243 2422 2244
f 2243 2421 2423
f 2243 2423 2422
f 2244 2422 2424
f 2244 2424 2425
f 2244 2425 2426
f 2244 2426 2427
f 2244 2427 2253
f 2244 2253 2245
f 2246 2248 2247
f 2249 2252 2255
f 2250 2428 2595
f 2250 2595 2429
f 2250 2429 2257
f 2250 2257 2251
f 2252 2256 2255
f 2253 2430 2428
f 2253 2427 2431
f 2253 2431 2432
f 2253 2432 2430
f 2254 2257 2263
f 2257 2429 2433
f 2257 2433 2264
f 2258 2277 2259
f 2259 2434 2260
f 2259 2277 2276
f 2259 2276 2435
f 2259 2435 2275
f 2259 2275 2436
f 2259 2436 2437
f 2259 2437 2438
f 2259 2438 2439
f 2259 2439 2440
f 2259 2440 2434
f 2260 2434 2278
f 2260 2278 2261
f 2261 2278 2262
f 2264 2433 2441
f 2264 2441 2442
f 2264 2442 2265
f 2265 2442 2443
f 2265 2443 2605
f 2265 2605 2444
f 2265 2444 2266
f 2266 2444 2445
f 2266 2445 2446
f 2266 2446 2447
f 2266 2447 2448
f 2266 2448 2449
f 2266 2449 2267
f 2267 2450 2268
f 2267 2449 2450
f 2268 2450 2451
f 2268 2451 2269
f 2269 2452 2453
f 2269 2453 2454
f 2269 2454 2270
f 2269 2451 2452
f 2270 2454 2455
f 2270 2455 2456
f 2270 2456 2293
f 2270 2293 2292
f 2270 2292 2271
f 2272 2291 2273
f 2273 2291 2457
f 2273 2457 2458
f 2273 2458 2459
f 2273 2459 2460
f 2273 2460 2274
f 2274 2460 2461
f 2274 2461 2462
f 2274 2462 2463
f 2275 2435 2276
f 2275 2463 2464
f 2275 2464 2436
f 2278 2465 2279
f 2278 2434 2440
f 2278 2440 2439
f 2278 2439 2438
f 2278 2438 2437
f 2278 2437 2465
f 2279 2465 2466
f 2279 2466 2467
f 2279 2467 2468
f 2279 2468 2469
f 2279 2469 2280
f 2280 2469 2470
f 2280 2470 2281
f 2281 2470 2282
f 2282 2470 2283
f 2283 2470 2471
f 2283 2471 2472
f 2283 2472 2284
f 2284 2473 2285
f 2284 2472 2473
f 2285 2473 2286
f 2286 2474 2287
f 2286 2473 2474
f 2287 2474 2288
f 2288 2474 2475
f 2288 2475 2290
f 2290 2475 2291
f 2291 2475 2474
f 2291 2474 2457
f 2293 2456 2294
f 2294 2456 2295
f 2295 2456 2476
f 2295 2476 2477
f 2295 2477 2478
f 2295 2478 2479
f 2295 2479 2296
f 2296 2480 2297
f 2296 2479 2481
f 2296 2481 2480
f 2297 2480 2482
f 2297 2482 2298
f 2298 2482 2483
f 2298 2483 2484
f 2298 2484 2299
f 2299 2484 2300
f 2300 2484 2485
f 2300 2485 2486
f 2300 2486 2487
f 2300 2487 2301
f 2301 2487 2302
f 2302 2487 2488
f 2302 2488 2303
f 2303 2488 2304
f 2304 2488 2305
f 2305 2488 2489
f 2305 2489 2306
f 2306 2489 2490
f 2306 2490 2491
f 2306 2491 2492
f 2306 2492 2493
f 2306 2493 2307
f 2307 2493 2308
f 2308 2493 2309
f 2309 2493 2310
f 2310 2493 2311
f 2311 2494 2496
f 2311 2496 2312
f 2311 2493 2495
f 2311 2495 2494
f 2312 2496 2317
f 2312 2317 2316
f 2312 2316 2314
f 2315 2320 2497
f 2315 2497 2498
f 2315 2498 2323
f 2317 2496 2499
f 2317 2499 2318
f 2318 2499 2497
f 2318 2497 2319
f 2319 2497 2320
f 2321 2322 2327
f 2322 2500 2327
f 2322 2323 2501
f 2322 2501 2502
f 2322 2502 2503
f 2322 2503 2504
f 2322 2504 2500
f 2323 2498 2505
f 2323 2505 2506
f 2323 2506 2507
f 2323 2507 2508
f 2323 2508 2509
f 2323 2509 2510
f 2323 2510 2501
f 2324 2511 2512
f 2324 2512 2513
f 2324 2513 2330
f 2324 2326 2514
f 2324 2514 2515
f 2324 2515 2516
f 2324 2516 2511
f 2325 2517 2518
f 2325 2518 2519
f 2325 2519 2520
f 2325 2520 2326
f 2325 2329 2517
f 2326 2520 2514
f 2327 2500 2521
f 2327 2521 2504
f 2327 2504 2522
f 2327 2522 2328
f 2328 2522 2523
f 2328 2523 2524
f 2328 2524 2525
f 2328 2525 2329
f 2329 2526 2527
f 2329 2527 2517
f 2329 2525 2526
f 2330 2513 2331
f 2331 2528 2529
f 2331 2529 2530
f 2331 2530 2347
f 2331 2347 2338
f 2331 2338 2342
f 2331 2342 2336
f 2331 2334 2531
f 2331 2531 2332
f 2331 2513 2528
f 2332 2531 2333
f 2333 2531 2334
f 2336 2342 2341
f 2337 2342 2338
f 2338 2346 2339
f 2338 2347 2346
f 2347 2530 2348
f 2348 2530 2529
f 2348 2529 2349
f 2349 2351 2350
f 2349 2529 2360
f 2349 2360 2359
f 2349 2359 2352
f 2349 2352 2351
f 2352 2359 2353
f 2354 2356 2355
f 2354 2361 2356
f 2356 2361 2532
f 2356 2532 2362
f 2360 2529 2528
f 2360 2528 2361
f 2361 2528 2512
f 2361 2512 2532
f 2362 2532 2533
f 2362 2533 2534
f 2362 2534 2363
f 2363 2535 2364
f 2363 2534 2535
f 2364 2536 2537
f 2364 2537 2367
f 2364 2535 2536
f 2367 2537 2538
f 2367 2538 2539
f 2367 2539 2368
f 2368 2539 2370
f 2368 2370 2369
f 2370 2539 2540
f 2370 2540 2541
f 2370 2541 2542
f 2370 2542 2371
f 2371 2385 2373
f 2371 2373 2372
f 2371 2542 2541
f 2371 2541 2540
f 2371 2540 2543
f 2371 2543 2544
f 2371 2544 2545
f 2371 2545 2546
f 2371 2546 2385
f 2373 2385 2374
f 2374 2385 2384
f 2374 2384 2375
f 2375 2384 2376
f 2377 2385 2547
f 2377 2547 2378
f 2378 2548 2382
f 2378 2382 2379
f 2378 2547 2548
f 2379 2382 2380
f 2380 2382 2381
f 2382 2549 2383
f 2382 2548 2546
f 2382 2546 2549
f 2383 2549 2550
f 2383 2550 2551
f 2383 2551 2552
f 2383 2552 2553
f 2383 2553 2554
f 2383 2554 2555
f 2383 2555 2387
f 2385 2546 2547
f 2386 2390 2556
f 2386 2556 2557
f 2386 2557 2391
f 2387 2555 2558
f 2387 2558 2388
f 2388 2558 2559
f 2388 2559 2560
f 2388 2560 2389
f 2389 2560 2390
f 2390 2560 2556
f 2391 2557 2561
f 2391 2561 2392
f 2392 2561 2393
f 2393 2561 2394
f 2394 2561 2395
f 2395 2561 2562
f 2395 2562 2396
f 2396 2562 2397
f 2397 2562 2398
f 2398 2563 2399
f 2398 2562 2564
f 2398 2564 2563
f 2399 2563 2401
f 2400 2401 2563
f 2400 2563 2565
f 2400 2565 2566
f 2400 2566 2567
f 2400 2567 2568
f 2400 2568 2413
f 2404 2413 2569
f 2404 2569 2405
f 2405 2569 2570
f 2405 2570 2571
f 2405 2571 2406
f 2406 2571 2409
f 2407 2409 2571
f 2407 2571 2572
f 2407 2572 2408
f 2408 2572 2573
f 2408 2573 2410
f 2410 2573 2574
f 2410 2574 2411
f 2411 2574 2575
f 2411 2575 2412
f 2412 2575 2576
f 2412 2576 2414
f 2413 2568 2577
f 2413 2577 2578
f 2413 2578 2579
f 2413 2579 2569
f 2414 2576 2580
f 2414 2580 2416
f 2416 2581 2582
f 2416 2582 2417
f 2416 2580 2583
f 2416 2583 2584
f 2416 2584 2585
f 2416 2585 2586
f 2416 2586 2587
f 2416 2587 2588
f 2416 2588 2589
f 2416 2589 2590
f 2416 2590 2581
f 2417 2591 2426
f 2417 2426 2418
f 2417 2582 2592
f 2417 2592 2593
f 2417 2593 2591
f 2418 2426 2425
f 2418 2425 2594
f 2418 2594 2423
f 2418 2423 2419
f 2419 2423 2421
f 2419 2421 2420
f 2422 2423 2594
f 2422 2594 2424
f 2424 2594 2425
f 2426 2591 2427
f 2427 2591 2431
f 2428 2430 2595
f 2429 2595 2433
f 2430 2596 2597
f 2430 2597 2598
f 2430 2598 2599
f 2430 2599 2600
f 2430 2600 2595
f 2430 2432 2592
f 2430 2592 2596
f 2431 2593 2432
f 2431 2591 2593
f 2432 2593 2592
f 2433 2595 2601
f 2433 2601 2441
f 2436 2464 2437
f 2437 2464 2462
f 2437 2462 2465
f 2441 2601 2442
f 2442 2601 2602
f 2442 2602 2603
f 2442 2603 2604
f 2442 2604 2443
f 2443 2604 2606
f 2443 2606 2743
f 2443 2743 2605
f 2444 2607 2608
f 2444 2608 2445
f 2444 2605 2607
f 2445 2608 2609
f 2445 2609 2610
f 2445 2610 2750
f 2445 2750 2611
f 2445 2611 2612
f 2445 2612 2446
f 2446 2612 2447
f 2447 2613 2614
f 2447 2614 2448
f 2447 2612 2615
f 2447 2615 2613
f 2448 2453 2450
f 2448 2450 2449
f 2448 2614 2453
f 2450 2453 2452
f 2450 2452 2451
f 2453 2614 2616
f 2453 2616 2477
f 2453 2477 2454
f 2454 2477 2455
f 2455 2477 2476
f 2455 2476 2456
f 2457 2474 2472
f 2457 2472 2471
f 2457 2471 2470
f 2457 2470 2469
f 2457 2469 2468
f 2457 2468 2458
f 2458 2468 2459
f 2459 2468 2460
f 2460 2468 2467
f 2460 2467 2461
f 2461 2467 2462
f 2462 2464 2463
f 2462 2467 2466
f 2462 2466 2465
f 2472 2474 2473
f 2477 2616 2614
f 2477 2614 2613
f 2477 2613 2478
f 2478 2613 2617
f 2478 2617 2618
f 2478 2618 2619
f 2478 2619 2620
f 2478 2620 2621
f 2478 2621 2622
f 2478 2622 2623
f 2478 2623 2624
f 2478 2624 2625
f 2478 2625 2479
f 2479 2625 2481
f 2480 2481 2626
f 2480 2626 2482
f 2481 2625 2626
f 2482 2627 2624
f 2482 2624 2483
f 2482 2626 2627
f 2483 2624 2623
f 2483 2623 2622
f 2483 2622 2628
f 2483 2628 2484
f 2484 2628 2485
f 2485 2628 2486
f 2486 2628 2487
f 2487 2628 2488
f 2488 2628 2629
f 2488 2629 2630
f 2488 2630 2489
f 2489 2630 2631
f 2489 2631 2490
f 2490 2631 2491
f 2491 2631 2492
f 2492 2631 2632
f 2492 2632 2493
f 2493 2633 2634
f 2493 2634 2635
f 2493 2635 2495
f 2493 2632 2636
f 2493 2636 2633
f 2494 2637 2638
f 2494 2638 2639
f 2494 2639 2505
f 2494 2505 2497
f 2494 2497 2499
f 2494 2499 2496
f 2494 2495 2640
f 2494 2640 2641
f 2494 2641 2637
f 2495 2635 2642
f 2495 2642 2640
f 2497 2505 2643
f 2497 2643 2644
f 2497 2644 2498
f 2498 2644 2505
f 2500 2504 2521
f 2501 2510 2645
f 2501 2645 2646
f 2501 2646 2502
f 2502 2646 2647
f 2502 2647 2503
f 2503 2647 2645
f 2503 2645 2648
f 2503 2648 2504
f 2504 2648 2522
f 2505 2639 2638
f 2505 2638 2649
f 2505 2649 2507
f 2505 2507 2506
f 2505 2644 2643
f 2507 2649 2650
f 2507 2650 2651
f 2507 2651 2510
f 2507 2510 2509
f 2507 2509 2508
f 2510 2651 2645
f 2511 2516 2652
f 2511 2652 2653
f 2511 2653 2654
f 2511 2654 2512
f 2512 2528 2513
f 2512 2654 2655
f 2512 2655 2656
f 2512 2656 2532
f 2514 2520 2657
f 2514 2657 2515
f 2515 2657 2658
f 2515 2658 2536
f 2515 2536 2516
f 2516 2536 2535
f 2516 2535 2652
f 2517 2527 2518
f 2518 2659 2660
f 2518 2660 2661
f 2518 2661 2662
f 2518 2662 2519
f 2518 2527 2663
f 2518 2663 2664
f 2518 2664 2665
f 2518 2665 2659
f 2519 2662 2666
f 2519 2666 2520
f 2520 2667 2668
f 2520 2668 2657
f 2520 2666 2667
f 2522 2648 2669
f 2522 2669 2670
f 2522 2670 2523
f 2523 2670 2524
f 2524 2670 2671
f 2524 2671 2672
f 2524 2672 2525
f 2525 2672 2673
f 2525 2673 2674
f 2525 2674 2663
f 2525 2663 2526
f 2526 2663 2527
f 2532 2656 2533
f 2533 2656 2675
f 2533 2675 2534
f 2534 2675 2656
f 2534 2656 2655
f 2534 2655 2653
f 2534 2653 2535
f 2535 2653 2652
f 2536 2658 2676
f 2536 2676 2677
f 2536 2677 2537
f 2537 2677 2678
f 2537 2678 2679
f 2537 2679 2680
f 2537 2680 2538
f 2538 2680 2681
f 2538 2681 2540
f 2538 2540 2539
f 2540 2681 2680
f 2540 2680 2682
f 2540 2682 2543
f 2543 2683 2684
f 2543 2684 2544
f 2543 2682 2680
f 2543 2680 2683
f 2544 2684 2683
f 2544 2683 2685
f 2544 2685 2686
f 2544 2686 2687
f 2544 2687 2688
f 2544 2688 2689
f 2544 2689 2690
f 2544 2690 2691
f 2544 2691 2692
f 2544 2692 2545
f 2545 2692 2693
f 2545 2693 2694
f 2545 2694 2695
f 2545 2695 2696
f 2545 2696 2546
f 2546 2696 2695
f 2546 2695 2549
f 2546 2548 2547
f 2549 2695 2550
f 2550 2697 2551
f 2550 2695 2697
f 2551 2697 2698
f 2551 2698 2699
f 2551 2699 2553
f 2551 2553 2552
f 2553 2699 2554
f 2554 2699 2555
f 2555 2699 2700
f 2555 2700 2701
f 2555 2701 2558
f 2556 2560 2557
f 2557 2702 2561
f 2557 2560 2703
f 2557 2703 2704
f 2557 2704 2705
f 2557 2705 2702
f 2558 2701 2706
f 2558 2706 2707
f 2558 2707 2559
f 2559 2707 2708
f 2559 2708 2709
f 2559 2709 2560
f 2560 2709 2710
f 2560 2710 2703
f 2561 2702 2711
f 2561 2711 2712
f 2561 2712 2562
f 2562 2712 2713
f 2562 2713 2714
f 2562 2714 2715
f 2562 2715 2564
f 2563 2564 2716
f 2563 2716 2717
f 2563 2717 2565
f 2564 2715 2716
f 2565 2717 2718
f 2565 2718 2719
f 2565 2719 2568
f 2565 2568 2567
f 2565 2567 2566
f 2568 2719 2577
f 2569 2579 2720
f 2569 2720 2721
f 2569 2721 2722
f 2569 2722 2570
f 2570 2722 2723
f 2570 2723 2724
f 2570 2724 2571
f 2571 2724 2572
f 2572 2724 2725
f 2572 2725 2585
f 2572 2585 2573
f 2573 2585 2574
f 2574 2585 2584
f 2574 2584 2575
f 2575 2584 2583
f 2575 2583 2580
f 2575 2580 2576
f 2577 2719 2726
f 2577 2726 2727
f 2577 2727 2578
f 2578 2721 2579
f 2578 2727 2721
f 2579 2721 2720
f 2581 2592 2582
f 2581 2590 2598
f 2581 2598 2597
f 2581 2597 2596
f 2581 2596 2592
f 2585 2725 2586
f 2586 2725 2724
f 2586 2724 2728
f 2586 2728 2729
f 2586 2729 2730
f 2586 2730 2587
f 2587 2731 2588
f 2587 2730 2732
f 2587 2732 2731
f 2588 2731 2598
f 2588 2598 2589
f 2589 2598 2590
f 2595 2733 2734
f 2595 2734 2735
f 2595 2735 2601
f 2595 2600 2733
f 2598 2731 2736
f 2598 2736 2599
f 2599 2737 2600
f 2599 2736 2731
f 2599 2731 2732
f 2599 2732 2737
f 2600 2737 2733
f 2601 2735 2738
f 2601 2738 2602
f 2602 2738 2739
f 2602 2739 2740
f 2602 2740 2741
f 2602 2741 2603
f 2603 2741 2604
f 2604 2741 2742
f 2604 2742 2606
f 2605 2743 2607
f 2606 2742 2747
f 2606 2747 2743
f 2607 2744 2608
f 2607 2743 2745
f 2607 2745 2744
f 2608 2744 2746
f 2608 2746 2747
f 2608 2747 2748
f 2608 2748 2609
f 2609 2748 2610
f 2610 2748 2749
f 2610 2749 2847
f 2610 2847 2750
f 2611 2751 2752
f 2611 2752 2612
f 2611 2750 2753
f 2611 2753 2754
f 2611 2754 2849
f 2611 2849 2755
f 2611 2755 2756
f 2611 2756 2751
f 2612 2752 2757
f 2612 2757 2615
f 2613 2615 2757
f 2613 2757 2617
f 2617 2757 2758
f 2617 2758 2618
f 2618 2758 2759
f 2618 2759 2760
f 2618 2760 2619
f 2619 2760 2761
f 2619 2761 2762
f 2619 2762 2763
f 2619 2763 2620
f 2620 2763 2621
f 2621 2763 2764
f 2621 2764 2765
f 2621 2765 2766
f 2621 2766 2622
f 2622 2766 2628
f 2624 2627 2625
f 2625 2627 2626
f 2628 2766 2765
f 2628 2765 2629
f 2629 2765 2630
f 2630 2765 2767
f 2630 2767 2631
f 2631 2767 2632
f 2632 2767 2768
f 2632 2768 2636
f 2633 2769 2634
f 2633 2636 2768
f 2633 2768 2769
f 2634 2769 2770
f 2634 2770 2635
f 2635 2770 2642
f 2637 2641 2774
f 2637 2774 2771
f 2637 2771 2638
f 2638 2650 2649
f 2638 2771 2772
f 2638 2772 2773
f 2638 2773 2650
f 2640 2642 2774
f 2640 2774 2641
f 2642 2770 2774
f 2645 2651 2650
f 2645 2650 2775
f 2645 2775 2776
f 2645 2776 2777
f 2645 2777 2648
f 2645 2647 2646
f 2648 2777 2778
f 2648 2778 2779
f 2648 2779 2672
f 2648 2672 2669
f 2650 2773 2780
f 2650 2780 2775
f 2653 2655 2654
f 2657 2668 2658
f 2658 2668 2781
f 2658 2781 2676
f 2659 2665 2660
f 2660 2662 2661
f 2660 2665 2782
f 2660 2782 2662
f 2662 2782 2783
f 2662 2783 2784
f 2662 2784 2666
f 2663 2674 2782
f 2663 2782 2665
f 2663 2665 2664
f 2666 2784 2785
f 2666 2785 2781
f 2666 2781 2667
f 2667 2781 2668
f 2669 2672 2671
f 2669 2671 2670
f 2672 2786 2787
f 2672 2787 2673
f 2672 2779 2778
f 2672 2778 2788
f 2672 2788 2789
f 2672 2789 2790
f 2672 2790 2791
f 2672 2791 2786
f 2673 2792 2793
f 2673 2793 2794
f 2673 2794 2674
f 2673 2787 2786
f 2673 2786 2792
f 2674 2794 2782
f 2676 2795 2677
f 2676 2781 2785
f 2676 2785 2784
f 2676 2784 2796
f 2676 2796 2795
f 2677 2795 2678
f 2678 2680 2679
f 2678 2795 2796
f 2678 2796 2797
f 2678 2797 2798
f 2678 2798 2686
f 2678 2686 2685
f 2678 2685 2680
f 2680 2685 2683
f 2686 2799 2687
f 2686 2798 2799
f 2687 2799 2688
f 2688 2799 2800
f 2688 2800 2689
f 2689 2800 2690
f 2690 2800 2872
f 2690 2872 2801
f 2690 2801 2802
f 2690 2802 2803
f 2690 2803 2804
f 2690 2804 2692
f 2690 2692 2691
f 2692 2804 2805
f 2692 2805 2693
f 2693 2805 2806
f 2693 2806 2694
f 2694 2806 2695
f 2695 2806 2807
f 2695 2807 2808
f 2695 2808 2697
f 2697 2808 2809
f 2697 2809 2810
f 2697 2810 2698
f 2698 2810 2811
f 2698 2811 2812
f 2698 2812 2701
f 2698 2701 2700
f 2698 2700 2699
f 2701 2812 2706
f 2702 2813 2711
f 2702 2705 2814
f 2702 2814 2813
f 2703 2710 2704
f 2704 2710 2814
f 2704 2814 2705
f 2706 2815 2816
f 2706 2816 2707
f 2706 2812 2817
f 2706 2817 2815
f 2707 2816 2708
f 2708 2818 2819
f 2708 2819 2820
f 2708 2820 2709
f 2708 2816 2818
f 2709 2820 2821
f 2709 2821 2813
f 2709 2813 2814
f 2709 2814 2710
f 2711 2813 2822
f 2711 2822 2823
f 2711 2823 2824
f 2711 2824 2712
f 2712 2824 2713
f 2713 2824 2714
f 2714 2824 2825
f 2714 2825 2715
f 2715 2826 2827
f 2715 2827 2828
f 2715 2828 2717
f 2715 2717 2716
f 2715 2825 2826
f 2717 2828 2718
f 2718 2828 2829
f 2718 2829 2830
f 2718 2830 2831
f 2718 2831 2832
f 2718 2832 2727
f 2718 2727 2726
f 2718 2726 2719
f 2721 2833 2834
f 2721 2834 2723
f 2721 2723 2722
f 2721 2727 2832
f 2721 2832 2833
f 2723 2834 2835
f 2723 2835 2836
f 2723 2836 2728
f 2723 2728 2724
f 2728 2836 2729
f 2729 2827 2825
f 2729 2825 2837
f 2729 2837 2838
f 2729 2838 2730
f 2729 2836 2835
f 2729 2835 2831
f 2729 2831 2827
f 2730 2838 2732
f 2732 2838 2841
f 2732 2841 2839
f 2732 2839 2733
f 2732 2733 2840
f 2732 2840 2737
f 2733 2737 2840
f 2733 2839 2841
f 2733 2841 2842
f 2733 2842 2734
f 2734 2842 2735
f 2735 2842 2843
f 2735 2843 2738
f 2738 2843 2739
f 2739 2843 2740
f 2740 2843 2741
f 2741 2843 2742
f 2742 2843 2844
f 2742 2844 2845
f 2742 2845 2747
f 2743 2747 2745
f 2744 2745 2747
f 2744 2747 2746
f 2747 2846 2820
f 2747 2820 2819
f 2747 2819 2749
f 2747 2749 2748
f 2747 2845 2846
f 2749 2819 2847
f 2750 2847 2753
f 2751 2756 2757
f 2751 2757 2752
f 2753 2847 2819
f 2753 2819 2754
f 2754 2819 2848
f 2754 2848 2849
f 2755 2849 2887
f 2755 2887 2850
f 2755 2850 2756
f 2756 2851 2852
f 2756 2852 2758
f 2756 2758 2757
f 2756 2850 2851
f 2758 2852 2851
f 2758 2851 2759
f 2759 2851 2760
f 2760 2853 2854
f 2760 2854 2855
f 2760 2855 2761
f 2760 2851 2853
f 2761 2855 2856
f 2761 2856 2857
f 2761 2857 2858
f 2761 2858 2762
f 2762 2859 2763
f 2762 2858 2860
f 2762 2860 2861
f 2762 2861 2764
f 2762 2764 2859
f 2763 2859 2764
f 2764 2861 2765
f 2765 2861 2767
f 2767 2861 2860
f 2767 2860 2768
f 2768 2860 2862
f 2768 2862 2863
f 2768 2863 2864
f 2768 2864 2865
f 2768 2865 2769
f 2769 2865 2770
f 2770 2865 2776
f 2770 2776 2780
f 2770 2780 2771
f 2770 2771 2774
f 2771 2780 2772
f 2772 2780 2773
f 2775 2780 2776
f 2776 2865 2866
f 2776 2866 2867
f 2776 2867 2777
f 2777 2868 2778
f 2777 2867 2868
f 2778 2868 2788
f 2782 2794 2869
f 2782 2869 2870
f 2782 2870 2783
f 2783 2797 2784
f 2783 2870 2871
f 2783 2871 2872
f 2783 2872 2797
f 2784 2797 2796
f 2786 2791 2792
f 2788 2867 2866
f 2788 2866 2873
f 2788 2873 2789
f 2788 2868 2867
f 2789 2873 2874
f 2789 2874 2875
f 2789 2875 2790
f 2790 2875 2791
f 2791 2875 2870
f 2791 2870 2869
f 2791 2869 2792
f 2792 2869 2793
f 2793 2869 2794
f 2797 2872 2800
f 2797 2800 2798
f 2798 2800 2799
f 2801 2872 2802
f 2802 2872 2803
f 2803 2872 2876
f 2803 2876 2877
f 2803 2877 2804
f 2804 2877 2878
f 2804 2878 2805
f 2805 2878 2874
f 2805 2874 2879
f 2805 2879 2880
f 2805 2880 2881
f 2805 2881 2806
f 2806 2882 2807
f 2806 2881 2809
f 2806 2809 2808
f 2806 2808 2882
f 2807 2882 2808
f 2809 2881 2883
f 2809 2883 2884
f 2809 2884 2885
f 2809 2885 2810
f 2810 2885 2886
f 2810 2886 2811
f 2811 2886 2887
f 2811 2887 2888
f 2811 2888 2819
f 2811 2819 2818
f 2811 2818 2816
f 2811 2816 2815
f 2811 2815 2817
f 2811 2817 2812
f 2813 2889 2822
f 2813 2821 2889
f 2819 2888 2848
f 2820 2846 2890
f 2820 2890 2889
f 2820 2889 2821
f 2822 2889 2823
f 2823 2890 2824
f 2823 2889 2890
f 2824 2890 2891
f 2824 2891 2825
f 2825 2891 2846
f 2825 2846 2845
f 2825 2845 2844
f 2825 2844 2843
f 2825 2843 2842
f 2825 2842 2837
f 2825 2827 2826
f 2827 2831 2830
f 2827 2830 2829
f 2827 2829 2828
f 2831 2835 2832
f 2832 2835 2834
f 2832 2834 2833
f 2837 2842 2838
f 2838 2842 2841
f 2846 2891 2890
f 2848 2888 2887
f 2848 2887 2849
f 2850 2887 2892
f 2850 2892 2851
f 2851 2892 2893
f 2851 2893 2853
f 2853 2893 2854
f 2854 2893 2894
f 2854 2894 2895
f 2854 2895 2855
f 2855 2895 2856
f 2856 2895 2896
f 2856 2896 2897
f 2856 2897 2898
f 2856 2898 2857
f 2857 2898 2865
f 2857 2865 2858
f 2858 2862 2860
f 2858 2865 2864
f 2858 2864 2863
f 2858 2863 2862
f 2865 2898 2899
f 2865 2899 2900
f 2865 2900 2901
f 2865 2901 2866
f 2866 2901 2902
f 2866 2902 2903
f 2866 2903 2873
f 2870 2904 2872
f 2870 2872 2905
f 2870 2905 2906
f 2870 2906 2871
f 2870 2875 2904
f 2871 2906 2872
f 2872 2906 2907
f 2872 2907 2905
f 2872 2904 2908
f 2872 2908 2876
f 2873 2903 2909
f 2873 2909 2874
f 2874 2909 2910
f 2874 2910 2879
f 2874 2878 2875
f 2875 2878 2877
f 2875 2877 2911
f 2875 2911 2908
f 2875 2908 2904
f 2876 2908 2911
f 2876 2911 2877
f 2879 2910 2912
f 2879 2912 2913
f 2879 2913 2880
f 2880 2913 2884
f 2880 2884 2914
f 2880 2914 2881
f 2881 2914 2915
f 2881 2915 2883
f 2883 2915 2884
f 2884 2915 2914
f 2884 2913 2912
f 2884 2912 2910
f 2884 2910 2916
f 2884 2916 2885
f 2885 2917 2894
f 2885 2894 2886
f 2885 2916 2918
f 2885 2918 2919
f 2885 2919 2917
f 2886 2894 2887
f 2887 2894 2893
f 2887 2893 2892
f 2894 2917 2896
f 2894 2896 2895
f 2896 2920 2921
f 2896 2921 2897
f 2896 2917 2922
f 2896 2922 2903
f 2896 2903 2902
f 2896 2902 2923
f 2896 2923 2920
f 2897 2921 2923
f 2897 2923 2900
f 2897 2900 2899
f 2897 2899 2898
f 2900 2923 2901
f 2901 2923 2902
f 2903 2922 2924
f 2903 2924 2925
f 2903 2925 2909
f 2905 2907 2906
f 2909 2926 2916
f 2909 2916 2910
f 2909 2925 2926
f 2916 2926 2918
f 2917 2919 2927
f 2917 2927 2925
f 2917 2925 2924
f 2917 2924 2922
f 2918 2926 2928
f 2918 2928 2919
f 2919 2928 2929
f 2919 2929 2925
f 2919 2925 2927
f 2920 2923 2921
f 2925 2929 2928
f 2925 2928 2926

