# https://github.com/mikedh/trimesh
v -0.01098231 -0.07709958 0.04822987
v -0.00856184 -0.07709958 0.04822987
v -0.01098231 -0.07709958 0.04824903
v -0.01340277 -0.07693601 0.04822987
v -0.01098231 -0.07704925 0.04579546
v -0.00856184 -0.07706184 0.04579546
v -0.00854176 -0.07709958 0.04824903
v -0.01340277 -0.07693601 0.04824903
v -0.02066416 -0.07643268 0.04822987
v -0.02182920 -0.07606778 0.03504190
v -0.01942882 -0.07606778 0.02770035
v -0.01098231 -0.07686051 0.03853058
v -0.00856184 -0.07699892 0.04338022
v -0.00612129 -0.07681018 0.04824903
v -0.02066416 -0.07643268 0.04824903
v -0.02325536 -0.07618102 0.04824903
v -0.02280341 -0.07618102 0.04579546
v -0.02214054 -0.07610553 0.03853058
v -0.02418940 -0.07605519 0.04753980
v -0.02308463 -0.07574062 0.02885046
v -0.02308463 -0.07561479 0.02400082
v -0.02308463 -0.07555187 0.02158558
v -0.02066416 -0.07595453 0.02643522
v -0.01782187 -0.07611811 0.02683776
v -0.02066416 -0.07587903 0.02400082
v -0.01582323 -0.07628169 0.02885046
v -0.01098231 -0.07675984 0.03611535
v -0.00856184 -0.07683534 0.03853058
v -0.00856184 -0.07692342 0.04096498
v -0.00614138 -0.07674727 0.04579546
v -0.00352005 -0.07629428 0.04824903
v -0.00352005 -0.07629428 0.04822987
v -0.02333571 -0.07616845 0.04824903
v -0.02520379 -0.07579095 0.04824903
v -0.02534439 -0.07575320 0.04824903
v -0.02550509 -0.07499823 0.02158558
v -0.02308463 -0.07547637 0.01917034
v -0.02066416 -0.07579095 0.02158558
v -0.01582323 -0.07318628 -0.04379835
v -0.00856184 -0.07673468 0.03611535
v -0.01340277 -0.07386575 -0.02926858
v -0.01098231 -0.07464590 -0.01232359
v -0.00685446 -0.07615586 0.02643522
v -0.00655316 -0.07621878 0.02885046
v -0.00633220 -0.07628169 0.03126570
v 0.00355052 -0.07474657 0.04824903
v -0.00372092 -0.07523730 0.01673594
v -0.03760741 -0.07224256 0.04824903
v -0.03760741 -0.07224256 0.04822987
v -0.02550509 -0.07492273 0.01917034
v -0.02550509 -0.07483464 0.01673594
v -0.02550509 -0.07474657 0.01432070
v -0.02308463 -0.07537572 0.01673594
v -0.02308463 -0.07527504 0.01432070
v -0.02066416 -0.07537572 0.01190546
v -0.01946900 -0.07365185 -0.02809930
v -0.01713892 -0.07123591 -0.08409064
v -0.01582323 -0.07103459 -0.08978370
v -0.01566254 -0.07116042 -0.08717678
v -0.01473855 -0.07122333 -0.08623752
v -0.00713568 -0.07610553 0.02465255
v -0.00856184 -0.07462074 -0.00988918
v -0.01453768 -0.07122333 -0.08623752
v -0.01098231 -0.07419291 -0.02200370
v -0.00726624 -0.07366444 -0.02834849
v -0.00614138 -0.07493531 0.00220617
v -0.00372092 -0.07472140 0.00464058
v -0.00372092 -0.07504856 0.01190546
v -0.00372092 -0.07514921 0.01432070
v 0.00355052 -0.07465848 0.04579546
v 0.00597098 -0.07418034 0.04822987
v 0.00597098 -0.07418034 0.04824903
v -0.03951566 -0.07156307 0.04824903
v -0.03952570 -0.07156307 0.04822987
v -0.03034602 -0.07299753 0.00464058
v -0.03950561 -0.07152532 0.04579546
v -0.04049991 -0.07099684 0.03853058
v -0.04037939 -0.07097167 0.03611535
v -0.04025887 -0.07093392 0.03370010
v -0.03867201 -0.07118558 0.02643522
v -0.03645241 -0.07124849 0.00763087
v -0.03276648 -0.07202864 -0.00262430
v -0.02770460 -0.07394125 0.00947106
v -0.02755395 -0.07389092 0.00705582
v -0.02839759 -0.07346311 0.00220617
v -0.03034602 -0.07173923 -0.02683418
v -0.03034602 -0.07163857 -0.02926858
v -0.02550509 -0.07454524 0.00947106
v -0.02463131 -0.07372735 -0.01232359
v -0.02445053 -0.07367701 -0.01416377
v -0.02422957 -0.07363926 -0.01577392
v -0.02329554 -0.07382801 -0.01487300
v -0.01960960 -0.06883257 -0.12785244
v -0.01582323 -0.07092134 -0.09219894
v -0.01098231 -0.07396642 -0.02683418
v -0.01582323 -0.07079551 -0.09463335
v -0.01582323 -0.07054385 -0.09946381
v -0.01340277 -0.07064451 -0.09704858
v -0.01340277 -0.07077034 -0.09463335
v -0.01340277 -0.07089617 -0.09219894
v -0.00372092 -0.07230547 -0.04621358
v -0.00372092 -0.07460815 0.00220617
v -0.00856184 -0.07019153 -0.10189822
v -0.00740685 -0.07122333 -0.07881929
v -0.00048694 -0.07356376 -0.00505870
v -0.00129041 -0.07485981 0.02158558
v 0.00355052 -0.07457040 0.04338022
v 0.00745741 -0.07375251 0.04822987
v 0.00546881 -0.07141207 -0.02200370
v 0.00668407 -0.07107234 -0.02200370
v 0.00745741 -0.07375251 0.04824903
v -0.04074095 -0.07097167 0.04824903
v -0.04244834 -0.07016636 0.04096498
v -0.04244834 -0.07015377 0.03853058
v -0.04060034 -0.07099684 0.04096498
v -0.03034602 -0.07290945 0.00220617
v -0.04244834 -0.07007827 0.03611535
v -0.04013835 -0.07088359 0.03126570
v -0.03829036 -0.07105975 0.01917034
v -0.03638211 -0.07121075 0.00602072
v -0.03276648 -0.07194056 -0.00505870
v -0.03034602 -0.07282137 -0.00020906
v -0.03167175 -0.07127367 -0.02926858
v -0.03158136 -0.07123591 -0.03072539
v -0.02989406 -0.07144982 -0.03653347
v -0.02969319 -0.07139950 -0.03894870
v -0.02916089 -0.07123591 -0.04515931
v -0.02792555 -0.06987695 -0.07766918
v -0.02792555 -0.06963787 -0.08251882
v -0.02171872 -0.06878223 -0.12196770
v -0.02066416 -0.06849282 -0.13095775
v -0.02066416 -0.06821599 -0.13578823
v -0.01824370 -0.06840474 -0.13578823
v -0.01824370 -0.06870674 -0.13095775
v -0.01098231 -0.07043060 -0.09946381
v -0.01582323 -0.07040543 -0.10189822
v -0.01340277 -0.07038028 -0.10189822
v -0.01098231 -0.07005312 -0.10672870
v -0.01098231 -0.07030478 -0.10189822
v -0.00129041 -0.07189023 -0.04379835
v 0.00474569 -0.07122333 -0.03041870
v -0.00614138 -0.07061935 -0.08736846
v -0.00614138 -0.07038028 -0.09219894
v -0.00493617 -0.07122333 -0.07159275
v -0.00372092 -0.06800209 -0.13095775
v -0.00129041 -0.06785109 -0.12369286
v -0.00856184 -0.06995245 -0.10672870
v 0.00488629 -0.07126108 -0.02880854
v 0.01114334 -0.07094651 0.01432070
v 0.01131408 -0.07098425 0.01673594
v 0.01146473 -0.07102201 0.01917034
v 0.01159529 -0.07105975 0.02158558
v 0.01069139 -0.07170148 0.02885046
v 0.00867266 -0.07324919 0.04822987
v 0.00839145 -0.06943654 -0.03894870
v 0.01081191 -0.07006570 -0.00747394
v 0.01081191 -0.07019153 -0.00505870
v 0.01081191 -0.07041802 -0.00020906
v 0.00597098 -0.07078292 -0.03168382
v 0.00453477 -0.06631597 -0.12369286
v 0.00597098 -0.06518350 -0.13578823
v 0.00721636 -0.06881998 -0.05978492
v 0.00866262 -0.07324919 0.04824903
v -0.04554171 -0.06853057 0.04824903
v -0.04437667 -0.06915972 0.04338022
v -0.04558188 -0.06853057 0.04338022
v -0.04433650 -0.06917231 0.04096498
v -0.04422602 -0.06917231 0.03853058
v -0.04358324 -0.06875707 0.02158558
v -0.04244834 -0.06985179 0.03126570
v -0.04002787 -0.07061935 0.02400082
v -0.03814975 -0.07100942 0.01673594
v -0.04002787 -0.07039285 0.01917034
v -0.03627163 -0.07118558 0.00464058
v -0.03427299 -0.07134916 -0.00747394
v -0.03442364 -0.07139950 -0.00505870
v -0.03145079 -0.07119817 -0.03233555
v -0.03276648 -0.06540999 -0.13337298
v -0.03276648 -0.06528416 -0.13578823
v -0.03151105 -0.06636630 -0.12467046
v -0.03014515 -0.06918488 -0.08010358
v -0.02980367 -0.06904648 -0.08493405
v -0.02944211 -0.06890806 -0.08978370
v -0.02913076 -0.06880740 -0.09342573
v -0.02792555 -0.06938621 -0.08736846
v -0.02423962 -0.06879481 -0.11259427
v -0.02308463 -0.06841732 -0.12369286
v -0.02308463 -0.06800209 -0.13095775
v -0.02308463 -0.06772526 -0.13578823
v -0.02905042 -0.06636630 -0.13670830
v -0.02744347 -0.06654246 -0.13737921
v -0.02066416 -0.06756168 -0.13822263
v -0.01824370 -0.06782592 -0.13822263
v -0.01582323 -0.06876965 -0.12927092
v -0.01582323 -0.06897098 -0.12610810
v -0.01582323 -0.06785109 -0.13822263
v -0.01340277 -0.06782592 -0.13822263
v -0.00614138 -0.06771268 -0.13822263
v -0.01582323 -0.06831667 -0.13578823
v -0.01582323 -0.06849282 -0.13337298
v -0.01326216 -0.06889548 -0.12629978
v -0.01582323 -0.06954979 -0.11642798
v -0.01582323 -0.07026703 -0.10431346
v -0.01098231 -0.06977629 -0.11157835
v -0.01098231 -0.06991470 -0.10916310
v -0.00856184 -0.06954979 -0.11399358
v 0.00113006 -0.06778818 -0.11399358
v 0.00113006 -0.06766235 -0.11642798
v 0.00113006 -0.06753652 -0.11884323
v 0.00430378 -0.06625305 -0.12610810
v -0.00614138 -0.06913456 -0.11642798
v -0.00372092 -0.06786368 -0.13337298
v -0.00129041 -0.06720936 -0.13578823
v -0.00129041 -0.06747360 -0.13095775
v 0.01323237 -0.06999020 0.01190546
v 0.01323237 -0.07009086 0.01432070
v 0.01170577 -0.07109750 0.02400082
v 0.01081191 -0.07190281 0.03611535
v 0.01081191 -0.07197831 0.03853058
v 0.01081191 -0.07220480 0.04579546
v 0.01081191 -0.07226771 0.04822987
v 0.01081191 -0.07226771 0.04824903
v 0.01181625 -0.07113525 0.02643522
v 0.00796962 -0.06439077 -0.13578823
v 0.01323237 -0.06949946 0.00220617
v 0.00378152 -0.06611464 -0.13095775
v 0.00355052 -0.06588815 -0.13578823
v -0.00129041 -0.06700803 -0.13822263
v 0.00038684 -0.06651730 -0.13822263
v 0.00002528 -0.06641663 -0.13946858
v 0.00765828 -0.06422719 -0.13762840
v -0.04728926 -0.06759943 0.04824903
v -0.04728926 -0.06759943 0.04822987
v -0.04891629 -0.06668087 0.04824903
v -0.04893639 -0.06666829 0.04824903
v -0.04338237 -0.06864382 0.01673594
v -0.04244834 -0.06962529 0.02643522
v -0.04206669 -0.06921006 0.01432070
v -0.04002787 -0.07026703 0.01673594
v -0.03493586 -0.06436561 -0.13578823
v -0.03453412 -0.06421461 -0.13774341
v -0.03296735 -0.06462985 -0.13841432
v -0.03017528 -0.06612722 -0.13584573
v -0.03065736 -0.06613980 -0.13337298
v -0.03090845 -0.06620272 -0.13095775
v -0.03115953 -0.06626564 -0.12852334
v -0.03138049 -0.06632855 -0.12610810
v -0.03630176 -0.06392520 -0.13379469
v -0.02970324 -0.06652988 -0.13095775
v -0.02792555 -0.06680670 -0.13337298
v -0.02550509 -0.06816566 -0.11884323
v -0.02745351 -0.06897098 -0.09704858
v -0.02792555 -0.06913456 -0.09219894
v -0.02550509 -0.06788884 -0.12369286
v -0.02550509 -0.06747360 -0.13095775
v -0.02550509 -0.06719677 -0.13578823
v -0.03034602 -0.06552324 -0.13822263
v -0.02550509 -0.06675637 -0.13780092
v -0.02550509 -0.06617755 -0.13902770
v -0.02402871 -0.06632855 -0.13931524
v -0.02241172 -0.06649213 -0.13958360
v -0.02066416 -0.06666829 -0.13987112
v -0.01824370 -0.06685704 -0.14023532
v -0.01582323 -0.06691995 -0.14046534
v -0.01340277 -0.06694512 -0.14056119
v -0.01098231 -0.06695770 -0.14059953
v -0.01340277 -0.06907164 -0.12369286
v -0.00856184 -0.06697029 -0.14056119
v -0.00614138 -0.06697029 -0.14036950
v -0.00372092 -0.06689479 -0.14010115
v -0.00372092 -0.06752393 -0.13822263
v -0.00614138 -0.06793917 -0.13578823
v -0.00856184 -0.06803984 -0.13578823
v -0.01098231 -0.06848024 -0.13095775
v -0.01326216 -0.06874448 -0.12848501
v -0.00856184 -0.06924780 -0.11884323
v -0.00856184 -0.06941139 -0.11642798
v -0.01098231 -0.06932330 -0.11884323
v -0.01098231 -0.06947430 -0.11642798
v 0.00113006 -0.06727227 -0.12369286
v 0.00309857 -0.06659279 -0.12610810
v -0.00657325 -0.06890806 -0.12125846
v -0.00372092 -0.06771268 -0.13578823
v -0.00614138 -0.06842991 -0.12852334
v -0.00614138 -0.06827891 -0.13095775
v 0.00203396 -0.06630338 -0.13578823
v 0.01445767 -0.06880740 0.00090271
v 0.01494980 -0.06910939 0.01190546
v 0.01508036 -0.06915972 0.01432070
v 0.01664714 -0.06869415 0.02158558
v 0.01673753 -0.06873190 0.02400082
v 0.01589388 -0.06928556 0.02871628
v 0.01190664 -0.07117299 0.02885046
v 0.01245903 -0.07142466 0.04579546
v 0.01351359 -0.07078292 0.04096498
v 0.01841478 -0.06839216 0.03853058
v 0.01249920 -0.07146241 0.04822987
v 0.01249920 -0.07146241 0.04824903
v 0.00918487 -0.06371129 -0.13578823
v 0.00961674 -0.06396295 -0.12982680
v 0.01342320 -0.06928556 -0.00003655
v -0.00129041 -0.06663054 -0.13973694
v 0.00531816 -0.06417686 -0.13969860
v 0.00693515 -0.06386229 -0.13923856
v 0.00606137 -0.06455435 -0.13835680
v 0.00735697 -0.06160993 -0.14192216
v 0.00844166 -0.06349738 -0.13835680
v 0.01176603 -0.06138344 -0.13897020
v 0.01090230 -0.06217617 -0.13818429
v 0.01220794 -0.06164768 -0.13736004
v -0.05013155 -0.06576232 0.04824903
v -0.05013155 -0.06576232 0.04822987
v -0.04609409 -0.06396295 -0.04029050
v -0.04414567 -0.06669346 -0.01232359
v -0.04315137 -0.06853057 0.01190546
v -0.04227760 -0.06934847 0.01917034
v -0.04303085 -0.06846766 0.00947106
v -0.04288020 -0.06841732 0.00705582
v -0.04330202 -0.06379937 -0.07525394
v -0.03767771 -0.06348480 -0.13095775
v -0.03614107 -0.06383712 -0.13578823
v -0.03930474 -0.06182384 -0.13768591
v -0.03527734 -0.06363579 -0.13841432
v -0.03391143 -0.06393778 -0.13937274
v -0.03760741 -0.06315764 -0.13578823
v -0.03230448 -0.06423978 -0.13989029
v -0.03736637 -0.06349738 -0.13314296
v -0.03034602 -0.06449144 -0.14031200
v -0.03034602 -0.06376162 -0.14151962
v -0.01824370 -0.06612722 -0.14144295
v -0.01582323 -0.06629080 -0.14169214
v -0.01340277 -0.06634113 -0.14176881
v -0.01098231 -0.06635372 -0.14180714
v -0.00856184 -0.06631597 -0.14176881
v -0.00614138 -0.06608948 -0.14157712
v -0.00372092 -0.06573715 -0.14130876
v -0.00614138 -0.06811534 -0.13337298
v -0.00763785 -0.06879481 -0.12472797
v -0.00698503 -0.06884515 -0.12311781
v 0.01565284 -0.06510800 -0.05345930
v 0.01749078 -0.06434044 -0.04862882
v 0.01919816 -0.06391262 -0.03894870
v 0.01443758 -0.06396295 -0.08612250
v 0.01462841 -0.06406362 -0.08251882
v 0.02196010 -0.06656763 0.03853058
v 0.02049376 -0.06736035 0.03853058
v 0.01825408 -0.06831667 0.03370010
v 0.01926847 -0.06395037 -0.03753023
v 0.01565284 -0.06983920 0.04338022
v 0.02049376 -0.06743585 0.04096498
v 0.01849512 -0.06841732 0.04096498
v 0.01370441 -0.07085842 0.04822987
v 0.01733009 -0.06903389 0.04338022
v 0.01854534 -0.06842991 0.04338022
v 0.01372450 -0.07084584 0.04824903
v 0.01238873 -0.06176093 -0.13578823
v 0.01081191 -0.06293115 -0.13337298
v 0.01675761 -0.05904300 -0.13622909
v 0.01058091 -0.06329605 -0.13074689
v 0.01494980 -0.06184901 -0.11642798
v 0.01511049 -0.06193709 -0.11399358
v 0.01526115 -0.06202517 -0.11157835
v -0.00129041 -0.06538483 -0.14094455
v 0.00164227 -0.06376162 -0.14165379
v 0.00897396 -0.06129536 -0.14151962
v 0.01242890 -0.05935758 -0.14213302
v 0.01015909 -0.06187418 -0.13990946
v 0.00597098 -0.06183643 -0.14211384
v 0.00826088 -0.06042713 -0.14263140
v 0.01081191 -0.05972249 -0.14245888
v 0.01323237 -0.05974765 -0.14058036
v 0.01470876 -0.05926950 -0.13975610
v 0.01925842 -0.05667740 -0.13937274
v 0.01969029 -0.05694165 -0.13776258
v -0.05842741 -0.05925692 0.04824903
v -0.05077433 -0.05657674 -0.10672870
v -0.04601375 -0.06392520 -0.04190066
v -0.04355311 -0.06391262 -0.07040430
v -0.04641549 -0.06181126 -0.07283870
v -0.04632509 -0.06173576 -0.07525394
v -0.04486880 -0.06278015 -0.07525394
v -0.04486880 -0.06291856 -0.07283870
v -0.04426619 -0.06196225 -0.09463335
v -0.04303085 -0.06366096 -0.08010358
v -0.04002787 -0.06296890 -0.11884323
v -0.04002787 -0.06254107 -0.12610810
v -0.03985713 -0.06220133 -0.13337298
v -0.04375398 -0.05918142 -0.13720670
v -0.04631505 -0.05682840 -0.13966027
v -0.04007809 -0.06108145 -0.13839515
v -0.03873227 -0.06148410 -0.13931524
v -0.03704498 -0.06189934 -0.14063786
v -0.03779823 -0.06236491 -0.13839515
v -0.03967635 -0.06206292 -0.13578823
v -0.03518694 -0.06283048 -0.14063786
v -0.03296735 -0.06361063 -0.14067620
v -0.02722251 -0.06405103 -0.14199883
v -0.03518694 -0.06193709 -0.14228636
v -0.03276648 -0.06232716 -0.14266973
v -0.02550509 -0.06421461 -0.14222886
v -0.02308463 -0.06444110 -0.14255471
v -0.02066416 -0.06466760 -0.14284225
v -0.01832404 -0.06476826 -0.14326395
v -0.01582323 -0.06529675 -0.14305310
v -0.01340277 -0.06537224 -0.14305310
v -0.01340277 -0.06418944 -0.14441407
v -0.01174561 -0.06407620 -0.14433740
v -0.00614138 -0.06488151 -0.14255471
v -0.00129041 -0.06417686 -0.14201800
v 0.00002528 -0.06398812 -0.14186465
v 0.02028285 -0.06335897 -0.03664848
v 0.02081515 -0.06345963 -0.02926858
v 0.02117672 -0.06366096 -0.02200370
v 0.01693840 -0.06159735 -0.10141901
v 0.02406922 -0.06391262 0.01917034
v 0.02411944 -0.06395037 0.02053131
v 0.02482248 -0.06462985 0.04571878
v 0.02482248 -0.06474309 0.04801901
v 0.02202036 -0.06660537 0.04096498
v 0.02254262 -0.06217617 -0.03168382
v 0.02263301 -0.06225166 -0.02926858
v 0.02442074 -0.06176093 -0.01473882
v 0.02204045 -0.06659279 0.04338022
v 0.02049376 -0.06742328 0.04338022
v 0.01565284 -0.06985179 0.04824903
v 0.01732004 -0.06903389 0.04579546
v 0.01997151 -0.05711781 -0.13578823
v 0.01583362 -0.05967215 -0.13555820
v 0.01410615 -0.06133311 -0.12852334
v 0.01728991 -0.05938275 -0.12852334
v 0.01867590 -0.05872843 -0.12610810
v 0.01632575 -0.06119469 -0.11399358
v 0.01646636 -0.06128278 -0.11157835
v 0.00355052 -0.06223908 -0.14240138
v 0.01693840 -0.05674032 -0.14192216
v 0.01403585 -0.05887942 -0.14136627
v 0.01387515 -0.05641316 -0.14412654
v 0.01565284 -0.05715556 -0.14240138
v 0.00839145 -0.05855227 -0.14399235
v 0.01081191 -0.05817478 -0.14368566
v 0.01750083 -0.05709264 -0.14063786
v 0.02189984 -0.05445022 -0.13966027
v 0.02049376 -0.05613634 -0.13841432
v 0.02118676 -0.05632508 -0.13578823
v -0.05963262 -0.05814961 0.04824903
v -0.05963262 -0.05814961 0.04822987
v -0.05591656 -0.05442505 -0.06313941
v -0.05198958 -0.05536878 -0.10672870
v -0.05189919 -0.05529327 -0.10916310
v -0.05067389 -0.05650124 -0.10916310
v -0.04796217 -0.05874101 -0.10431346
v -0.04537097 -0.06103111 -0.09704858
v -0.04415572 -0.06187418 -0.09704858
v -0.04194616 -0.06202517 -0.11642798
v -0.04207673 -0.06210067 -0.11399358
v -0.04232781 -0.06225166 -0.10916310
v -0.04107238 -0.06142119 -0.13337298
v -0.04088156 -0.06130794 -0.13578823
v -0.04170512 -0.06186159 -0.12125846
v -0.04133351 -0.06159735 -0.12852334
v -0.04779143 -0.05623700 -0.13822263
v -0.04244834 -0.06025097 -0.13578823
v -0.04386446 -0.05925692 -0.13578823
v -0.04908703 -0.05473963 -0.13990946
v -0.04109247 -0.05894234 -0.14167297
v -0.03654280 -0.06162251 -0.14196050
v -0.04171516 -0.05939533 -0.14006281
v -0.01917774 -0.06387487 -0.14422238
v -0.03518694 -0.06032647 -0.14326395
v -0.03292717 -0.06032647 -0.14393485
v -0.03034602 -0.06110661 -0.14404987
v -0.01756075 -0.06405103 -0.14433740
v -0.01582323 -0.06417686 -0.14441407
v -0.02448066 -0.05672774 -0.14669513
v -0.02417936 -0.05672774 -0.14669513
v -0.01340277 -0.06274240 -0.14481661
v 0.00597098 -0.05262568 -0.14704015
v 0.00839145 -0.05239919 -0.14696349
v -0.00255588 -0.06152185 -0.14426073
v -0.01013866 -0.06381195 -0.14420321
v -0.00129041 -0.06274240 -0.14309144
v 0.00094927 -0.06286823 -0.14251638
v 0.02049376 -0.06308214 -0.03894870
v 0.02482248 -0.06157219 -0.01232359
v 0.02482248 -0.06328347 0.01917034
v 0.02482248 -0.06474309 0.04824903
v 0.02324566 -0.06583781 0.04824903
v 0.01807330 -0.06020064 -0.11157835
v 0.02068459 -0.05841385 -0.11157835
v 0.02250245 -0.05728139 -0.10916310
v 0.02405918 -0.05906817 -0.06313941
v 0.02411944 -0.05910592 -0.06177845
v 0.02482248 -0.06137086 -0.01560141
v 0.02417970 -0.05915625 -0.06016829
v 0.02322557 -0.06585040 0.04822987
v 0.02204045 -0.06656763 0.04579546
v 0.02202036 -0.06654246 0.04824903
v 0.02049376 -0.06738552 0.04579546
v 0.01847504 -0.06839216 0.04824903
v 0.02012216 -0.05721847 -0.13337298
v 0.01882656 -0.05881651 -0.12369286
v 0.01896716 -0.05890459 -0.12125846
v 0.01909773 -0.05899267 -0.11884323
v 0.01581353 -0.05555752 -0.14372400
v 0.01788248 -0.05536878 -0.14249721
v 0.01954968 -0.05448796 -0.14211384
v 0.01225816 -0.05676549 -0.14431823
v 0.01000844 -0.05210978 -0.14681013
v 0.01511049 -0.05480254 -0.14445240
v 0.01672748 -0.05416081 -0.14422238
v 0.00642294 -0.05887942 -0.14416488
v 0.02428013 -0.05200912 -0.13962193
v 0.02347666 -0.05358199 -0.13822263
v 0.02227145 -0.05480254 -0.13822263
v 0.02116667 -0.05380849 -0.14127043
v 0.02206054 -0.05219786 -0.14226719
v 0.02278366 -0.05291509 -0.14044617
v 0.02259284 -0.05511711 -0.13578823
v 0.02132737 -0.05642574 -0.13337298
v -0.06075749 -0.05695423 0.04824903
v -0.05807589 -0.05414823 -0.03409906
v -0.05583621 -0.05433697 -0.06557382
v -0.05352622 -0.05448796 -0.09704858
v -0.05791520 -0.05398465 -0.03894870
v -0.05333540 -0.05426147 -0.10289499
v -0.05320484 -0.05409789 -0.10672870
v -0.05171841 -0.05509195 -0.11399358
v -0.04946868 -0.05735689 -0.10916310
v -0.05161798 -0.05499128 -0.11642798
v -0.05110576 -0.05446280 -0.12852334
v -0.05100533 -0.05434955 -0.13095775
v -0.05094507 -0.05428664 -0.13235705
v -0.05055337 -0.05640058 -0.11157835
v -0.04894642 -0.05700456 -0.11884323
v -0.04907699 -0.05709264 -0.11642798
v -0.04759056 -0.05848935 -0.11157835
v -0.04650587 -0.05940791 -0.10916310
v -0.04465789 -0.06085495 -0.10672870
v -0.04390463 -0.06171060 -0.10189822
v -0.04400507 -0.05935758 -0.13337298
v -0.04709844 -0.05846419 -0.11660050
v -0.04440680 -0.05963440 -0.12610810
v -0.04944860 -0.05502903 -0.13822263
v -0.04679714 -0.05719331 -0.13578823
v -0.04800234 -0.05633766 -0.13578823
v -0.05065381 -0.05399723 -0.13822263
v -0.05140706 -0.05243694 -0.13994779
v -0.04978003 -0.05310384 -0.14073371
v -0.04366359 -0.05670257 -0.14184548
v -0.03947548 -0.05948341 -0.14213302
v -0.02850807 -0.06135827 -0.14418404
v -0.02689108 -0.06158477 -0.14429906
v -0.02308463 -0.06032647 -0.14535332
v -0.04407537 -0.04734083 -0.14690598
v -0.03222413 -0.05952116 -0.14445240
v -0.04244834 -0.04780640 -0.14715517
v -0.03034602 -0.05989865 -0.14462492
v -0.02609765 -0.05651382 -0.14663763
v -0.02792555 -0.05502903 -0.14692515
v -0.02537452 -0.05562043 -0.14684848
v 0.00839145 -0.05063757 -0.14727018
v 0.02482248 0.03855060 0.04824903
v 0.02159854 -0.05661449 -0.12852334
v 0.01928855 -0.05911850 -0.11522036
v 0.02174919 -0.05672774 -0.12536053
v 0.02239197 -0.05720589 -0.11157835
v 0.02371770 -0.05631250 -0.10916310
v 0.02482248 -0.05838869 -0.06313941
v 0.02482248 -0.05855227 -0.06064750
v 0.02025272 -0.05731913 -0.13095775
v 0.02038329 -0.05741980 -0.12852334
v 0.01807330 -0.05361974 -0.14381985
v 0.02025272 -0.05285218 -0.14299559
v 0.01081191 -0.05061241 -0.14696349
v 0.01161538 -0.05140513 -0.14658011
v 0.01934882 -0.05189587 -0.14427989
v 0.01807330 -0.05241177 -0.14447157
v 0.01323237 -0.05306609 -0.14558335
v 0.02367753 -0.05135480 -0.14123209
v 0.02482248 -0.05105281 -0.14010115
v 0.02482248 -0.05216011 -0.13822263
v 0.02462161 -0.05237402 -0.13822263
v 0.02380809 -0.05392173 -0.13578823
v 0.02441070 -0.04973160 -0.14211384
v 0.02096581 -0.05110314 -0.14387735
v 0.02271336 -0.05042366 -0.14299559
v 0.02390853 -0.05403498 -0.13337298
v 0.02360722 -0.05621183 -0.11157835
v -0.06077757 -0.05692907 0.04824903
v -0.06076753 -0.05694165 0.04822987
v -0.06060683 -0.05184554 -0.02305797
v -0.05578599 -0.05428664 -0.06695396
v -0.05783485 -0.05389656 -0.04136394
v -0.05767416 -0.05370782 -0.04621358
v -0.05889945 -0.05276410 -0.03894870
v -0.05866845 -0.05249985 -0.04621358
v -0.06025532 -0.04657327 -0.09463335
v -0.05648903 -0.05031041 -0.10431346
v -0.05311444 -0.05398465 -0.10916310
v -0.05302405 -0.05387140 -0.11157835
v -0.05282318 -0.05364491 -0.11642798
v -0.05262232 -0.05340583 -0.12125846
v -0.05172845 -0.05326741 -0.13323881
v -0.05170837 -0.05278926 -0.13822263
v -0.05086472 -0.05421114 -0.13396721
v -0.05029225 -0.05619925 -0.11642798
v -0.04814295 -0.05643833 -0.13337298
v -0.04719887 -0.05748271 -0.12852334
v -0.05077433 -0.05412306 -0.13578823
v -0.05368692 -0.04984484 -0.13983279
v -0.05282318 -0.04888854 -0.14144295
v -0.05046298 -0.05137997 -0.14157712
v -0.04885604 -0.05216011 -0.14201800
v -0.04646570 -0.04974418 -0.14447157
v -0.02550509 -0.06032647 -0.14504663
v -0.02792555 -0.05791053 -0.14583254
v -0.04569236 -0.04658585 -0.14648427
v -0.04645566 -0.04497523 -0.14684848
v -0.04487884 -0.04578054 -0.14715517
v -0.02968315 -0.05465154 -0.14682930
v -0.02792555 -0.05623700 -0.14652261
v -0.04244834 -0.04579312 -0.14757688
v 0.01807330 0.01473102 -0.14750020
v 0.02049376 0.00988657 -0.14744270
v 0.02482248 -0.03129753 -0.14698265
v 0.02482248 -0.03351213 -0.14688682
v 0.02482248 -0.03459427 -0.14681013
v 0.02341640 0.03960757 0.04824903
v 0.02482248 0.03855060 0.04822987
v 0.02167889 -0.05666482 -0.12697069
v 0.02479235 -0.05500387 -0.11157835
v 0.02482248 -0.05504162 -0.11073492
v 0.02482248 -0.05516745 -0.10916310
v 0.02482248 -0.05534361 -0.10672870
v 0.02441070 -0.05457605 -0.12125846
v 0.02461157 -0.05478996 -0.11642798
v 0.02449105 -0.03533667 -0.14677180
v 0.02482248 -0.03639364 -0.14650344
v 0.02482248 -0.03854533 -0.14610090
v 0.01234855 -0.04979451 -0.14677180
v 0.02482248 -0.04094868 -0.14560252
v 0.02412948 -0.04700109 -0.14426073
v 0.02174919 -0.04949252 -0.14427989
v 0.02029290 -0.05043625 -0.14443323
v 0.02482248 -0.05065015 -0.14059953
v 0.02482248 -0.05258794 -0.13666997
v 0.02482248 -0.05277668 -0.13597990
v 0.02482248 -0.05282701 -0.13578823
v 0.02482248 -0.05301576 -0.13379469
v 0.02482248 -0.05012167 -0.14117458
v 0.02482248 -0.04891370 -0.14230552
v 0.02482248 -0.05305351 -0.13337298
v 0.02482248 -0.05413564 -0.12125846
v -0.06605037 -0.05015942 0.04824903
v -0.06604032 -0.05017200 0.04822987
v -0.06549798 -0.04947994 0.02885046
v -0.05859815 -0.05239919 -0.04862882
v -0.06320808 -0.04965610 -0.00747394
v -0.06120944 -0.04536530 -0.09463335
v -0.05844750 -0.05218528 -0.05345930
v -0.06033566 -0.04667393 -0.09219894
v -0.06095835 -0.04502556 -0.10189822
v -0.06069723 -0.04469841 -0.10916310
v -0.05998414 -0.04624611 -0.10189822
v -0.05971297 -0.04590637 -0.10916310
v -0.05691086 -0.04822164 -0.12125846
v -0.05382753 -0.05243694 -0.11642798
v -0.05363670 -0.05219786 -0.12125846
v -0.05209002 -0.05306609 -0.13095775
v -0.05391792 -0.05012167 -0.13822263
v -0.05820646 -0.04461032 -0.13944941
v -0.05595673 -0.04722758 -0.13964110
v -0.05625803 -0.04759249 -0.13578823
v -0.05847763 -0.04492490 -0.13578823
v -0.05443013 -0.04805806 -0.14054202
v -0.05354631 -0.04727792 -0.14199883
v -0.05121624 -0.04975676 -0.14201800
v -0.04967960 -0.05059982 -0.14240138
v -0.04807265 -0.04898920 -0.14404987
v -0.04968964 -0.04575538 -0.14483578
v -0.05364675 -0.04247122 -0.14441407
v -0.05602704 -0.04001754 -0.14439490
v -0.04726918 -0.04322620 -0.14702099
v -0.04486880 -0.04337719 -0.14750020
v -0.05214023 0.00504212 -0.14728935
v -0.04728926 0.01230250 -0.14734686
v -0.04486880 0.01473102 -0.14736603
v 0.01081191 0.02199140 -0.14755772
v 0.01565284 0.01714695 -0.14751937
v 0.02049376 0.01230250 -0.14744270
v 0.01323237 0.01957546 -0.14753854
v 0.01323237 0.02197882 -0.14707850
v 0.01563275 0.01953771 -0.14705932
v 0.02292427 0.00745805 -0.14727018
v 0.02308497 0.01003756 -0.14725101
v 0.02482248 0.00770971 -0.14696349
v 0.02482248 -0.03563866 -0.14663763
v 0.02222123 0.04050096 0.04824903
v 0.02221119 0.04051355 0.04822987
v 0.02482248 0.03584526 -0.04571520
v 0.02482248 -0.05496612 -0.11163585
v 0.02482248 -0.05456346 -0.11642798
v 0.02482248 -0.04484940 -0.14456742
v 0.02482248 -0.04647261 -0.14393485
v 0.02482248 -0.04760508 -0.14320645
v -0.06725558 -0.04837264 0.04824903
v -0.06696431 -0.04822164 0.04096498
v -0.06538750 -0.04447191 -0.03168382
v -0.06535737 -0.04927861 0.02400082
v -0.06261552 -0.04383018 -0.08736846
v -0.06255526 -0.04369177 -0.08978370
v -0.06059679 -0.04211889 -0.13670830
v -0.06531720 -0.04437125 -0.03409906
v -0.06063696 -0.04462291 -0.11073492
v -0.05866845 -0.04516398 -0.13095775
v -0.05776455 -0.04649777 -0.12852334
v -0.05572574 -0.04937927 -0.12434460
v -0.05513317 -0.04864946 -0.13822263
v -0.06074744 -0.04011820 -0.13962193
v -0.05866845 -0.04337719 -0.13992863
v -0.05748333 -0.04337719 -0.14113624
v -0.05516330 -0.04623353 -0.14125126
v -0.05612747 -0.04744150 -0.13822263
v -0.05832698 -0.04474874 -0.13822263
v -0.05937149 -0.04337719 -0.13822263
v -0.06045618 -0.04181690 -0.13822263
v -0.05856802 -0.04505073 -0.13337298
v -0.05986362 -0.04316328 -0.13586490
v -0.05626808 -0.04337719 -0.14226719
v -0.05703138 -0.04098643 -0.14312978
v -0.05526373 -0.04162816 -0.14399235
v -0.05579604 -0.04462291 -0.14186465
v -0.05209002 -0.04575538 -0.14358983
v -0.04968964 -0.04819647 -0.14360899
v -0.05772437 -0.03853274 -0.14395402
v -0.05810602 -0.03712345 -0.14422238
v -0.05650912 -0.03853274 -0.14458659
v -0.04861499 -0.04230764 -0.14673346
v -0.05170837 -0.03611681 -0.14696349
v -0.04728926 -0.04094868 -0.14730853
v -0.04903682 -0.04094868 -0.14688682
v -0.05411879 -0.03127236 -0.14696349
v -0.05456070 -0.02642792 -0.14711684
v -0.05456070 -0.02399940 -0.14715517
v -0.04970973 0.00988657 -0.14725101
v -0.05647899 -0.02399940 -0.14696349
v -0.05447031 0.00262619 -0.14704015
v -0.05411879 0.00504212 -0.14700182
v -0.05228084 0.00758388 -0.14707850
v -0.04732944 0.01469327 -0.14705932
v -0.04489893 0.01717212 -0.14707850
v -0.04244834 0.01714695 -0.14736603
v -0.04002787 0.01957546 -0.14730853
v -0.02550509 0.02683584 -0.14717434
v -0.01824370 0.02925178 -0.14713601
v 0.00597098 0.02441991 -0.14744270
v 0.00854210 0.02462124 -0.14723184
v 0.01081191 0.02396693 -0.14705932
v 0.01799295 0.01704629 -0.14702099
v 0.02037324 0.01450452 -0.14696349
v 0.01241886 0.02346361 -0.14682930
v 0.01403585 0.02278412 -0.14654177
v 0.01480919 0.02117351 -0.14681013
v 0.01642618 0.02031786 -0.14652261
v 0.01713926 0.01870724 -0.14679096
v 0.02225136 0.01230250 -0.14694432
v 0.02466178 0.00933292 -0.14692515
v 0.02482248 0.00846469 -0.14692515
v 0.02220115 0.04051355 0.04824903
v 0.02048372 0.04152019 0.04824903
v 0.00992809 0.04515667 0.01673594
v 0.01010887 0.04523217 0.01917034
v 0.01026957 0.04529508 0.02158558
v 0.01038004 0.04535800 0.02400082
v 0.01060100 0.04547124 0.02885046
v 0.00887353 0.04708186 0.04822987
v 0.01081191 0.04617589 0.04822987
v 0.01564279 0.04389837 0.04824903
v 0.01763139 0.04295464 0.04824903
v 0.01885669 0.04236324 0.04822987
v 0.02482248 0.03340416 -0.07048097
v 0.01526115 0.03337900 -0.13095775
v 0.01323237 0.03436047 -0.13095775
v 0.01137434 0.03501478 -0.13337298
v 0.00475573 0.03773271 -0.13691916
v -0.06795862 -0.04715209 0.04824903
v -0.06795862 -0.04716467 0.04822987
v -0.06791844 -0.04707659 0.04579546
v -0.06788832 -0.04702626 0.04433866
v -0.06724553 -0.04799514 0.04347607
v -0.06786822 -0.04214406 -0.01088594
v -0.06784813 -0.04695076 0.04272850
v -0.06565867 -0.04254671 -0.04621358
v -0.06326834 -0.04262221 -0.08736846
v -0.06249500 -0.04354077 -0.09219894
v -0.06328843 -0.03789101 -0.12369286
v -0.06526698 -0.03441811 -0.11642798
v -0.06310765 -0.03748836 -0.12852334
v -0.06231421 -0.03853274 -0.13337298
v -0.06212339 -0.03853274 -0.13578823
v -0.06542767 -0.02997632 -0.13661247
v -0.06317795 -0.03526117 -0.13774341
v -0.06094831 -0.04060894 -0.13822263
v -0.06527702 -0.03937580 -0.08010358
v -0.06584950 -0.03816784 -0.08010358
v -0.06696431 -0.03611681 -0.07766918
v -0.06681366 -0.03611681 -0.08010358
v -0.06770753 -0.04181690 -0.01715406
v -0.06301725 -0.03485851 -0.13935358
v -0.06016492 -0.03853274 -0.14123209
v -0.05854793 -0.04033211 -0.14228636
v -0.05948197 -0.04103676 -0.14065703
v -0.05802568 -0.04194273 -0.14167297
v -0.05894967 -0.03853274 -0.14274640
v -0.06360982 -0.02642792 -0.14253555
v -0.06036579 -0.03127236 -0.14408821
v -0.06060683 -0.03003923 -0.14426073
v -0.05698116 -0.03127236 -0.14575587
v -0.05698116 -0.03368830 -0.14533416
v -0.05532400 -0.03127236 -0.14650344
v -0.05717198 -0.03623006 -0.14479744
v -0.05456070 -0.03611681 -0.14590922
v -0.05456070 -0.03853274 -0.14535332
v -0.05071407 -0.03940097 -0.14661846
v -0.05120620 -0.03779035 -0.14679096
v -0.05330527 -0.03483335 -0.14667596
v -0.05372709 -0.03321014 -0.14684848
v -0.05591656 -0.02807629 -0.14675263
v -0.05618773 -0.02642792 -0.14686765
v -0.05567551 0.00262619 -0.14665679
v -0.05769424 -0.02399940 -0.14648427
v -0.05940162 -0.02158347 -0.14581337
v -0.06314782 -0.01673902 -0.14433740
v -0.06310765 -0.01432309 -0.14431823
v -0.05940162 -0.00221826 -0.14554501
v -0.05698116 0.00019767 -0.14629258
v -0.05940162 0.00019767 -0.14543001
v -0.05533404 0.00504212 -0.14648427
v -0.05368692 0.00685407 -0.14684848
v -0.05145728 0.00988657 -0.14688682
v -0.04962938 0.01210117 -0.14694432
v -0.04876565 0.01386279 -0.14679096
v -0.04654605 0.01639197 -0.14686765
v -0.04410550 0.01874499 -0.14686765
v -0.04228764 0.01956288 -0.14702099
v -0.03763754 0.02210465 -0.14709767
v -0.03274639 0.02454574 -0.14707850
v -0.02308463 0.02882396 -0.14704015
v -0.02068425 0.02942794 -0.14704015
v -0.01824370 0.03069882 -0.14681013
v -0.01582323 0.03077432 -0.14684848
v -0.01340277 0.03078690 -0.14684848
v -0.00856184 0.02925178 -0.14709767
v 0.00355052 0.02655902 -0.14709767
v -0.00637238 0.02936503 -0.14702099
v 0.00597098 0.02621928 -0.14694432
v 0.00783906 0.02590470 -0.14681013
v 0.00945605 0.02556496 -0.14665679
v 0.01081191 0.02517489 -0.14644594
v 0.01946934 0.01616548 -0.14677180
v 0.01081191 0.02683584 -0.14554501
v 0.01323237 0.02433183 -0.14608173
v 0.01577336 0.02457091 -0.14500830
v 0.01563275 0.02197882 -0.14621591
v 0.01755104 0.02386626 -0.14460575
v 0.01875625 0.01778868 -0.14646510
v 0.01824404 0.02214239 -0.14500830
v 0.02108632 0.01517142 -0.14638844
v 0.02482248 0.01072963 -0.14631175
v 0.02482248 0.00947133 -0.14679096
v 0.02482248 0.00914417 -0.14688682
v 0.01885669 0.04236324 0.04824903
v 0.00839145 0.04567257 0.01673594
v 0.00839145 0.04581098 0.01917034
v 0.00751767 0.04756002 0.04579546
v 0.00764823 0.04763551 0.04824903
v 0.00887353 0.04708186 0.04824903
v 0.01081191 0.04617589 0.04824903
v 0.02482248 0.02487290 -0.13511733
v 0.02410939 0.02560271 -0.13440809
v 0.02156841 0.02793056 -0.13337298
v 0.01791260 0.03139089 -0.13095775
v 0.01647640 0.03259885 -0.13095775
v 0.01493975 0.03319025 -0.13337298
v 0.01323237 0.03409623 -0.13337298
v 0.00993813 0.03546777 -0.13517483
v 0.00950626 0.03525386 -0.13680416
v 0.00597098 0.03670090 -0.13822263
v 0.00418325 0.03753138 -0.13822263
v 0.00297804 0.03794662 -0.13822263
v 0.00113006 0.03887776 -0.13578823
v 0.00378152 0.03809762 -0.13597990
v -0.06867170 -0.04578054 0.04824903
v -0.06979657 -0.04360369 0.04824903
v -0.06979657 -0.04360369 0.04822987
v -0.06975638 -0.04352819 0.04579546
v -0.07033891 -0.04224472 0.04338022
v -0.06958565 -0.04337719 0.03853058
v -0.06949526 -0.04337719 0.03611535
v -0.07007778 -0.04172882 0.02885046
v -0.07001752 -0.04162816 0.02643522
v -0.06878217 -0.04094868 -0.00505870
v -0.07034895 -0.03985396 0.01432070
v -0.06533728 -0.03463202 -0.11399358
v -0.06517659 -0.03419162 -0.11884323
v -0.06593989 -0.03358763 -0.11157835
v -0.06706475 -0.03127236 -0.10916310
v -0.06689401 -0.03127236 -0.11157835
v -0.06298713 -0.03719895 -0.13153280
v -0.06650232 -0.02642792 -0.13822263
v -0.06575911 -0.02842861 -0.13822263
v -0.06585955 -0.02904518 -0.13578823
v -0.06682371 -0.02642792 -0.13578823
v -0.06528707 -0.02963658 -0.13822263
v -0.06756692 -0.03660755 -0.06313941
v -0.06710492 -0.03611681 -0.07525394
v -0.06769749 -0.03433003 -0.07766918
v -0.06696431 -0.03368830 -0.09463335
v -0.06681366 -0.03368830 -0.09704858
v -0.06593989 -0.03392737 -0.10933562
v -0.07010791 -0.03933805 0.00464058
v -0.06997734 -0.03907381 -0.00020906
v -0.06991708 -0.03892282 -0.00262430
v -0.06556828 -0.02796304 -0.13956443
v -0.06102866 -0.03368830 -0.14242054
v -0.06585955 -0.02642792 -0.13990946
v -0.06385086 -0.02384840 -0.14318728
v -0.06277621 -0.02454047 -0.14408821
v -0.06482507 -0.02642792 -0.14111708
v -0.06524689 -0.02399940 -0.14159629
v -0.06306747 -0.02292985 -0.14429906
v -0.05682047 -0.02886901 -0.14621591
v -0.05560521 -0.02968691 -0.14663763
v -0.05739294 -0.02642792 -0.14633092
v -0.05940162 -0.02399940 -0.14575587
v -0.06182209 -0.02158347 -0.14485494
v -0.06314782 -0.01915495 -0.14433740
v -0.06432290 -0.01432309 -0.14334063
v -0.06402160 -0.01179391 -0.14351314
v -0.06306747 -0.01251114 -0.14429906
v -0.06143039 -0.00221826 -0.14472077
v -0.06111905 0.00019767 -0.14462492
v -0.05958240 0.00272685 -0.14491245
v -0.05698116 0.00504212 -0.14569837
v -0.05698116 0.00745805 -0.14516164
v -0.05319479 0.00846469 -0.14663763
v -0.05701129 0.00967266 -0.14464409
v -0.05612747 0.01230250 -0.14443323
v -0.05578599 0.01354822 -0.14427989
v -0.04816304 0.01547341 -0.14656094
v -0.05266249 0.00988657 -0.14644594
v -0.04572249 0.01800259 -0.14654177
v -0.05342579 0.01600190 -0.14429906
v -0.05214023 0.01659330 -0.14456742
v -0.04489893 0.01956288 -0.14617758
v -0.04500940 0.02450799 -0.14389652
v -0.04428628 0.02376560 -0.14450992
v -0.04328194 0.02537622 -0.14414571
v -0.04299068 0.02036819 -0.14650344
v -0.04137369 0.02087151 -0.14673346
v -0.04002787 0.02128675 -0.14690598
v -0.03518694 0.02386626 -0.14700182
v -0.02550509 0.02832064 -0.14682930
v -0.02150781 0.03034650 -0.14663763
v -0.01989082 0.03058557 -0.14675263
v -0.01582323 0.03198228 -0.14623508
v -0.01582323 0.03409623 -0.14512330
v -0.01340277 0.03409623 -0.14518080
v -0.01098231 0.03074915 -0.14682930
v -0.00372092 0.02876104 -0.14700182
v -0.00129041 0.02843388 -0.14686765
v 0.00355052 0.02925178 -0.14590922
v -0.00856184 0.03058557 -0.14675263
v -0.00732650 0.03047233 -0.14669513
v 0.00442430 0.03280018 -0.14422238
v 0.00597098 0.02742725 -0.14640760
v 0.00767836 0.03078690 -0.14443323
v 0.01081191 0.02858488 -0.14456742
v 0.01505023 0.02601795 -0.14449075
v 0.01666722 0.02547688 -0.14418404
v 0.01824404 0.02457091 -0.14395402
v 0.02071472 0.02462124 -0.14276557
v 0.01916803 0.02304837 -0.14420321
v 0.01982086 0.02143775 -0.14452908
v 0.02057411 0.02214239 -0.14387735
v 0.02434039 0.01620323 -0.14437573
v 0.02482248 0.01530983 -0.14449075
v 0.00355052 0.04656596 0.00705582
v -0.00015550 0.04013606 -0.12208270
v 0.00707576 0.04739644 0.04019824
v 0.00734693 0.04748452 0.04338022
v 0.00595090 0.04816400 0.04824903
v 0.02482248 0.02474707 -0.13584573
v 0.02275353 0.02652127 -0.13578823
v 0.01894708 0.03017034 -0.13337298
v 0.01773182 0.03120214 -0.13337298
v 0.01614496 0.03241010 -0.13337298
v 0.01459828 0.03297634 -0.13482980
v 0.01077174 0.03481346 -0.13590323
v 0.01102282 0.03376907 -0.13841432
v 0.00783906 0.03569426 -0.13822263
v 0.01326250 0.03345449 -0.13569238
v 0.00734693 0.03540486 -0.13958360
v 0.00597098 0.03578235 -0.14013948
v 0.00238548 0.03774529 -0.13944941
v 0.00113006 0.03838702 -0.13822263
v 0.00113006 0.03904134 -0.13337298
v -0.00129041 0.03934333 -0.13578823
v -0.00486587 0.04016122 -0.13463811
v -0.00856184 0.04100428 -0.13337298
v -0.00614138 0.04052613 -0.13337298
v -0.00417287 0.04031222 -0.13095775
v -0.00163188 0.04033738 -0.12369286
v -0.00041663 0.04008573 -0.12369286
v -0.07040921 -0.04240830 0.04824903
v -0.07037908 -0.04232022 0.04579546
v -0.07154412 -0.03992946 0.04824903
v -0.07180524 -0.03853274 0.03611535
v -0.07165459 -0.03853274 0.03126570
v -0.07067034 -0.04052085 0.02885046
v -0.07025856 -0.04206856 0.03853058
v -0.07012800 -0.04181690 0.03126570
v -0.07062012 -0.04042019 0.02643522
v -0.07051969 -0.04019370 0.02158558
v -0.07046947 -0.04008045 0.01917034
v -0.07040921 -0.03996720 0.01673594
v -0.07074065 -0.03874666 0.01196297
v -0.07068039 -0.03813009 0.00464058
v -0.07062012 -0.03800426 0.00220617
v -0.06651236 -0.03127236 -0.11642798
v -0.06651236 -0.02884385 -0.12852334
v -0.06769749 -0.03188893 -0.09463335
v -0.06762718 -0.03170019 -0.09704858
v -0.06754684 -0.03152402 -0.09946381
v -0.06790840 -0.03016506 -0.10124649
v -0.06702458 -0.02884385 -0.12125846
v -0.06686389 -0.02884385 -0.12369286
v -0.06669314 -0.02884385 -0.12610810
v -0.06707480 -0.02399940 -0.13822263
v -0.06697436 -0.02642792 -0.13337298
v -0.06736605 -0.02399940 -0.13578823
v -0.07054982 -0.03786585 -0.00020906
v -0.06801888 -0.03524859 -0.06557382
v -0.06615080 -0.02399940 -0.14038867
v -0.06543772 -0.02260269 -0.14182631
v -0.06311769 -0.02158347 -0.14431823
v -0.06454385 -0.02170930 -0.14286142
v -0.06556828 -0.01915495 -0.14199883
v -0.06565867 -0.01673902 -0.14209467
v -0.06572898 -0.01432309 -0.14213302
v -0.06573902 -0.01190716 -0.14211384
v -0.06424255 -0.00706271 -0.14311061
v -0.06570889 -0.00949122 -0.14205633
v -0.06564863 -0.00706271 -0.14199883
v -0.06301725 -0.01090052 -0.14426073
v -0.06277621 -0.00464677 -0.14410737
v -0.06263560 -0.00221826 -0.14393485
v -0.06080770 0.00199704 -0.14443323
v -0.05820646 0.00872894 -0.14427989
v -0.05784490 0.01033956 -0.14403070
v -0.05734272 0.01230250 -0.14366649
v -0.05837719 0.01377471 -0.14207550
v -0.05676020 0.01446677 -0.14295726
v -0.05504278 0.01515884 -0.14383902
v -0.04601375 0.02798090 -0.14178798
v -0.04440680 0.02877363 -0.14217135
v -0.04679714 0.02142516 -0.14456742
v -0.04260903 0.02945310 -0.14247805
v -0.04166495 0.02589212 -0.14439490
v -0.04351293 0.03038425 -0.14174964
v -0.03847114 0.02298545 -0.14659928
v -0.03685415 0.02346361 -0.14681013
v -0.03518694 0.02507423 -0.14642677
v -0.03353982 0.02543913 -0.14659928
v -0.02308463 0.03004451 -0.14648427
v -0.03034602 0.02731400 -0.14635009
v -0.02550509 0.02954119 -0.14625425
v -0.02696138 0.03298892 -0.14431823
v -0.02782512 0.03392007 -0.14368566
v -0.02550509 0.03321542 -0.14445240
v -0.02550509 0.03442338 -0.14378151
v -0.02308463 0.03351741 -0.14464409
v -0.02066416 0.03378165 -0.14479744
v -0.01887643 0.03519094 -0.14420321
v -0.01725944 0.03535452 -0.14429906
v -0.01582323 0.03549294 -0.14435656
v -0.01340277 0.03559360 -0.14441407
v -0.01098231 0.03409623 -0.14508497
v -0.00129041 0.02964185 -0.14633092
v 0.00359069 0.03186904 -0.14473994
v -0.00856184 0.03180612 -0.14610090
v -0.01098231 0.03548035 -0.14435656
v -0.00953605 0.03535452 -0.14429906
v -0.00372092 0.03360549 -0.14466326
v 0.00113006 0.03315250 -0.14441407
v 0.00280731 0.03298892 -0.14431823
v 0.00597098 0.03244786 -0.14395402
v -0.00129041 0.03459954 -0.14378151
v 0.00113006 0.03437305 -0.14353231
v 0.00113006 0.03571943 -0.14232469
v 0.00311865 0.03549294 -0.14207550
v 0.00473564 0.03530419 -0.14184548
v 0.00929535 0.03027100 -0.14414571
v 0.01217781 0.02814448 -0.14431823
v 0.01379481 0.02762857 -0.14401154
v 0.01577336 0.02682326 -0.14372400
v 0.01810343 0.02693651 -0.14266973
v 0.02004181 0.02619411 -0.14226719
v 0.02482248 0.01591382 -0.14424154
v 0.02369762 0.01781385 -0.14404987
v 0.02165880 0.02556496 -0.14176881
v 0.02220115 0.02395434 -0.14220969
v 0.00145144 0.04718253 0.00705582
v -0.00480560 0.04261490 -0.10126566
v 0.00353043 0.04879315 0.04824903
v 0.00024623 0.04750968 0.00705582
v 0.02482248 0.02420600 -0.13822263
v 0.02365744 0.02521264 -0.13822263
v 0.02245223 0.02624445 -0.13822263
v 0.02132737 0.02772924 -0.13578823
v 0.02011212 0.02873588 -0.13578823
v 0.01977064 0.02843388 -0.13822263
v 0.01859556 0.02994384 -0.13578823
v 0.01738031 0.03086240 -0.13578823
v 0.01551223 0.03210811 -0.13569238
v 0.01704887 0.03058557 -0.13732170
v 0.01409611 0.03268693 -0.13643995
v 0.01196690 0.03286309 -0.13933441
v 0.01247912 0.03316509 -0.13772425
v 0.01891695 0.02780474 -0.14140460
v 0.01419654 0.03032133 -0.14161546
v 0.00947613 0.03282535 -0.14174964
v 0.00597098 0.03497704 -0.14134710
v 0.00113006 0.03785854 -0.13962193
v -0.00129041 0.03880226 -0.13822263
v 0.00113006 0.03692740 -0.14082955
v -0.00699507 0.03780821 -0.14194133
v -0.00392178 0.03982148 -0.13559654
v -0.00614138 0.04029964 -0.13509816
v -0.00860202 0.04047580 -0.13592240
v -0.01098231 0.04070229 -0.13578823
v -0.01098231 0.04119303 -0.13337298
v -0.01098231 0.04138177 -0.13095775
v -0.00856184 0.04118045 -0.13095775
v -0.00614138 0.04160827 -0.11884323
v -0.00614138 0.04089104 -0.12852334
v -0.00372092 0.04111753 -0.11884323
v -0.00372092 0.04129369 -0.11642798
v -0.00372092 0.04164602 -0.11157835
v -0.07228733 -0.03826850 0.04824903
v -0.07270916 -0.03728703 0.04748229
v -0.07308075 -0.03570157 0.03611535
v -0.07245807 -0.03672080 0.03126570
v -0.07147381 -0.03853274 0.02643522
v -0.07137338 -0.03853274 0.02400082
v -0.07116247 -0.03853274 0.01917034
v -0.07105199 -0.03853274 0.01673594
v -0.07210655 -0.03611681 0.01673594
v -0.07270916 -0.03485851 0.01826942
v -0.07111224 -0.03611681 -0.00262430
v -0.07029873 -0.03248033 -0.04260990
v -0.07207642 -0.03127236 -0.01715406
v -0.07028869 -0.02515703 -0.07862760
v -0.06739618 -0.02642792 -0.12610810
v -0.06711497 -0.02642792 -0.13095775
v -0.07264890 -0.02977499 -0.01473882
v -0.07227728 -0.02884385 -0.02683418
v -0.07214672 -0.02884385 -0.02926858
v -0.07201616 -0.02884385 -0.03168382
v -0.06726562 -0.02158347 -0.13822263
v -0.06646215 -0.01915495 -0.14063786
v -0.06751670 -0.02399940 -0.13337298
v -0.06784813 -0.02227553 -0.13095775
v -0.06776779 -0.02143247 -0.13318131
v -0.06754684 -0.02158347 -0.13578823
v -0.07124281 -0.03611681 -0.00020906
v -0.07047951 -0.03771485 -0.00262430
v -0.06613072 -0.02170930 -0.14086788
v -0.06549798 -0.02097948 -0.14192216
v -0.06662284 -0.01673902 -0.14063786
v -0.06676344 -0.01432309 -0.14063786
v -0.06683375 -0.01190716 -0.14063786
v -0.06685384 -0.00949122 -0.14063786
v -0.06678354 -0.00706271 -0.14063786
v -0.06555824 -0.00545209 -0.14194133
v -0.06232426 0.00019767 -0.14349397
v -0.06535737 -0.00384146 -0.14173047
v -0.06050640 0.00362024 -0.14418404
v -0.05868854 0.01230250 -0.14245888
v -0.06061688 0.01352305 -0.13943025
v -0.05773442 0.01539792 -0.14119376
v -0.05611743 0.01629131 -0.14222886
v -0.05143719 0.02136225 -0.14226719
v -0.04836391 0.02548947 -0.14165379
v -0.05828681 0.01603965 -0.13956443
v -0.04647574 0.02849680 -0.14015865
v -0.04505962 0.02944052 -0.14096374
v -0.04002787 0.02925178 -0.14324478
v -0.04002787 0.02756566 -0.14404987
v -0.04002787 0.02635769 -0.14462492
v -0.04190599 0.03077432 -0.14201800
v -0.03870214 0.03283793 -0.14178798
v -0.04410550 0.03077432 -0.14013948
v -0.04260903 0.03127764 -0.14082955
v -0.03949557 0.03324058 -0.14017782
v -0.03772793 0.02702459 -0.14489328
v -0.03518694 0.03168029 -0.14322562
v -0.03291713 0.03429755 -0.14247805
v -0.03371056 0.03035908 -0.14420321
v -0.03284683 0.02942794 -0.14483578
v -0.03210362 0.03071140 -0.14437573
v -0.02856833 0.03266177 -0.14416488
v -0.03034602 0.02925178 -0.14543001
v -0.03034602 0.03409623 -0.14311061
v -0.03221409 0.03560619 -0.14199883
v -0.03034602 0.03593334 -0.14219052
v -0.02792555 0.03623533 -0.14240138
v -0.02308463 0.03473796 -0.14393485
v -0.02541470 0.03670090 -0.14243971
v -0.02308463 0.03652474 -0.14284225
v -0.01814326 0.03631083 -0.14358983
v -0.01582323 0.03670090 -0.14360899
v -0.01340277 0.03680157 -0.14368566
v -0.01098231 0.03670090 -0.14358983
v -0.00372092 0.03481346 -0.14397319
v 0.00597098 0.03376907 -0.14274640
v 0.00785914 0.03325317 -0.14228636
v 0.01731000 0.02828289 -0.14207550
v -0.00129041 0.03598367 -0.14257388
v -0.01098231 0.03814794 -0.14236304
v -0.00856184 0.03794662 -0.14213302
v 0.02482248 0.01727278 -0.14362816
v 0.02209067 0.02594245 -0.14015865
v 0.02459148 0.02362719 -0.13990946
v 0.02482248 0.02308612 -0.14013948
v 0.02482248 0.02220531 -0.14088705
v 0.02381814 0.02277154 -0.14153879
v 0.02439061 0.02116092 -0.14207550
v 0.01948942 0.02819481 -0.13977529
v -0.00856184 0.04133144 -0.12852334
v -0.00856184 0.05050443 0.03126570
v -0.00614138 0.05022761 0.03126570
v -0.00504665 0.04982495 0.02804538
v 0.00006545 0.04745935 0.00538815
v -0.00249562 0.04983754 0.03969986
v 0.00110997 0.04933422 0.04824903
v -0.00440387 0.04997595 0.03370010
v 0.02482248 0.02381593 -0.13906604
v 0.02097585 0.02745241 -0.13822263
v 0.01655674 0.03028358 -0.13893186
v 0.01571310 0.03107631 -0.13816513
v -0.00129041 0.03804728 -0.13992863
v -0.01098231 0.03902876 -0.14063786
v -0.00372092 0.03911684 -0.13822263
v -0.00781863 0.04009831 -0.13682332
v -0.00943562 0.04018639 -0.13711085
v -0.01098231 0.04023672 -0.13726420
v -0.01340277 0.03984665 -0.13839515
v -0.01340277 0.04021156 -0.13718753
v -0.01340277 0.04055130 -0.13578823
v -0.01340277 0.04096653 -0.13337298
v -0.01340277 0.04119303 -0.13095775
v -0.01340277 0.04138177 -0.12852334
v -0.01340277 0.04153277 -0.12610810
v -0.02066416 0.04401162 -0.07766918
v -0.01993099 0.04991304 0.02158558
v -0.01824370 0.05056735 0.03126570
v -0.01098231 0.05066801 0.03370010
v -0.07313098 -0.03633072 0.04824903
v -0.07322136 -0.03602873 0.04579546
v -0.07319124 -0.03594065 0.04338022
v -0.07405497 -0.03368830 0.03853058
v -0.07396458 -0.03368830 0.03611535
v -0.07298033 -0.03551283 0.03126570
v -0.07240785 -0.03660755 0.02885046
v -0.07293011 -0.03539958 0.02885046
v -0.07282967 -0.03516050 0.02400082
v -0.07277946 -0.03503468 0.02158558
v -0.07266897 -0.03474527 0.01673594
v -0.07386415 -0.03368830 0.03370010
v -0.07472788 -0.03127236 0.03370010
v -0.07216681 -0.02642792 -0.03894870
v -0.07231746 -0.02399940 -0.04621358
v -0.07229737 -0.02158347 -0.05587453
v -0.07513966 -0.03005181 0.03490772
v -0.07523006 -0.02795046 0.02643522
v -0.07528027 -0.02569810 0.01673594
v -0.07242794 -0.02642792 -0.03409906
v -0.07229737 -0.02642792 -0.03653347
v -0.06739618 -0.01915495 -0.13822263
v -0.06781801 -0.00949122 -0.13872101
v -0.07162447 -0.02158347 -0.06798906
v -0.07148386 -0.02158347 -0.07040430
v -0.07192576 -0.01915495 -0.06798906
v -0.07031882 -0.01324095 -0.10584695
v -0.06895291 -0.01673902 -0.12125846
v -0.06788832 -0.02052650 -0.13226121
v -0.06781801 -0.01915495 -0.13383302
v -0.06781801 -0.01432309 -0.13628661
v -0.06763723 -0.01432309 -0.13822263
v -0.06622110 -0.00464677 -0.14081038
v -0.06779792 -0.00694946 -0.13829930
v -0.06590976 -0.00221826 -0.14013948
v -0.06507616 -0.00221826 -0.14136627
v -0.05990379 0.01230250 -0.14092539
v -0.06313778 0.00655208 -0.13958360
v -0.06282643 0.00815012 -0.13822263
v -0.06128979 0.01230250 -0.13822263
v -0.06073740 0.01371180 -0.13822263
v -0.05976319 0.01491976 -0.13822263
v -0.05854793 0.01634164 -0.13822263
v -0.05083459 0.02552722 -0.13666997
v -0.04847438 0.02800606 -0.13691916
v -0.04817308 0.02766632 -0.13822263
v -0.04695783 0.02893721 -0.13822263
v -0.04572249 0.03014517 -0.13822263
v -0.04002787 0.03126506 -0.14224802
v -0.03777814 0.03188162 -0.14249721
v -0.03862179 0.02795573 -0.14422238
v -0.03471490 0.03569426 -0.14015865
v -0.03382104 0.03524128 -0.14176881
v -0.03708515 0.03319025 -0.14201800
v -0.04451728 0.03098823 -0.13822263
v -0.04244834 0.03214586 -0.13822263
v -0.03633189 0.03527903 -0.13902770
v -0.03149097 0.03772012 -0.13916189
v -0.03284683 0.03157963 -0.14380068
v -0.03054688 0.03725455 -0.14061869
v -0.02792555 0.03744330 -0.14140460
v -0.02615791 0.03761946 -0.14167297
v -0.02454092 0.03775787 -0.14188381
v -0.01582323 0.03817311 -0.14240138
v -0.02066416 0.03795920 -0.14211384
v -0.01340277 0.03822344 -0.14247805
v 0.02482248 0.02025495 -0.14220969
v 0.02482248 0.02351394 -0.13967944
v 0.02482248 0.02084635 -0.14184548
v -0.01098231 0.05079384 0.03611535
v -0.01098231 0.05090709 0.03853058
v -0.01098231 0.05102033 0.04096498
v -0.00856184 0.05060510 0.03370010
v -0.00614138 0.05034085 0.03370010
v -0.00614138 0.05039119 0.03611535
v -0.00245545 0.04985012 0.04096498
v -0.00105941 0.04968654 0.04579546
v -0.00096902 0.04969912 0.04822987
v -0.00096902 0.04969912 0.04824903
v -0.01340277 0.03912942 -0.14063786
v -0.01098231 0.03982148 -0.13847182
v -0.00860202 0.03974598 -0.13803094
v -0.00614138 0.03939366 -0.13822263
v -0.01582323 0.03897842 -0.14063786
v -0.01466824 0.04016122 -0.13701501
v -0.01627519 0.04008573 -0.13659330
v -0.01561232 0.04029964 -0.13578823
v -0.01825374 0.03999764 -0.13578823
v -0.02066416 0.03969565 -0.13578823
v -0.01582323 0.04062679 -0.13337298
v -0.01582323 0.04086587 -0.13095775
v -0.02308463 0.04102945 -0.11884323
v -0.02308463 0.04124336 -0.11642798
v -0.01824370 0.04141952 -0.12125846
v -0.01582323 0.04149502 -0.12369286
v -0.01582323 0.04165860 -0.12125846
v -0.02215059 0.04260232 -0.09869707
v -0.02435010 0.04258974 -0.09605182
v -0.02066416 0.05012694 0.02643522
v -0.02066416 0.05037860 0.03126570
v -0.01824370 0.05068060 0.03370010
v -0.01582323 0.05130974 0.04579546
v -0.07377375 -0.03472010 0.04824903
v -0.07417549 -0.03368830 0.04579546
v -0.07415540 -0.03368830 0.04338022
v -0.07411523 -0.03368830 0.04096498
v -0.07486849 -0.03151144 0.03853058
v -0.07489862 -0.03163727 0.04096498
v -0.07487853 -0.03109620 0.03588532
v -0.07515975 -0.02527028 0.01286389
v -0.07571213 -0.02399940 0.01917034
v -0.07286985 -0.02114306 -0.04621358
v -0.07274932 -0.02056425 -0.05050734
v -0.07516979 -0.03016506 0.03651788
v -0.07568200 -0.02884385 0.04338022
v -0.07537066 -0.02908292 0.03588532
v -0.07583266 -0.02642792 0.03370010
v -0.07566191 -0.02642792 0.02885046
v -0.07556149 -0.02642792 0.02643522
v -0.07534053 -0.02594976 0.01917034
v -0.07583266 -0.02399940 0.02158558
v -0.06795862 -0.01181907 -0.13586490
v -0.06791844 -0.00949122 -0.13751339
v -0.06791844 -0.00769186 -0.13755173
v -0.07270916 -0.02021192 -0.05211750
v -0.07031882 -0.01293896 -0.10584695
v -0.06935465 -0.01190716 -0.11884323
v -0.06964591 -0.01432309 -0.11399358
v -0.07513966 -0.01795957 -0.00871990
v -0.07604357 -0.01432309 0.00464058
v -0.06945509 -0.01432309 -0.11642798
v -0.06791844 -0.01915495 -0.13262541
v -0.06732588 -0.00464677 -0.13822263
v -0.06785818 -0.00606865 -0.13661247
v -0.06561850 -0.00054472 -0.13969860
v -0.06576915 -0.00011690 -0.13822263
v -0.06326834 0.00692957 -0.13822263
v -0.06296704 0.00847727 -0.13638244
v -0.06164131 0.01230250 -0.13578823
v -0.06088805 0.01397604 -0.13578823
v -0.06005444 0.01518401 -0.13578823
v -0.05883919 0.01669396 -0.13578823
v -0.05322492 0.02307353 -0.13622909
v -0.04872547 0.02828289 -0.13528983
v -0.04596353 0.03039683 -0.13622909
v -0.03291713 0.03619758 -0.14082955
v -0.04114269 0.03283793 -0.13822263
v -0.04504958 0.03096307 -0.13557737
v -0.04228764 0.03242269 -0.13603742
v -0.03538781 0.03584526 -0.13822263
v -0.02966306 0.04276590 -0.06798906
v -0.02706182 0.04270299 -0.08251882
v -0.02671030 0.04257716 -0.08614168
v -0.02452083 0.04264007 -0.09463335
v -0.02618804 0.04007314 -0.12369286
v -0.02792555 0.03889034 -0.13337298
v -0.02792555 0.03866385 -0.13578823
v -0.02792555 0.03841219 -0.13822263
v -0.02987398 0.03785854 -0.13981362
v -0.03255557 0.03726714 -0.13829930
v -0.03518694 0.03657507 -0.13095775
v -0.03760741 0.03653733 -0.11642798
v -0.03760741 0.03672607 -0.11399358
v -0.03818992 0.03749363 -0.09946381
v -0.03891305 0.04262749 -0.01893674
v -0.03760741 0.04339505 -0.01473882
v -0.03760741 0.04354605 -0.01232359
v -0.03431317 0.04511892 -0.00505870
v -0.02792555 0.03800953 -0.14019698
v -0.02541470 0.03807245 -0.14077205
v -0.02308463 0.03834927 -0.14063786
v -0.01824370 0.03877709 -0.14063786
v -0.01824370 0.03807245 -0.14224802
v -0.01340277 0.05142299 0.04822987
v -0.01098231 0.05110842 0.04338022
v -0.00856184 0.05075609 0.03853058
v -0.00856184 0.05081901 0.04096498
v -0.00856184 0.05089451 0.04579546
v -0.00614138 0.05047927 0.04338022
v -0.00372092 0.05008919 0.04338022
v -0.00856184 0.05091967 0.04822987
v -0.00856184 0.05091967 0.04824903
v -0.01561232 0.03979632 -0.13797344
v -0.01824370 0.03949433 -0.13822263
v -0.02066416 0.03925525 -0.13822263
v -0.02308463 0.03899101 -0.13822263
v -0.02550509 0.03871418 -0.13822263
v -0.02308463 0.03983407 -0.13095775
v -0.02179907 0.04014864 -0.12963511
v -0.02541470 0.03998506 -0.12606976
v -0.02066416 0.04152019 -0.11642798
v -0.02308463 0.04196059 -0.10672870
v -0.01824370 0.04177185 -0.11642798
v -0.02308463 0.04231291 -0.10189822
v -0.02199994 0.04986270 0.02486340
v -0.02219076 0.04991304 0.02643522
v -0.02243180 0.04996337 0.02885046
v -0.02266280 0.05001370 0.03126570
v -0.02066416 0.05046668 0.03370010
v -0.01826379 0.05122166 0.04824903
v -0.01824370 0.05086934 0.03853058
v -0.01824370 0.05078126 0.03611535
v -0.01584332 0.05142299 0.04824903
v -0.01582323 0.05142299 0.04822987
v -0.07418553 -0.03367571 0.04824903
v -0.07488858 -0.03178827 0.04579546
v -0.07489862 -0.03173793 0.04338022
v -0.07525013 -0.03042930 0.04096498
v -0.07532044 -0.03056772 0.04579546
v -0.07529031 -0.03051739 0.04338022
v -0.07665622 -0.02158347 0.03126570
v -0.07723873 -0.01915495 0.03611535
v -0.07711821 -0.01915495 0.03370010
v -0.07575231 -0.02884385 0.04579546
v -0.07633483 -0.02642792 0.04822987
v -0.07625448 -0.02642792 0.04579546
v -0.07640513 -0.02399940 0.03611535
v -0.07722869 -0.02158347 0.04579546
v -0.07623439 -0.02399940 0.03126570
v -0.07614400 -0.02399940 0.02885046
v -0.07604357 -0.02399940 0.02643522
v -0.06825991 -0.01432309 -0.13095775
v -0.06836036 -0.01190716 -0.13095775
v -0.06856122 -0.01190716 -0.12852334
v -0.06825991 -0.00949122 -0.13337298
v -0.06814944 -0.00706271 -0.13337298
v -0.06845074 -0.00949122 -0.13095775
v -0.07032886 -0.01052303 -0.10113148
v -0.07515975 -0.01053561 -0.01146100
v -0.07490866 -0.00949122 -0.01473882
v -0.07477809 -0.00949122 -0.01715406
v -0.07466762 -0.00706271 -0.01473882
v -0.07652565 -0.01673902 0.01673594
v -0.07616409 -0.01432309 0.00705582
v -0.06650232 -0.00221826 -0.13822263
v -0.06758701 -0.00484810 -0.13578823
v -0.06765731 -0.00438253 -0.13337298
v -0.06724553 -0.00221826 -0.13095775
v -0.06687393 0.00262619 -0.11884323
v -0.06702458 -0.00221826 -0.13337298
v -0.07029873 -0.00102288 -0.07887680
v -0.06789835 -0.00577924 -0.13500231
v -0.06775775 -0.00405537 -0.13095775
v -0.07449688 -0.00464677 -0.01232359
v -0.07445671 -0.00221826 -0.00747394
v -0.06335873 0.00759647 -0.13565404
v -0.06305743 0.00872894 -0.13477228
v -0.06262556 0.00967266 -0.13565404
v -0.06270591 0.01015081 -0.13337298
v -0.06281639 0.01050314 -0.13095775
v -0.06184217 0.01230250 -0.13337298
v -0.06049635 0.01573766 -0.12852334
v -0.06037584 0.01554891 -0.13095775
v -0.06202295 0.01230250 -0.13095775
v -0.06687393 0.00988657 -0.07766918
v -0.05899989 0.01688271 -0.13337298
v -0.05788507 0.02043111 -0.11884323
v -0.05779468 0.01790193 -0.13578823
v -0.05553491 0.02050661 -0.13578823
v -0.05412883 0.02215498 -0.13557737
v -0.05335549 0.02321195 -0.13461895
v -0.05012151 0.02712525 -0.13337298
v -0.04890625 0.02847163 -0.13337298
v -0.04738969 0.02967960 -0.13337298
v -0.04608405 0.03047233 -0.13461895
v -0.04137369 0.03296376 -0.13538568
v -0.04294046 0.03249819 -0.13095775
v -0.04350290 0.03280018 -0.12369286
v -0.04313129 0.03259885 -0.12852334
v -0.04061039 0.03497704 -0.11642798
v -0.04172521 0.03315250 -0.13095775
v -0.03518694 0.03615983 -0.13578823
v -0.03276648 0.04576065 -0.00262430
v -0.02508326 0.04279107 -0.08978370
v -0.03083814 0.04724544 0.01190546
v -0.03058706 0.04716994 0.00947106
v -0.02481209 0.04271557 -0.09219894
v -0.02921111 0.04743419 0.00801425
v -0.03780828 0.03583268 -0.12365453
v -0.03760741 0.03634858 -0.11884323
v -0.04002787 0.03608434 -0.10672870
v -0.04002787 0.03626050 -0.10431346
v -0.03839079 0.03756913 -0.09704858
v -0.03903357 0.04269040 -0.01715406
v -0.03918423 0.04277848 -0.01473882
v -0.03659302 0.04749710 0.04822987
v -0.03387126 0.04739644 0.03051812
v -0.01340277 0.05142299 0.04824903
v -0.01098231 0.05125941 0.04822987
v -0.01098231 0.05118391 0.04579546
v -0.01098231 0.05125941 0.04824903
v -0.02066416 0.04187251 -0.11157835
v -0.02792555 0.04881832 0.03126570
v -0.02386801 0.04974946 0.03126570
v -0.02938185 0.04747193 0.00947106
v -0.02792555 0.04815141 0.01673594
v -0.02410905 0.04979979 0.03370010
v -0.02424966 0.04982495 0.03527193
v -0.02435010 0.04985012 0.03690125
v -0.02066416 0.05052960 0.03611535
v -0.02066416 0.05069318 0.04338022
v -0.02068425 0.05079384 0.04824903
v -0.07488858 -0.03178827 0.04824903
v -0.07533048 -0.03058030 0.04822987
v -0.07581257 -0.02883127 0.04824903
v -0.07686713 -0.02158347 0.03611535
v -0.07733917 -0.01915495 0.03853058
v -0.07757016 -0.01804765 0.04184674
v -0.07664618 -0.01673902 0.01917034
v -0.07633483 -0.02642792 0.04824903
v -0.07682695 -0.02398682 0.04824903
v -0.07751995 -0.01992251 0.04579546
v -0.07705796 -0.02158347 0.04096498
v -0.07728895 -0.02158347 0.04822987
v -0.07696756 -0.02158347 0.03853058
v -0.07664618 -0.01432309 0.01673594
v -0.07663613 -0.01190716 0.01917034
v -0.07684704 -0.00949122 0.02643522
v -0.07704791 -0.00706271 0.03370010
v -0.07701777 -0.00464677 0.03611535
v -0.07513966 -0.00103546 0.00834011
v -0.06542767 0.00133014 -0.13672749
v -0.06707480 0.00262619 -0.11642798
v -0.06716519 0.00019767 -0.12369286
v -0.06625124 0.00504212 -0.11642798
v -0.06603028 0.00504212 -0.11884323
v -0.06546785 0.00627525 -0.12016585
v -0.06637175 0.00262619 -0.12369286
v -0.06518663 0.00305401 -0.13337298
v -0.06830010 0.00262619 -0.09704858
v -0.06772762 0.00319242 -0.10431346
v -0.06766736 0.00284010 -0.10672870
v -0.06741628 0.00262619 -0.11157835
v -0.07442658 0.00019767 -0.00020906
v -0.07285980 0.00183346 -0.02200370
v -0.07140351 0.00262619 -0.04379835
v -0.07112229 0.00262619 -0.04862882
v -0.06725558 0.00262619 -0.11399358
v -0.06552811 0.00641367 -0.11884323
v -0.06289673 0.01076738 -0.12852334
v -0.06056666 0.01585090 -0.12662566
v -0.06057670 0.01827942 -0.10736126
v -0.06023523 0.01767543 -0.11642798
v -0.06012475 0.01752444 -0.11884323
v -0.05903002 0.01939930 -0.11642798
v -0.06586959 0.01188726 -0.07766918
v -0.05890950 0.01921056 -0.11884323
v -0.05876889 0.01902182 -0.12125846
v -0.06774771 0.00826336 -0.07525394
v -0.06781801 0.00847727 -0.07283870
v -0.06703462 0.00988657 -0.07525394
v -0.06790840 0.01114487 -0.05269255
v -0.06561850 0.00660241 -0.11642798
v -0.05804576 0.02060727 -0.11642798
v -0.05271271 0.02489807 -0.12852334
v -0.05255201 0.02470932 -0.13095775
v -0.05239132 0.02452058 -0.13337298
v -0.05117607 0.02591729 -0.13337298
v -0.05545456 0.02284704 -0.12125846
v -0.04903682 0.02857230 -0.13095775
v -0.04771109 0.02988093 -0.12852334
v -0.04755039 0.02979285 -0.13095775
v -0.05814620 0.02073310 -0.11476032
v -0.05822654 0.02082118 -0.11313099
v -0.04634518 0.03062332 -0.13095775
v -0.04361337 0.03286309 -0.12215939
v -0.04021870 0.03477571 -0.12125846
v -0.04002787 0.03446113 -0.12610810
v -0.04099204 0.03517836 -0.11157835
v -0.03959601 0.03571943 -0.11399358
v -0.03107919 0.04730836 0.01432070
v -0.03939513 0.03561877 -0.11642798
v -0.04113265 0.03525386 -0.10960398
v -0.04124312 0.03531678 -0.10799382
v -0.04222738 0.03590818 -0.09219894
v -0.04454741 0.03583268 -0.07525394
v -0.04002787 0.03660024 -0.09946381
v -0.04100208 0.04246391 -0.00505870
v -0.04114269 0.04253941 -0.00262430
v -0.04108243 0.04493017 0.03853058
v -0.03779823 0.04699378 0.04824903
v -0.04002787 0.03676382 -0.09704858
v -0.03659302 0.04749710 0.04824903
v -0.03519699 0.04788718 0.04824903
v -0.03403195 0.04743419 0.03212828
v -0.03276648 0.04815141 0.04096498
v -0.02550509 0.04948521 0.03370010
v -0.02962289 0.04753485 0.01190546
v -0.03011502 0.04764810 0.01673594
v -0.03034602 0.04870507 0.04096498
v -0.03276648 0.04836533 0.04579546
v -0.03277652 0.04846599 0.04824903
v -0.03034602 0.04889381 0.04579546
v -0.03035606 0.04896931 0.04824903
v -0.02594700 0.04969912 0.04338022
v -0.02459114 0.04990045 0.04096498
v -0.02310471 0.05034085 0.04824903
v -0.07533048 -0.03058030 0.04824903
v -0.07744965 -0.01897879 0.04100332
v -0.07760030 -0.01832448 0.04338022
v -0.07777103 -0.01672644 0.04824903
v -0.07770073 -0.01673902 0.04579546
v -0.07757016 -0.01746883 0.04184674
v -0.07675665 -0.01432309 0.01917034
v -0.07685709 -0.01673902 0.02400082
v -0.07728895 -0.02158347 0.04824903
v -0.07764047 -0.01871455 0.04579546
v -0.07754004 -0.02013643 0.04822987
v -0.07685709 -0.01190716 0.02400082
v -0.07714834 -0.00706271 0.03611535
v -0.07723873 -0.00464677 0.04096498
v -0.07712826 -0.00464677 0.03853058
v -0.07676669 -0.00221826 0.03853058
v -0.07687717 -0.00221826 0.04096498
v -0.07522001 -0.00070830 0.01190546
v -0.07477809 0.00019767 0.00705582
v -0.07455714 0.00019767 0.00220617
v -0.06663288 0.00504212 -0.11157835
v -0.06645210 0.00504212 -0.11399358
v -0.06778787 0.00349441 -0.10189822
v -0.06679358 0.00504212 -0.10916310
v -0.07406502 0.00262619 0.00464058
v -0.07355279 0.00504212 0.00705582
v -0.07316110 0.00745805 0.01190546
v -0.07273928 0.00871635 0.01044865
v -0.06783809 0.00369574 -0.10000054
v -0.06595997 0.01202568 -0.07525394
v -0.06062692 0.01838008 -0.10575110
v -0.05931123 0.01957546 -0.11157835
v -0.06795862 0.01125811 -0.05104406
v -0.06789835 0.01356080 -0.03321731
v -0.06810927 0.01393829 -0.02683418
v -0.05895971 0.01977679 -0.11397441
v -0.06695427 0.00504212 -0.10672870
v -0.06760710 0.00538186 -0.09463335
v -0.06785818 0.00861569 -0.07130521
v -0.06795862 0.00885476 -0.06798906
v -0.04845430 0.03042199 -0.11468365
v -0.04836391 0.03035908 -0.11642798
v -0.04811282 0.03017034 -0.12125846
v -0.04784165 0.02998159 -0.12610810
v -0.05622790 0.02848422 -0.04862882
v -0.05557508 0.03028358 -0.03409906
v -0.06040597 0.02051919 -0.08736846
v -0.06056666 0.02072052 -0.08311304
v -0.06062692 0.02079601 -0.08150289
v -0.06506611 0.02514973 0.02643522
v -0.05872872 0.02624445 -0.04379835
v -0.05774446 0.02755308 -0.04136394
v -0.05764402 0.02745241 -0.04379835
v -0.04373389 0.03292601 -0.12054923
v -0.04649583 0.03071140 -0.12852334
v -0.04612423 0.03534194 -0.06954171
v -0.03053684 0.04766068 0.01913200
v -0.03293722 0.04766068 0.03130404
v -0.03276648 0.04803817 0.03853058
v -0.04507971 0.03587043 -0.07038513
v -0.04486880 0.04119303 0.00705582
v -0.04500940 0.04204867 0.02158558
v -0.04517010 0.04211159 0.02400082
v -0.04395484 0.04271557 0.02400082
v -0.04408541 0.04279107 0.02643522
v -0.04127326 0.04501825 0.04184674
v -0.04003792 0.04596198 0.04824903
v -0.02623826 0.04974946 0.04824903
v -0.07765051 -0.01892846 0.04822987
v -0.07765051 -0.01892846 0.04824903
v -0.07778108 -0.01432309 0.04824903
v -0.07763042 -0.00697463 0.04824903
v -0.07756012 -0.00610640 0.04711809
v -0.07754004 -0.02013643 0.04824903
v -0.07758021 -0.00577924 0.04824903
v -0.07731908 -0.00464677 0.04338022
v -0.07696756 -0.00221826 0.04338022
v -0.07648548 0.00019767 0.04579546
v -0.07617414 0.00019767 0.03853058
v -0.07575231 0.00019767 0.02885046
v -0.07428597 0.00262619 0.00947106
v -0.07491870 0.00003409 0.00927937
v -0.06752675 0.00518053 -0.09704858
v -0.07367332 0.00504212 0.00947106
v -0.07400476 0.00504212 0.01673594
v -0.07442658 0.00504212 0.02643522
v -0.07498901 0.00567127 0.04338022
v -0.07503923 0.00587260 0.04579546
v -0.07508945 0.00607393 0.04822987
v -0.07282967 0.00890510 0.01432070
v -0.07257859 0.01074221 0.02643522
v -0.07168473 0.01473102 0.04579546
v -0.07132316 0.01473102 0.03853058
v -0.07045943 0.01140911 -0.00747394
v -0.06004440 0.02004104 -0.09704858
v -0.05949202 0.01957546 -0.10916310
v -0.06818961 0.01407670 -0.02441894
v -0.06690405 0.02199140 0.02400082
v -0.06570889 0.02357685 0.01917034
v -0.06810927 0.01154752 -0.04621358
v -0.04815300 0.03264918 -0.08736846
v -0.05357644 0.03310217 -0.02200370
v -0.05283323 0.03488895 -0.00747394
v -0.05096515 0.03534194 -0.02110278
v -0.04802243 0.03256110 -0.08978370
v -0.04663644 0.03079949 -0.12610810
v -0.05628816 0.03342933 0.01432070
v -0.06586959 0.02382851 0.02400082
v -0.06594993 0.02394176 0.02643522
v -0.06512637 0.02522523 0.02885046
v -0.06302730 0.02804381 0.03498440
v -0.06385086 0.02648352 0.02643522
v -0.06376047 0.02638286 0.02400082
v -0.05783485 0.02765374 -0.03894870
v -0.04915734 0.04060163 0.03611535
v -0.04903682 0.04051355 0.03370010
v -0.04650587 0.04043805 0.00947106
v -0.04674692 0.04061421 0.01432070
v -0.04701809 0.04076521 0.01917034
v -0.04728926 0.04121819 0.02885046
v -0.04728926 0.04136919 0.03126570
v -0.04728926 0.04167118 0.03611535
v -0.04728926 0.04180960 0.03853058
v -0.04555175 0.04231291 0.03126570
v -0.04421598 0.04285398 0.02885046
v -0.04268938 0.04451493 0.04579546
v -0.04148417 0.04511892 0.04579546
v -0.04160469 0.04518183 0.04822987
v -0.04160469 0.04518183 0.04824903
v -0.07746974 -0.00479777 0.04824903
v -0.07738939 -0.00464677 0.04579546
v -0.07703786 -0.00221826 0.04579546
v -0.07656583 0.00021026 0.04824903
v -0.07597327 0.00263877 0.04824903
v -0.07587283 0.00262619 0.04579546
v -0.07556149 0.00262619 0.03853058
v -0.07535057 0.00222353 0.03126570
v -0.07518987 0.00159438 0.02400082
v -0.07471783 0.00262619 0.01917034
v -0.07519992 0.00404807 0.03853058
v -0.07473792 0.00504212 0.03370010
v -0.07530035 0.00446330 0.04338022
v -0.07535057 0.00466463 0.04579546
v -0.07540079 0.00486596 0.04824903
v -0.07508945 0.00607393 0.04824903
v -0.07459732 0.00745805 0.04824903
v -0.07313098 0.00976074 0.03126570
v -0.07262881 0.01085546 0.02885046
v -0.07237772 0.01264224 0.04096498
v -0.07179520 0.01473102 0.04822987
v -0.07078081 0.01690787 0.04822987
v -0.07119259 0.01473102 0.03611535
v -0.06834026 0.01434095 -0.01956930
v -0.06826996 0.01420253 -0.02200370
v -0.07018826 0.01811584 0.04824903
v -0.06704466 0.02199140 0.02643522
v -0.05509300 0.03472537 0.01673594
v -0.05304414 0.03506511 -0.00262430
v -0.05151754 0.03571943 -0.00988918
v -0.05638860 0.03351741 0.01673594
v -0.06716519 0.02199140 0.02885046
v -0.06816953 0.02124900 0.04096498
v -0.06600015 0.02401726 0.02885046
v -0.06605037 0.02404242 0.03126570
v -0.06516654 0.02525039 0.03126570
v -0.06309760 0.02813189 0.03853058
v -0.06306747 0.02809414 0.03659456
v -0.06101862 0.03095048 0.04579546
v -0.06096840 0.03086240 0.04338022
v -0.06080770 0.03067366 0.03853058
v -0.05825667 0.03295118 0.03370010
v -0.05037259 0.03972082 0.03611535
v -0.05087476 0.04011089 0.04824903
v -0.04925777 0.04067713 0.03853058
v -0.04706831 0.04206125 0.04106083
v -0.04593340 0.04250166 0.03853058
v -0.04617444 0.04262749 0.04338022
v -0.04281994 0.04456527 0.04824903
v -0.07707804 -0.00220568 0.04824903
v -0.07368336 0.00989915 0.04824903
v -0.07360301 0.00988657 0.04579546
v -0.07284976 0.01143428 0.04096498
v -0.07247815 0.01286874 0.04579546
v -0.07251833 0.01299457 0.04824903
v -0.07179520 0.01473102 0.04824903
v -0.07078081 0.01690787 0.04824903
v -0.06892278 0.01957546 0.03853058
v -0.06938479 0.01958805 0.04824903
v -0.06929439 0.01957546 0.04579546
v -0.06918392 0.01957546 0.04338022
v -0.06802892 0.02107284 0.03611535
v -0.05518339 0.03480087 0.01917034
v -0.05397818 0.03580751 0.01917034
v -0.05324501 0.03524128 0.00220617
v -0.06809923 0.02116092 0.03853058
v -0.06821975 0.02129933 0.04338022
v -0.06609054 0.02405501 0.03370010
v -0.06825991 0.02133708 0.04579546
v -0.06613072 0.02410534 0.03853058
v -0.06518663 0.02527555 0.03370010
v -0.06311769 0.02815706 0.04096498
v -0.06103870 0.03100081 0.04822987
v -0.05993393 0.03222136 0.04824903
v -0.05985358 0.03215845 0.04579546
v -0.05833702 0.03302667 0.03611535
v -0.05214023 0.03902876 0.04822987
v -0.05470131 0.03682673 0.04824903
v -0.04965951 0.04081554 0.04824903
v -0.04738969 0.04198576 0.04338022
v -0.04934816 0.04074004 0.04096498
v -0.05404848 0.03589559 0.02158558
v -0.05412883 0.03597109 0.02400082
v -0.05526373 0.03487637 0.02158558
v -0.04626483 0.04267782 0.04579546
v -0.04487884 0.04347055 0.04824903
v -0.06830010 0.02134967 0.04824903
v -0.06830010 0.02134967 0.04822987
v -0.06738614 0.02254505 0.04579546
v -0.06616084 0.02414309 0.04338022
v -0.06314782 0.02819481 0.04579546
v -0.06225395 0.02941536 0.04824903
v -0.06103870 0.03100081 0.04824903
v -0.05872872 0.03335383 0.04824903
v -0.05872872 0.03335383 0.04822987
v -0.05541439 0.03501478 0.02643522
v -0.04630501 0.04270299 0.04824903
v -0.04630501 0.04270299 0.04822987
v -0.04747004 0.04201092 0.04579546
v -0.06740623 0.02255763 0.04824903
v -0.06419234 0.02683584 0.04822987
v -0.06419234 0.02683584 0.04824903
f 1 2 7
f 1 7 3
f 1 3 8
f 1 8 4
f 1 4 5
f 1 5 6
f 1 6 2
f 2 6 7
f 3 7 14
f 3 14 31
f 3 31 46
f 3 46 72
f 3 72 111
f 3 111 163
f 3 163 222
f 3 222 298
f 3 298 355
f 3 355 425
f 3 425 499
f 3 499 497
f 3 497 487
f 3 487 486
f 3 486 562
f 3 562 628
f 3 628 698
f 3 698 769
f 3 769 770
f 3 770 872
f 3 872 779
f 3 779 778
f 3 778 878
f 3 878 877
f 3 877 876
f 3 876 992
f 3 992 1115
f 3 1115 1246
f 3 1246 1347
f 3 1347 1450
f 3 1450 1559
f 3 1559 1556
f 3 1556 1471
f 3 1471 1468
f 3 1468 1570
f 3 1570 1665
f 3 1665 1733
f 3 1733 1662
f 3 1662 1660
f 3 1660 1652
f 3 1652 1651
f 3 1651 1649
f 3 1649 1732
f 3 1732 1794
f 3 1794 1843
f 3 1843 1880
f 3 1880 1891
f 3 1891 1873
f 3 1873 1838
f 3 1838 1872
f 3 1872 1888
f 3 1888 1868
f 3 1868 1887
f 3 1887 1886
f 3 1886 1896
f 3 1896 1894
f 3 1894 1881
f 3 1881 1853
f 3 1853 1820
f 3 1820 1851
f 3 1851 1850
f 3 1850 1849
f 3 1849 1845
f 3 1845 1811
f 3 1811 1810
f 3 1810 1809
f 3 1809 1799
f 3 1799 1798
f 3 1798 1844
f 3 1844 1795
f 3 1795 1740
f 3 1740 1737
f 3 1737 1736
f 3 1736 1669
f 3 1669 1735
f 3 1735 1739
f 3 1739 1674
f 3 1674 1579
f 3 1579 1578
f 3 1578 1573
f 3 1573 1666
f 3 1666 1571
f 3 1571 1473
f 3 1473 1371
f 3 1371 1269
f 3 1269 1150
f 3 1150 1017
f 3 1017 1015
f 3 1015 894
f 3 894 893
f 3 893 786
f 3 786 706
f 3 706 654
f 3 654 589
f 3 589 520
f 3 520 445
f 3 445 375
f 3 375 311
f 3 311 235
f 3 235 234
f 3 234 232
f 3 232 164
f 3 164 112
f 3 112 73
f 3 73 48
f 3 48 35
f 3 35 34
f 3 34 33
f 3 33 16
f 3 16 15
f 3 15 8
f 4 8 15
f 4 15 9
f 4 9 10
f 4 10 5
f 5 10 11
f 5 11 12
f 5 12 6
f 6 12 13
f 6 13 14
f 6 14 7
f 9 15 16
f 9 16 17
f 9 17 18
f 9 18 10
f 10 18 19
f 10 19 20
f 10 20 21
f 10 21 22
f 10 22 23
f 10 23 11
f 11 24 12
f 11 23 25
f 11 25 24
f 12 24 26
f 12 26 27
f 12 27 40
f 12 40 28
f 12 28 29
f 12 29 13
f 13 30 14
f 13 29 30
f 14 30 32
f 14 32 31
f 16 33 19
f 16 19 18
f 16 18 17
f 19 33 34
f 19 34 35
f 19 35 36
f 19 36 22
f 19 22 21
f 19 21 20
f 22 25 23
f 22 36 50
f 22 50 37
f 22 37 25
f 24 25 38
f 24 38 26
f 25 37 38
f 26 38 39
f 26 39 27
f 27 39 41
f 27 41 42
f 27 42 40
f 28 40 43
f 28 43 44
f 28 44 45
f 28 45 29
f 29 45 30
f 30 45 32
f 31 32 46
f 32 45 47
f 32 47 46
f 35 48 49
f 35 49 36
f 36 49 50
f 37 50 51
f 37 51 52
f 37 52 53
f 37 53 38
f 38 53 54
f 38 54 55
f 38 55 39
f 39 55 56
f 39 56 57
f 39 57 58
f 39 58 59
f 39 59 60
f 39 60 41
f 40 61 43
f 40 42 62
f 40 62 61
f 41 60 63
f 41 63 42
f 42 64 62
f 42 63 64
f 43 61 65
f 43 65 66
f 43 66 67
f 43 67 68
f 43 68 44
f 44 68 69
f 44 69 45
f 45 69 47
f 46 70 71
f 46 71 72
f 46 47 70
f 47 69 107
f 47 107 70
f 48 73 74
f 48 74 49
f 49 75 50
f 49 74 76
f 49 76 77
f 49 77 78
f 49 78 79
f 49 79 80
f 49 80 81
f 49 81 82
f 49 82 75
f 50 75 83
f 50 83 51
f 51 83 52
f 52 83 84
f 52 84 85
f 52 85 86
f 52 86 87
f 52 87 88
f 52 88 53
f 53 88 54
f 54 56 55
f 54 88 89
f 54 89 90
f 54 90 91
f 54 91 92
f 54 92 93
f 54 93 57
f 54 57 56
f 57 93 94
f 57 94 58
f 58 94 59
f 59 94 60
f 60 94 63
f 61 62 65
f 62 64 95
f 62 95 65
f 63 94 96
f 63 96 97
f 63 97 98
f 63 98 99
f 63 99 100
f 63 100 95
f 63 95 64
f 65 101 102
f 65 102 66
f 65 95 103
f 65 103 104
f 65 104 101
f 66 102 67
f 67 102 105
f 67 105 68
f 68 105 69
f 69 105 106
f 69 106 107
f 70 107 71
f 71 108 111
f 71 111 72
f 71 107 106
f 71 106 109
f 71 109 110
f 71 110 108
f 73 112 74
f 74 112 113
f 74 113 114
f 74 114 115
f 74 115 77
f 74 77 76
f 75 116 83
f 75 82 121
f 75 121 116
f 77 115 114
f 77 114 117
f 77 117 78
f 78 117 79
f 79 117 118
f 79 118 119
f 79 119 81
f 79 81 80
f 81 119 120
f 81 120 121
f 81 121 82
f 83 116 122
f 83 122 84
f 84 122 85
f 85 122 123
f 85 123 86
f 86 123 87
f 87 123 124
f 87 124 125
f 87 125 88
f 88 125 126
f 88 126 127
f 88 127 89
f 89 127 90
f 90 127 128
f 90 128 129
f 90 129 91
f 91 129 130
f 91 130 93
f 91 93 92
f 93 130 131
f 93 131 132
f 93 132 133
f 93 133 134
f 93 134 97
f 93 97 96
f 93 96 94
f 95 100 135
f 95 135 103
f 97 136 137
f 97 137 98
f 97 134 136
f 98 137 138
f 98 138 139
f 98 139 99
f 99 139 135
f 99 135 100
f 101 140 141
f 101 141 105
f 101 105 102
f 101 104 142
f 101 142 143
f 101 143 144
f 101 144 145
f 101 145 146
f 101 146 140
f 103 135 147
f 103 147 104
f 104 147 143
f 104 143 142
f 105 141 148
f 105 148 109
f 105 109 106
f 108 149 150
f 108 150 151
f 108 151 152
f 108 152 153
f 108 153 154
f 108 154 111
f 108 110 149
f 109 148 110
f 110 155 156
f 110 156 157
f 110 157 158
f 110 158 149
f 110 148 141
f 110 141 159
f 110 159 160
f 110 160 161
f 110 161 162
f 110 162 155
f 111 154 163
f 112 164 113
f 113 164 165
f 113 165 166
f 113 166 114
f 114 166 167
f 114 167 168
f 114 168 117
f 116 121 122
f 117 168 169
f 117 169 170
f 117 170 171
f 117 171 118
f 118 171 119
f 119 171 172
f 119 172 120
f 120 172 171
f 120 171 173
f 120 173 174
f 120 174 123
f 120 123 175
f 120 175 176
f 120 176 121
f 121 176 175
f 121 175 123
f 121 123 122
f 123 174 124
f 124 177 126
f 124 126 125
f 124 174 178
f 124 178 179
f 124 179 180
f 124 180 181
f 124 181 177
f 126 177 182
f 126 182 183
f 126 183 127
f 127 183 184
f 127 184 129
f 127 129 128
f 129 184 185
f 129 185 186
f 129 186 130
f 130 186 187
f 130 187 131
f 131 188 189
f 131 189 132
f 131 187 188
f 132 189 190
f 132 190 191
f 132 191 192
f 132 192 193
f 132 193 133
f 133 194 195
f 133 195 134
f 133 193 196
f 133 196 197
f 133 197 198
f 133 198 199
f 133 199 200
f 133 200 201
f 133 201 194
f 134 195 202
f 134 202 203
f 134 203 136
f 135 139 147
f 136 203 137
f 137 203 202
f 137 202 204
f 137 204 205
f 137 205 138
f 138 205 277
f 138 277 206
f 138 206 147
f 138 147 139
f 140 146 141
f 141 146 207
f 141 207 208
f 141 208 209
f 141 209 210
f 141 210 160
f 141 160 159
f 143 147 211
f 143 211 145
f 143 145 144
f 145 211 212
f 145 212 213
f 145 213 214
f 145 214 146
f 146 214 208
f 146 208 207
f 147 206 211
f 149 158 215
f 149 215 150
f 150 215 216
f 150 216 151
f 151 216 152
f 152 216 217
f 152 217 154
f 152 154 153
f 154 218 219
f 154 219 220
f 154 220 221
f 154 221 222
f 154 222 163
f 154 217 223
f 154 223 218
f 155 162 224
f 155 224 156
f 156 224 225
f 156 225 157
f 157 225 215
f 157 215 158
f 160 210 161
f 161 210 226
f 161 226 227
f 161 227 228
f 161 228 229
f 161 229 230
f 161 230 231
f 161 231 224
f 161 224 162
f 164 232 166
f 164 166 165
f 166 232 233
f 166 233 234
f 166 234 168
f 166 168 167
f 168 234 235
f 168 235 169
f 169 236 170
f 169 235 236
f 170 236 237
f 170 237 173
f 170 173 171
f 173 237 238
f 173 238 239
f 173 239 174
f 174 239 179
f 174 179 178
f 177 181 182
f 179 240 241
f 179 241 242
f 179 242 190
f 179 190 243
f 179 243 244
f 179 244 245
f 179 245 246
f 179 246 247
f 179 247 180
f 179 239 248
f 179 248 240
f 180 247 246
f 180 246 184
f 180 184 183
f 180 183 182
f 180 182 181
f 184 246 245
f 184 245 244
f 184 244 249
f 184 249 190
f 184 190 250
f 184 250 251
f 184 251 252
f 184 252 253
f 184 253 185
f 185 253 186
f 186 253 252
f 186 252 251
f 186 251 187
f 187 251 254
f 187 254 255
f 187 255 188
f 188 255 250
f 188 250 256
f 188 256 189
f 189 256 190
f 190 249 243
f 190 242 257
f 190 257 191
f 190 256 250
f 191 258 192
f 191 257 259
f 191 259 258
f 192 258 259
f 192 259 260
f 192 260 261
f 192 261 262
f 192 262 263
f 192 263 193
f 193 263 264
f 193 264 265
f 193 265 266
f 193 266 196
f 194 201 267
f 194 267 195
f 195 267 279
f 195 279 204
f 195 204 202
f 196 266 268
f 196 268 197
f 197 268 198
f 198 268 269
f 198 269 270
f 198 270 271
f 198 271 272
f 198 272 273
f 198 273 199
f 199 273 200
f 200 273 274
f 200 274 275
f 200 275 201
f 201 275 276
f 201 276 277
f 201 277 278
f 201 278 267
f 204 279 277
f 204 277 205
f 206 277 211
f 208 214 209
f 209 214 280
f 209 280 281
f 209 281 210
f 210 281 226
f 211 277 282
f 211 282 212
f 212 283 213
f 212 282 284
f 212 284 285
f 212 285 283
f 213 283 271
f 213 271 228
f 213 228 286
f 213 286 281
f 213 281 280
f 213 280 214
f 215 225 287
f 215 287 288
f 215 288 289
f 215 289 290
f 215 290 216
f 216 223 217
f 216 290 291
f 216 291 292
f 216 292 293
f 216 293 223
f 218 293 219
f 218 223 293
f 219 293 220
f 220 294 221
f 220 293 295
f 220 295 296
f 220 296 294
f 221 294 297
f 221 297 298
f 221 298 222
f 224 231 299
f 224 299 300
f 224 300 225
f 225 301 287
f 225 300 301
f 226 281 227
f 227 281 286
f 227 286 228
f 228 271 302
f 228 302 230
f 228 230 229
f 230 303 304
f 230 304 305
f 230 305 231
f 230 302 306
f 230 306 303
f 231 305 304
f 231 304 307
f 231 307 308
f 231 308 309
f 231 309 310
f 231 310 299
f 232 234 233
f 235 311 312
f 235 312 313
f 235 313 314
f 235 314 236
f 236 315 237
f 236 314 315
f 237 315 316
f 237 316 238
f 238 316 315
f 238 315 317
f 238 317 318
f 238 318 319
f 238 319 320
f 238 320 239
f 239 320 248
f 240 248 321
f 240 321 241
f 241 322 323
f 241 323 324
f 241 324 242
f 241 321 325
f 241 325 322
f 242 324 326
f 242 326 257
f 243 249 244
f 248 320 327
f 248 327 321
f 250 255 254
f 250 254 251
f 257 326 328
f 257 328 259
f 259 328 260
f 260 328 261
f 261 328 262
f 262 328 329
f 262 329 330
f 262 330 263
f 263 330 331
f 263 331 264
f 264 331 332
f 264 332 265
f 265 332 333
f 265 333 266
f 266 333 268
f 267 278 279
f 268 333 334
f 268 334 269
f 269 334 270
f 270 302 271
f 270 334 335
f 270 335 336
f 270 336 302
f 271 283 272
f 272 283 337
f 272 337 273
f 273 337 338
f 273 338 274
f 274 338 275
f 275 338 276
f 276 338 277
f 277 279 278
f 277 338 285
f 277 285 284
f 277 284 339
f 277 339 282
f 282 339 284
f 283 285 337
f 285 338 337
f 287 340 341
f 287 341 342
f 287 342 290
f 287 290 288
f 287 301 343
f 287 343 344
f 287 344 340
f 288 290 289
f 290 345 346
f 290 346 347
f 290 347 291
f 290 342 348
f 290 348 345
f 291 347 292
f 292 347 296
f 292 296 295
f 292 295 293
f 294 349 297
f 294 296 349
f 296 347 346
f 296 346 350
f 296 350 351
f 296 351 349
f 297 352 298
f 297 349 353
f 297 353 354
f 297 354 352
f 298 352 355
f 299 356 357
f 299 357 300
f 299 310 358
f 299 358 356
f 300 357 359
f 300 359 360
f 300 360 361
f 300 361 362
f 300 362 343
f 300 343 301
f 302 336 363
f 302 363 364
f 302 364 306
f 303 306 365
f 303 365 304
f 304 365 366
f 304 366 367
f 304 367 307
f 306 364 368
f 306 368 369
f 306 369 370
f 306 370 366
f 306 366 365
f 307 367 308
f 308 367 371
f 308 371 372
f 308 372 373
f 308 373 309
f 309 374 310
f 309 373 374
f 310 374 358
f 311 375 312
f 312 375 376
f 312 376 313
f 313 377 378
f 313 378 314
f 313 376 379
f 313 379 380
f 313 380 381
f 313 381 377
f 314 317 315
f 314 378 319
f 314 319 317
f 317 319 318
f 319 378 382
f 319 382 381
f 319 381 383
f 319 383 384
f 319 384 320
f 320 384 385
f 320 385 386
f 320 386 387
f 320 387 327
f 321 327 325
f 322 388 389
f 322 389 390
f 322 390 391
f 322 391 392
f 322 392 393
f 322 393 323
f 322 325 394
f 322 394 388
f 323 393 392
f 323 392 395
f 323 395 324
f 324 395 396
f 324 396 326
f 325 327 387
f 325 387 394
f 326 396 328
f 328 396 329
f 329 397 330
f 329 396 398
f 329 398 399
f 329 399 397
f 330 397 400
f 330 400 401
f 330 401 402
f 330 402 403
f 330 403 404
f 330 404 331
f 331 404 332
f 332 404 405
f 332 405 333
f 333 405 334
f 334 405 406
f 334 406 407
f 334 407 335
f 335 407 408
f 335 408 409
f 335 409 336
f 336 409 410
f 336 410 364
f 336 364 363
f 340 344 341
f 341 344 342
f 342 411 412
f 342 412 413
f 342 413 348
f 342 344 362
f 342 362 414
f 342 414 411
f 343 362 344
f 345 415 416
f 345 416 417
f 345 417 418
f 345 418 419
f 345 419 350
f 345 350 346
f 345 348 413
f 345 413 420
f 345 420 421
f 345 421 422
f 345 422 415
f 349 351 353
f 350 419 423
f 350 423 424
f 350 424 354
f 350 354 353
f 350 353 351
f 352 425 355
f 352 354 426
f 352 426 425
f 354 424 426
f 356 358 427
f 356 427 428
f 356 428 429
f 356 429 357
f 357 429 359
f 358 374 427
f 359 429 360
f 360 429 430
f 360 430 427
f 360 427 431
f 360 431 432
f 360 432 361
f 361 432 362
f 362 432 433
f 362 433 414
f 364 410 434
f 364 434 368
f 366 435 436
f 366 436 367
f 366 370 437
f 366 437 438
f 366 438 435
f 367 436 371
f 368 434 369
f 369 434 439
f 369 439 440
f 369 440 370
f 370 440 437
f 371 436 372
f 372 436 373
f 373 436 441
f 373 441 435
f 373 435 442
f 373 442 443
f 373 443 374
f 374 443 444
f 374 444 427
f 375 445 446
f 375 446 376
f 376 447 448
f 376 448 449
f 376 449 450
f 376 450 380
f 376 380 379
f 376 446 447
f 377 381 382
f 377 382 378
f 380 450 381
f 381 450 451
f 381 451 452
f 381 452 383
f 383 452 451
f 383 451 453
f 383 453 454
f 383 454 455
f 383 455 456
f 383 456 384
f 384 456 455
f 384 455 387
f 384 387 386
f 384 386 385
f 387 457 458
f 387 458 394
f 387 455 454
f 387 454 459
f 387 459 460
f 387 460 457
f 388 461 389
f 388 394 458
f 388 458 462
f 388 462 463
f 388 463 461
f 389 461 464
f 389 464 465
f 389 465 466
f 389 466 467
f 389 467 390
f 390 467 391
f 391 467 466
f 391 466 392
f 392 466 395
f 395 466 398
f 395 398 396
f 397 399 468
f 397 468 400
f 398 469 470
f 398 470 399
f 398 466 469
f 399 470 471
f 399 471 468
f 400 468 401
f 401 468 402
f 402 468 403
f 403 468 472
f 403 472 404
f 404 472 473
f 404 473 405
f 405 473 406
f 406 473 474
f 406 474 475
f 406 475 476
f 406 476 477
f 406 477 478
f 406 478 407
f 407 478 479
f 407 479 480
f 407 480 408
f 408 480 481
f 408 481 482
f 408 482 409
f 409 482 410
f 410 482 434
f 411 414 483
f 411 483 412
f 412 483 420
f 412 420 413
f 414 433 420
f 414 420 483
f 415 422 416
f 416 422 484
f 416 484 485
f 416 485 417
f 417 485 484
f 417 484 493
f 417 493 569
f 417 569 568
f 417 568 634
f 417 634 633
f 417 633 632
f 417 632 701
f 417 701 702
f 417 702 653
f 417 653 652
f 417 652 649
f 417 649 648
f 417 648 647
f 417 647 646
f 417 646 581
f 417 581 580
f 417 580 645
f 417 645 650
f 417 650 651
f 417 651 705
f 417 705 704
f 417 704 703
f 417 703 641
f 417 641 639
f 417 639 638
f 417 638 697
f 417 697 627
f 417 627 626
f 417 626 625
f 417 625 696
f 417 696 768
f 417 768 871
f 417 871 870
f 417 870 869
f 417 869 987
f 417 987 1109
f 417 1109 1232
f 417 1232 1335
f 417 1335 1337
f 417 1337 1236
f 417 1236 1235
f 417 1235 1336
f 417 1336 1248
f 417 1248 1117
f 417 1117 993
f 417 993 879
f 417 879 781
f 417 781 700
f 417 700 629
f 417 629 562
f 417 562 486
f 417 486 418
f 418 486 487
f 418 487 419
f 419 487 495
f 419 495 423
f 420 422 421
f 420 433 488
f 420 488 489
f 420 489 490
f 420 490 491
f 420 491 492
f 420 492 422
f 422 493 484
f 422 492 494
f 422 494 493
f 423 495 496
f 423 496 424
f 424 496 497
f 424 497 498
f 424 498 426
f 425 426 499
f 426 498 499
f 427 444 500
f 427 500 431
f 427 430 429
f 427 429 428
f 431 500 501
f 431 501 432
f 432 501 433
f 433 501 502
f 433 502 563
f 433 563 503
f 433 503 488
f 434 482 479
f 434 479 439
f 435 441 436
f 435 438 504
f 435 504 505
f 435 505 506
f 435 506 442
f 437 440 507
f 437 507 508
f 437 508 509
f 437 509 510
f 437 510 504
f 437 504 438
f 439 479 511
f 439 511 507
f 439 507 440
f 442 512 513
f 442 513 514
f 442 514 443
f 442 506 515
f 442 515 516
f 442 516 517
f 442 517 512
f 443 514 444
f 444 518 519
f 444 519 500
f 444 514 518
f 445 520 446
f 446 520 521
f 446 521 447
f 447 522 523
f 447 523 449
f 447 449 448
f 447 521 524
f 447 524 522
f 449 523 525
f 449 525 526
f 449 526 527
f 449 527 450
f 450 528 451
f 450 527 529
f 450 529 530
f 450 530 531
f 450 531 532
f 450 532 533
f 450 533 534
f 450 534 535
f 450 535 528
f 451 528 536
f 451 536 537
f 451 537 538
f 451 538 453
f 453 538 539
f 453 539 459
f 453 459 454
f 457 540 544
f 457 544 463
f 457 463 462
f 457 462 458
f 457 460 541
f 457 541 542
f 457 542 534
f 457 534 540
f 459 539 538
f 459 538 536
f 459 536 460
f 460 536 541
f 461 543 464
f 461 463 544
f 461 544 545
f 461 545 543
f 464 543 546
f 464 546 547
f 464 547 548
f 464 548 549
f 464 549 465
f 465 549 550
f 465 550 466
f 466 550 469
f 468 471 551
f 468 551 552
f 468 552 553
f 468 553 472
f 469 554 470
f 469 550 554
f 470 555 471
f 470 554 556
f 470 556 555
f 471 555 557
f 471 557 551
f 472 553 558
f 472 558 474
f 472 474 473
f 474 558 559
f 474 559 560
f 474 560 475
f 475 560 477
f 475 477 476
f 477 560 561
f 477 561 478
f 478 561 508
f 478 508 507
f 478 507 479
f 479 507 511
f 479 482 481
f 479 481 480
f 487 497 495
f 488 503 563
f 488 563 564
f 488 564 489
f 489 564 563
f 489 563 565
f 489 565 566
f 489 566 490
f 490 566 567
f 490 567 491
f 491 567 492
f 492 567 568
f 492 568 569
f 492 569 494
f 493 494 569
f 495 497 496
f 497 499 498
f 500 519 570
f 500 570 501
f 501 570 519
f 501 519 571
f 501 571 563
f 501 563 502
f 504 510 572
f 504 572 506
f 504 506 505
f 506 516 515
f 506 572 573
f 506 573 516
f 508 561 574
f 508 574 575
f 508 575 576
f 508 576 577
f 508 577 578
f 508 578 509
f 509 577 510
f 509 578 577
f 510 576 572
f 510 577 576
f 512 517 579
f 512 579 580
f 512 580 581
f 512 581 582
f 512 582 513
f 513 582 583
f 513 583 514
f 514 583 518
f 516 584 579
f 516 579 517
f 516 573 585
f 516 585 586
f 516 586 584
f 518 563 519
f 518 583 587
f 518 587 567
f 518 567 588
f 518 588 563
f 519 563 571
f 520 589 590
f 520 590 521
f 521 591 524
f 521 590 591
f 522 592 525
f 522 525 523
f 522 524 593
f 522 593 594
f 522 594 592
f 524 591 595
f 524 595 596
f 524 596 593
f 525 597 526
f 525 592 597
f 526 598 599
f 526 599 529
f 526 529 527
f 526 597 598
f 528 535 541
f 528 541 536
f 529 599 600
f 529 600 530
f 530 600 531
f 531 600 601
f 531 601 532
f 532 601 602
f 532 602 603
f 532 603 604
f 532 604 605
f 532 605 543
f 532 543 533
f 533 543 606
f 533 606 607
f 533 607 534
f 534 607 608
f 534 608 540
f 534 542 541
f 534 541 535
f 536 538 537
f 540 607 544
f 540 608 607
f 543 605 609
f 543 609 546
f 543 545 607
f 543 607 606
f 544 607 545
f 546 604 547
f 546 609 604
f 547 604 610
f 547 610 611
f 547 611 612
f 547 612 548
f 548 612 613
f 548 613 549
f 549 613 614
f 549 614 554
f 549 554 550
f 551 557 552
f 552 557 615
f 552 615 553
f 553 615 616
f 553 616 558
f 554 614 617
f 554 617 618
f 554 618 619
f 554 619 556
f 555 556 620
f 555 620 621
f 555 621 557
f 556 619 622
f 556 622 559
f 556 559 620
f 557 621 616
f 557 616 615
f 558 616 621
f 558 621 559
f 559 621 620
f 559 622 561
f 559 561 560
f 561 622 623
f 561 623 624
f 561 624 625
f 561 625 626
f 561 626 627
f 561 627 574
f 562 629 699
f 562 699 628
f 563 630 565
f 563 588 567
f 563 567 630
f 565 630 567
f 565 567 566
f 567 631 632
f 567 632 633
f 567 633 634
f 567 634 568
f 567 587 635
f 567 635 636
f 567 636 631
f 572 576 585
f 572 585 573
f 574 627 637
f 574 637 638
f 574 638 639
f 574 639 640
f 574 640 575
f 575 640 641
f 575 641 642
f 575 642 643
f 575 643 644
f 575 644 576
f 576 644 643
f 576 643 585
f 579 645 580
f 579 584 645
f 581 646 583
f 581 583 582
f 583 646 647
f 583 647 648
f 583 648 649
f 583 649 587
f 584 650 645
f 584 586 642
f 584 642 651
f 584 651 650
f 585 643 642
f 585 642 586
f 587 649 652
f 587 652 653
f 587 653 635
f 589 654 655
f 589 655 590
f 590 655 656
f 590 656 591
f 591 657 596
f 591 596 595
f 591 656 658
f 591 658 659
f 591 659 657
f 592 594 657
f 592 657 660
f 592 660 597
f 593 596 657
f 593 657 594
f 597 661 659
f 597 659 662
f 597 662 663
f 597 663 664
f 597 664 598
f 597 660 657
f 597 657 661
f 598 600 599
f 598 664 665
f 598 665 666
f 598 666 600
f 600 666 667
f 600 667 601
f 601 667 668
f 601 668 602
f 602 668 669
f 602 669 603
f 603 669 604
f 604 670 671
f 604 671 672
f 604 672 610
f 604 609 605
f 604 669 668
f 604 668 673
f 604 673 674
f 604 674 670
f 610 672 675
f 610 675 611
f 611 675 676
f 611 676 612
f 612 676 677
f 612 677 678
f 612 678 613
f 613 678 679
f 613 679 614
f 614 679 617
f 617 679 680
f 617 680 681
f 617 681 682
f 617 682 618
f 618 683 619
f 618 682 683
f 619 684 622
f 619 683 684
f 622 684 685
f 622 685 686
f 622 686 687
f 622 687 688
f 622 688 689
f 622 689 623
f 623 690 624
f 623 689 688
f 623 688 691
f 623 691 692
f 623 692 693
f 623 693 690
f 624 690 694
f 624 694 625
f 625 694 695
f 625 695 696
f 627 697 637
f 628 699 698
f 629 700 699
f 631 701 632
f 631 636 702
f 631 702 701
f 635 653 636
f 636 653 702
f 637 697 638
f 639 641 640
f 641 703 642
f 642 703 704
f 642 704 705
f 642 705 651
f 654 706 656
f 654 656 655
f 656 706 707
f 656 707 708
f 656 708 709
f 656 709 659
f 656 659 658
f 657 659 661
f 659 710 711
f 659 711 712
f 659 712 662
f 659 709 713
f 659 713 710
f 662 712 663
f 663 665 664
f 663 712 714
f 663 714 715
f 663 715 665
f 665 715 666
f 666 715 716
f 666 716 717
f 666 717 667
f 667 717 668
f 668 717 673
f 670 718 671
f 670 674 718
f 671 719 720
f 671 720 721
f 671 721 722
f 671 722 675
f 671 675 672
f 671 718 723
f 671 723 724
f 671 724 725
f 671 725 726
f 671 726 719
f 673 717 674
f 674 727 715
f 674 715 728
f 674 728 712
f 674 712 724
f 674 724 723
f 674 723 718
f 674 717 727
f 675 722 676
f 676 729 730
f 676 730 682
f 676 682 731
f 676 731 677
f 676 722 732
f 676 732 729
f 677 731 733
f 677 733 678
f 678 733 734
f 678 734 679
f 679 734 680
f 680 734 733
f 680 733 681
f 681 733 731
f 681 731 682
f 682 730 735
f 682 735 736
f 682 736 737
f 682 737 738
f 682 738 683
f 683 739 740
f 683 740 684
f 683 738 741
f 683 741 739
f 684 740 742
f 684 742 743
f 684 743 744
f 684 744 685
f 685 745 686
f 685 744 746
f 685 746 747
f 685 747 748
f 685 748 749
f 685 749 745
f 686 745 750
f 686 750 751
f 686 751 687
f 687 752 688
f 687 751 752
f 688 752 753
f 688 753 754
f 688 754 755
f 688 755 756
f 688 756 757
f 688 757 758
f 688 758 692
f 688 692 691
f 690 693 759
f 690 759 760
f 690 760 695
f 690 695 694
f 692 758 761
f 692 761 762
f 692 762 763
f 692 763 693
f 693 763 764
f 693 764 765
f 693 765 759
f 695 760 766
f 695 766 767
f 695 767 696
f 696 767 768
f 698 699 769
f 699 770 769
f 699 700 770
f 700 771 772
f 700 772 773
f 700 773 774
f 700 774 775
f 700 775 776
f 700 776 777
f 700 777 778
f 700 778 779
f 700 779 780
f 700 780 770
f 700 781 782
f 700 782 783
f 700 783 784
f 700 784 785
f 700 785 771
f 706 786 787
f 706 787 788
f 706 788 789
f 706 789 790
f 706 790 707
f 707 790 708
f 708 791 713
f 708 713 709
f 708 790 789
f 708 789 792
f 708 792 791
f 710 713 793
f 710 793 711
f 711 793 794
f 711 794 795
f 711 795 712
f 712 796 797
f 712 797 798
f 712 798 799
f 712 799 800
f 712 800 801
f 712 801 802
f 712 802 803
f 712 803 726
f 712 726 725
f 712 725 724
f 712 728 714
f 712 795 794
f 712 794 804
f 712 804 805
f 712 805 806
f 712 806 807
f 712 807 796
f 713 791 808
f 713 808 793
f 714 728 715
f 715 727 717
f 715 717 716
f 719 726 809
f 719 809 810
f 719 810 811
f 719 811 812
f 719 812 720
f 720 812 811
f 720 811 813
f 720 813 721
f 721 813 732
f 721 732 722
f 726 803 809
f 729 732 811
f 729 811 730
f 730 811 735
f 732 813 811
f 735 811 814
f 735 814 736
f 736 814 815
f 736 815 816
f 736 816 817
f 736 817 818
f 736 818 819
f 736 819 820
f 736 820 821
f 736 821 822
f 736 822 737
f 737 823 738
f 737 822 823
f 738 824 741
f 738 823 824
f 739 742 740
f 739 741 825
f 739 825 826
f 739 826 827
f 739 827 742
f 741 824 825
f 742 827 828
f 742 828 829
f 742 829 746
f 742 746 743
f 743 746 744
f 745 749 750
f 746 830 747
f 746 829 831
f 746 831 832
f 746 832 833
f 746 833 834
f 746 834 835
f 746 835 836
f 746 836 830
f 747 830 748
f 748 830 837
f 748 837 838
f 748 838 839
f 748 839 749
f 749 839 840
f 749 840 750
f 750 840 841
f 750 841 842
f 750 842 843
f 750 843 751
f 751 843 844
f 751 844 845
f 751 845 753
f 751 753 752
f 753 845 846
f 753 846 847
f 753 847 754
f 754 847 848
f 754 848 755
f 755 848 849
f 755 849 850
f 755 850 851
f 755 851 852
f 755 852 853
f 755 853 756
f 756 854 757
f 756 853 855
f 756 855 854
f 757 854 856
f 757 856 857
f 757 857 858
f 757 858 758
f 758 858 859
f 758 859 761
f 759 765 860
f 759 860 760
f 760 860 766
f 761 859 861
f 761 861 862
f 761 862 863
f 761 863 762
f 762 864 764
f 762 764 763
f 762 863 865
f 762 865 864
f 764 866 860
f 764 860 765
f 764 864 867
f 764 867 866
f 766 860 868
f 766 868 869
f 766 869 767
f 767 870 871
f 767 871 768
f 767 869 870
f 770 780 872
f 771 873 874
f 771 874 772
f 771 785 873
f 772 874 875
f 772 875 773
f 773 875 876
f 773 876 774
f 774 876 775
f 775 876 776
f 776 876 877
f 776 877 878
f 776 878 777
f 777 878 778
f 779 872 780
f 781 879 880
f 781 880 881
f 781 881 882
f 781 882 883
f 781 883 782
f 782 883 884
f 782 884 885
f 782 885 784
f 782 784 783
f 784 885 886
f 784 886 785
f 785 886 887
f 785 887 888
f 785 888 889
f 785 889 890
f 785 890 891
f 785 891 892
f 785 892 873
f 786 893 787
f 787 893 894
f 787 894 895
f 787 895 896
f 787 896 897
f 787 897 898
f 787 898 788
f 788 898 899
f 788 899 789
f 789 899 900
f 789 900 901
f 789 901 791
f 789 791 792
f 791 902 808
f 791 901 903
f 791 903 902
f 793 808 794
f 794 808 804
f 796 807 904
f 796 904 797
f 797 905 798
f 797 904 906
f 797 906 907
f 797 907 908
f 797 908 905
f 798 905 799
f 799 909 800
f 799 905 909
f 800 909 801
f 801 910 911
f 801 911 802
f 801 909 912
f 801 912 913
f 801 913 910
f 802 911 914
f 802 914 809
f 802 809 803
f 804 915 916
f 804 916 806
f 804 806 805
f 804 808 915
f 806 916 917
f 806 917 918
f 806 918 807
f 807 918 919
f 807 919 920
f 807 920 904
f 808 902 921
f 808 921 922
f 808 922 923
f 808 923 915
f 809 924 810
f 809 914 911
f 809 911 924
f 810 924 814
f 810 814 811
f 814 925 815
f 814 924 926
f 814 926 925
f 815 927 928
f 815 928 816
f 815 925 929
f 815 929 930
f 815 930 927
f 816 928 817
f 817 928 931
f 817 931 818
f 818 932 933
f 818 933 820
f 818 820 819
f 818 931 932
f 820 933 827
f 820 827 821
f 821 827 822
f 822 827 826
f 822 826 824
f 822 824 823
f 824 826 825
f 827 933 828
f 828 934 829
f 828 933 932
f 828 932 931
f 828 931 934
f 829 934 931
f 829 931 935
f 829 935 831
f 830 836 835
f 830 835 837
f 831 935 931
f 831 931 936
f 831 936 937
f 831 937 832
f 832 937 833
f 833 937 938
f 833 938 834
f 834 938 939
f 834 939 940
f 834 940 835
f 835 940 941
f 835 941 837
f 837 941 942
f 837 942 943
f 837 943 838
f 838 943 944
f 838 944 945
f 838 945 839
f 839 946 840
f 839 945 947
f 839 947 948
f 839 948 949
f 839 949 946
f 840 946 842
f 840 842 841
f 842 950 843
f 842 946 951
f 842 951 949
f 842 949 950
f 843 952 844
f 843 950 949
f 843 949 953
f 843 953 952
f 844 952 954
f 844 954 955
f 844 955 956
f 844 956 957
f 844 957 958
f 844 958 959
f 844 959 960
f 844 960 845
f 845 960 961
f 845 961 846
f 846 961 962
f 846 962 847
f 847 962 848
f 848 962 963
f 848 963 964
f 848 964 965
f 848 965 849
f 849 965 850
f 850 966 851
f 850 965 967
f 850 967 966
f 851 966 968
f 851 968 852
f 852 969 853
f 852 968 969
f 853 969 855
f 854 855 970
f 854 970 971
f 854 971 972
f 854 972 856
f 855 969 973
f 855 973 974
f 855 974 970
f 856 972 975
f 856 975 976
f 856 976 857
f 857 976 975
f 857 975 858
f 858 975 977
f 858 977 859
f 859 977 861
f 860 866 867
f 860 867 868
f 861 977 978
f 861 978 862
f 862 978 979
f 862 979 863
f 863 979 980
f 863 980 865
f 864 865 867
f 865 980 981
f 865 981 982
f 865 982 983
f 865 983 867
f 867 983 984
f 867 984 868
f 868 984 869
f 869 984 985
f 869 985 986
f 869 986 987
f 873 988 874
f 873 892 989
f 873 989 988
f 874 988 990
f 874 990 991
f 874 991 875
f 875 991 992
f 875 992 876
f 879 993 994
f 879 994 880
f 880 994 995
f 880 995 881
f 881 995 882
f 882 995 996
f 882 996 883
f 883 996 997
f 883 997 884
f 884 997 998
f 884 998 999
f 884 999 886
f 884 886 885
f 886 999 887
f 887 1000 1001
f 887 1001 888
f 887 999 998
f 887 998 1002
f 887 1002 1000
f 888 1001 1003
f 888 1003 1004
f 888 1004 889
f 889 1005 890
f 889 1004 1005
f 890 1006 891
f 890 1005 1006
f 891 1007 892
f 891 1006 1008
f 891 1008 1009
f 891 1009 1010
f 891 1010 1011
f 891 1011 1012
f 891 1012 1013
f 891 1013 1014
f 891 1014 989
f 891 989 1007
f 892 1007 989
f 894 1015 895
f 895 1015 1016
f 895 1016 896
f 896 1016 897
f 897 1016 1017
f 897 1017 1018
f 897 1018 1019
f 897 1019 1020
f 897 1020 1021
f 897 1021 898
f 898 1021 1022
f 898 1022 899
f 899 1022 900
f 900 1022 1020
f 900 1020 1023
f 900 1023 1024
f 900 1024 1025
f 900 1025 901
f 901 1025 1026
f 901 1026 903
f 902 903 921
f 903 1026 1027
f 903 1027 1028
f 903 1028 1029
f 903 1029 921
f 904 920 906
f 905 1030 1031
f 905 1031 912
f 905 912 909
f 905 908 1030
f 906 920 907
f 907 920 919
f 907 919 918
f 907 918 1032
f 907 1032 1033
f 907 1033 1034
f 907 1034 1035
f 907 1035 1036
f 907 1036 913
f 907 913 1037
f 907 1037 1038
f 907 1038 908
f 908 1038 1031
f 908 1031 1030
f 910 1039 926
f 910 926 924
f 910 924 911
f 910 913 1039
f 912 1031 913
f 913 1040 1172
f 913 1172 1041
f 913 1041 1039
f 913 1031 1038
f 913 1038 1037
f 913 1036 1035
f 913 1035 1040
f 915 923 1042
f 915 1042 916
f 916 1043 917
f 916 1042 1043
f 917 1043 1032
f 917 1032 918
f 921 1029 922
f 922 1029 923
f 923 1029 1042
f 925 926 929
f 926 1039 1044
f 926 1044 930
f 926 930 929
f 927 931 928
f 927 930 1045
f 927 1045 931
f 930 1044 1045
f 931 1046 936
f 931 1045 1047
f 931 1047 1048
f 931 1048 1049
f 931 1049 1046
f 936 1046 937
f 937 1046 1050
f 937 1050 938
f 938 1050 1051
f 938 1051 939
f 939 1052 940
f 939 1051 1053
f 939 1053 1054
f 939 1054 1052
f 940 1052 1055
f 940 1055 941
f 941 1055 1056
f 941 1056 1057
f 941 1057 942
f 942 1057 1058
f 942 1058 943
f 943 1058 1059
f 943 1059 944
f 944 1059 945
f 945 1059 947
f 946 949 951
f 947 1059 948
f 948 1059 949
f 949 1059 1060
f 949 1060 1061
f 949 1061 1062
f 949 1062 1063
f 949 1063 1064
f 949 1064 953
f 952 953 954
f 953 1064 1065
f 953 1065 1066
f 953 1066 954
f 954 1066 956
f 954 956 1067
f 954 1067 955
f 955 1067 956
f 956 1066 957
f 957 1066 958
f 958 1068 1069
f 958 1069 959
f 958 1066 1070
f 958 1070 1068
f 959 1069 960
f 960 1069 1071
f 960 1071 961
f 961 1072 962
f 961 1071 1072
f 962 1072 1073
f 962 1073 1074
f 962 1074 963
f 963 1075 964
f 963 1074 1076
f 963 1076 1077
f 963 1077 1075
f 964 1075 1078
f 964 1078 1079
f 964 1079 1080
f 964 1080 965
f 965 1080 1081
f 965 1081 1082
f 965 1082 1083
f 965 1083 1084
f 965 1084 1085
f 965 1085 1086
f 965 1086 967
f 966 967 1087
f 966 1087 968
f 967 1086 1087
f 968 1087 969
f 969 1087 1088
f 969 1088 973
f 970 974 971
f 971 974 1089
f 971 1089 972
f 972 1089 1090
f 972 1090 975
f 973 1091 974
f 973 1088 1092
f 973 1092 1093
f 973 1093 1091
f 974 1091 1093
f 974 1093 1094
f 974 1094 1095
f 974 1095 1096
f 974 1096 975
f 974 975 1089
f 975 1097 977
f 975 1090 1089
f 975 1096 1098
f 975 1098 1099
f 975 1099 1100
f 975 1100 1101
f 975 1101 1102
f 975 1102 1097
f 977 1097 1103
f 977 1103 978
f 978 1103 1104
f 978 1104 979
f 979 1104 1105
f 979 1105 1106
f 979 1106 980
f 980 1106 1107
f 980 1107 1108
f 980 1108 981
f 981 1108 982
f 982 1109 1110
f 982 1110 985
f 982 985 983
f 982 1108 1111
f 982 1111 1112
f 982 1112 1109
f 983 985 984
f 985 1110 986
f 986 1110 987
f 987 1110 1109
f 988 1113 990
f 988 989 1113
f 989 1014 1114
f 989 1114 1113
f 990 992 991
f 990 1113 992
f 992 1113 1116
f 992 1116 1115
f 993 1117 1118
f 993 1118 1119
f 993 1119 994
f 994 1119 1120
f 994 1120 996
f 994 996 995
f 996 1120 1121
f 996 1121 1122
f 996 1122 1123
f 996 1123 997
f 997 1123 1124
f 997 1124 998
f 998 1124 1125
f 998 1125 1126
f 998 1126 1127
f 998 1127 1002
f 1000 1128 1001
f 1000 1002 1127
f 1000 1127 1129
f 1000 1129 1128
f 1001 1128 1003
f 1003 1128 1130
f 1003 1130 1131
f 1003 1131 1132
f 1003 1132 1004
f 1004 1132 1133
f 1004 1133 1102
f 1004 1102 1005
f 1005 1134 1135
f 1005 1135 1006
f 1005 1102 1101
f 1005 1101 1136
f 1005 1136 1137
f 1005 1137 1134
f 1006 1135 1008
f 1008 1138 1139
f 1008 1139 1009
f 1008 1135 1138
f 1009 1139 1010
f 1010 1139 1140
f 1010 1140 1141
f 1010 1141 1142
f 1010 1142 1143
f 1010 1143 1144
f 1010 1144 1145
f 1010 1145 1146
f 1010 1146 1011
f 1011 1146 1012
f 1012 1146 1013
f 1013 1146 1145
f 1013 1145 1147
f 1013 1147 1148
f 1013 1148 1149
f 1013 1149 1014
f 1014 1149 1114
f 1015 1017 1016
f 1017 1150 1151
f 1017 1151 1152
f 1017 1152 1018
f 1018 1152 1019
f 1019 1152 1153
f 1019 1153 1154
f 1019 1154 1020
f 1020 1022 1021
f 1020 1154 1023
f 1023 1154 1155
f 1023 1155 1024
f 1024 1155 1025
f 1025 1156 1027
f 1025 1027 1026
f 1025 1155 1156
f 1027 1156 1157
f 1027 1157 1028
f 1028 1157 1156
f 1028 1156 1158
f 1028 1158 1029
f 1029 1158 1159
f 1029 1159 1042
f 1032 1035 1033
f 1032 1043 1160
f 1032 1160 1161
f 1032 1161 1162
f 1032 1162 1035
f 1033 1035 1034
f 1035 1163 1164
f 1035 1164 1165
f 1035 1165 1040
f 1035 1162 1166
f 1035 1166 1167
f 1035 1167 1168
f 1035 1168 1169
f 1035 1169 1163
f 1039 1170 1171
f 1039 1171 1044
f 1039 1041 1170
f 1040 1165 1172
f 1041 1172 1173
f 1041 1173 1174
f 1041 1174 1175
f 1041 1175 1170
f 1042 1159 1176
f 1042 1176 1177
f 1042 1177 1043
f 1043 1177 1160
f 1044 1171 1178
f 1044 1178 1045
f 1045 1178 1179
f 1045 1179 1047
f 1046 1049 1050
f 1047 1179 1048
f 1048 1179 1180
f 1048 1180 1049
f 1049 1180 1181
f 1049 1181 1050
f 1050 1181 1182
f 1050 1182 1183
f 1050 1183 1051
f 1051 1183 1184
f 1051 1184 1053
f 1052 1056 1055
f 1052 1054 1056
f 1053 1184 1054
f 1054 1184 1185
f 1054 1185 1056
f 1056 1185 1057
f 1057 1186 1058
f 1057 1185 1187
f 1057 1187 1186
f 1058 1186 1188
f 1058 1188 1059
f 1059 1188 1060
f 1060 1188 1189
f 1060 1189 1061
f 1061 1189 1062
f 1062 1190 1191
f 1062 1191 1192
f 1062 1192 1063
f 1062 1189 1190
f 1063 1192 1064
f 1064 1192 1193
f 1064 1193 1065
f 1065 1193 1192
f 1065 1192 1194
f 1065 1194 1195
f 1065 1195 1196
f 1065 1196 1197
f 1065 1197 1070
f 1065 1070 1066
f 1068 1198 1199
f 1068 1199 1200
f 1068 1200 1069
f 1068 1070 1201
f 1068 1201 1198
f 1069 1200 1071
f 1070 1202 1201
f 1070 1197 1203
f 1070 1203 1204
f 1070 1204 1205
f 1070 1205 1202
f 1071 1200 1072
f 1072 1200 1206
f 1072 1206 1073
f 1073 1206 1207
f 1073 1207 1208
f 1073 1208 1209
f 1073 1209 1210
f 1073 1210 1074
f 1074 1210 1211
f 1074 1211 1212
f 1074 1212 1213
f 1074 1213 1076
f 1075 1077 1212
f 1075 1212 1078
f 1076 1213 1212
f 1076 1212 1077
f 1078 1212 1214
f 1078 1214 1215
f 1078 1215 1079
f 1079 1215 1216
f 1079 1216 1080
f 1080 1216 1217
f 1080 1217 1081
f 1081 1217 1082
f 1082 1217 1218
f 1082 1218 1083
f 1083 1218 1084
f 1084 1218 1217
f 1084 1217 1219
f 1084 1219 1220
f 1084 1220 1221
f 1084 1221 1085
f 1085 1221 1222
f 1085 1222 1086
f 1086 1222 1223
f 1086 1223 1087
f 1087 1223 1092
f 1087 1092 1088
f 1092 1223 1224
f 1092 1224 1093
f 1093 1224 1225
f 1093 1225 1095
f 1093 1095 1094
f 1095 1225 1096
f 1096 1225 1098
f 1097 1102 1226
f 1097 1226 1227
f 1097 1227 1228
f 1097 1228 1103
f 1098 1229 1099
f 1098 1225 1224
f 1098 1224 1230
f 1098 1230 1231
f 1098 1231 1229
f 1099 1229 1100
f 1100 1229 1137
f 1100 1137 1101
f 1101 1137 1136
f 1102 1133 1132
f 1102 1132 1227
f 1102 1227 1226
f 1103 1107 1106
f 1103 1106 1105
f 1103 1105 1104
f 1103 1228 1107
f 1107 1228 1108
f 1108 1228 1111
f 1109 1112 1232
f 1111 1233 1234
f 1111 1234 1235
f 1111 1235 1236
f 1111 1236 1237
f 1111 1237 1238
f 1111 1238 1112
f 1111 1228 1130
f 1111 1130 1239
f 1111 1239 1233
f 1112 1238 1232
f 1113 1114 1116
f 1114 1149 1148
f 1114 1148 1145
f 1114 1145 1144
f 1114 1144 1240
f 1114 1240 1143
f 1114 1143 1241
f 1114 1241 1242
f 1114 1242 1243
f 1114 1243 1244
f 1114 1244 1116
f 1115 1245 1246
f 1115 1116 1245
f 1116 1244 1243
f 1116 1243 1247
f 1116 1247 1245
f 1117 1248 1233
f 1117 1233 1118
f 1118 1233 1119
f 1119 1233 1239
f 1119 1239 1249
f 1119 1249 1121
f 1119 1121 1120
f 1121 1249 1122
f 1122 1249 1239
f 1122 1239 1124
f 1122 1124 1123
f 1124 1239 1126
f 1124 1126 1125
f 1126 1239 1250
f 1126 1250 1251
f 1126 1251 1127
f 1127 1251 1129
f 1128 1129 1251
f 1128 1251 1250
f 1128 1250 1239
f 1128 1239 1130
f 1130 1228 1131
f 1131 1228 1132
f 1132 1228 1227
f 1134 1252 1135
f 1134 1137 1231
f 1134 1231 1252
f 1135 1252 1253
f 1135 1253 1254
f 1135 1254 1255
f 1135 1255 1140
f 1135 1140 1139
f 1135 1139 1138
f 1137 1229 1231
f 1140 1255 1256
f 1140 1256 1141
f 1141 1256 1257
f 1141 1257 1258
f 1141 1258 1259
f 1141 1259 1260
f 1141 1260 1142
f 1142 1260 1261
f 1142 1261 1262
f 1142 1262 1143
f 1143 1240 1144
f 1143 1262 1263
f 1143 1263 1264
f 1143 1264 1265
f 1143 1265 1266
f 1143 1266 1267
f 1143 1267 1268
f 1143 1268 1241
f 1145 1148 1147
f 1150 1269 1151
f 1151 1270 1271
f 1151 1271 1152
f 1151 1269 1270
f 1152 1272 1153
f 1152 1271 1272
f 1153 1272 1273
f 1153 1273 1274
f 1153 1274 1276
f 1153 1276 1275
f 1153 1275 1154
f 1154 1275 1155
f 1155 1275 1276
f 1155 1276 1277
f 1155 1277 1158
f 1155 1158 1156
f 1158 1277 1278
f 1158 1278 1159
f 1159 1279 1176
f 1159 1278 1280
f 1159 1280 1281
f 1159 1281 1279
f 1160 1177 1176
f 1160 1176 1279
f 1160 1279 1161
f 1161 1279 1162
f 1162 1279 1281
f 1162 1281 1166
f 1163 1172 1164
f 1163 1169 1282
f 1163 1282 1283
f 1163 1283 1284
f 1163 1284 1172
f 1164 1172 1165
f 1166 1281 1285
f 1166 1285 1167
f 1167 1285 1286
f 1167 1286 1287
f 1167 1287 1288
f 1167 1288 1289
f 1167 1289 1168
f 1168 1289 1282
f 1168 1282 1169
f 1170 1290 1291
f 1170 1291 1180
f 1170 1180 1171
f 1170 1175 1290
f 1171 1180 1179
f 1171 1179 1178
f 1172 1284 1292
f 1172 1292 1293
f 1172 1293 1294
f 1172 1294 1173
f 1173 1294 1295
f 1173 1295 1174
f 1174 1296 1297
f 1174 1297 1175
f 1174 1295 1296
f 1175 1297 1298
f 1175 1298 1299
f 1175 1299 1291
f 1175 1291 1300
f 1175 1300 1290
f 1180 1291 1181
f 1181 1291 1182
f 1182 1291 1183
f 1183 1291 1184
f 1184 1301 1185
f 1184 1291 1302
f 1184 1302 1301
f 1185 1301 1187
f 1186 1187 1188
f 1187 1301 1303
f 1187 1303 1304
f 1187 1304 1188
f 1188 1304 1189
f 1189 1304 1305
f 1189 1305 1190
f 1190 1306 1307
f 1190 1307 1308
f 1190 1308 1309
f 1190 1309 1310
f 1190 1310 1311
f 1190 1311 1195
f 1190 1195 1191
f 1190 1305 1304
f 1190 1304 1306
f 1191 1194 1192
f 1191 1195 1194
f 1195 1311 1312
f 1195 1312 1313
f 1195 1313 1314
f 1195 1314 1196
f 1196 1203 1197
f 1196 1314 1313
f 1196 1313 1315
f 1196 1315 1316
f 1196 1316 1203
f 1198 1201 1317
f 1198 1317 1318
f 1198 1318 1207
f 1198 1207 1319
f 1198 1319 1199
f 1199 1319 1200
f 1200 1319 1206
f 1201 1202 1317
f 1202 1205 1320
f 1202 1320 1321
f 1202 1321 1215
f 1202 1215 1322
f 1202 1322 1317
f 1203 1205 1204
f 1203 1316 1323
f 1203 1323 1324
f 1203 1324 1325
f 1203 1325 1205
f 1205 1325 1326
f 1205 1326 1320
f 1206 1319 1207
f 1207 1318 1322
f 1207 1322 1208
f 1208 1322 1215
f 1208 1215 1209
f 1209 1215 1327
f 1209 1327 1210
f 1210 1327 1215
f 1210 1215 1211
f 1211 1214 1212
f 1211 1215 1214
f 1215 1321 1328
f 1215 1328 1329
f 1215 1329 1216
f 1216 1329 1330
f 1216 1330 1331
f 1216 1331 1217
f 1217 1331 1219
f 1219 1331 1220
f 1220 1331 1221
f 1221 1331 1222
f 1222 1332 1223
f 1222 1331 1333
f 1222 1333 1332
f 1223 1332 1334
f 1223 1334 1230
f 1223 1230 1224
f 1230 1334 1253
f 1230 1253 1231
f 1231 1253 1252
f 1232 1238 1335
f 1233 1248 1234
f 1234 1248 1336
f 1234 1336 1235
f 1236 1337 1237
f 1237 1337 1238
f 1238 1337 1335
f 1241 1268 1338
f 1241 1338 1339
f 1241 1339 1442
f 1241 1442 1340
f 1241 1340 1341
f 1241 1341 1342
f 1241 1342 1242
f 1242 1342 1247
f 1242 1247 1243
f 1245 1247 1342
f 1245 1342 1343
f 1245 1343 1344
f 1245 1344 1345
f 1245 1345 1246
f 1246 1345 1346
f 1246 1346 1347
f 1253 1334 1348
f 1253 1348 1349
f 1253 1349 1256
f 1253 1256 1350
f 1253 1350 1351
f 1253 1351 1254
f 1254 1351 1256
f 1254 1256 1255
f 1256 1351 1350
f 1256 1349 1257
f 1257 1349 1348
f 1257 1348 1258
f 1258 1348 1352
f 1258 1352 1259
f 1259 1352 1353
f 1259 1353 1260
f 1260 1353 1354
f 1260 1354 1355
f 1260 1355 1261
f 1261 1355 1356
f 1261 1356 1357
f 1261 1357 1358
f 1261 1358 1359
f 1261 1359 1360
f 1261 1360 1262
f 1262 1360 1361
f 1262 1361 1362
f 1262 1362 1363
f 1262 1363 1263
f 1263 1363 1461
f 1263 1461 1364
f 1263 1364 1264
f 1264 1364 1365
f 1264 1365 1265
f 1265 1365 1366
f 1265 1366 1266
f 1266 1367 1267
f 1266 1366 1367
f 1267 1367 1368
f 1267 1368 1369
f 1267 1369 1472
f 1267 1472 1370
f 1267 1370 1338
f 1267 1338 1268
f 1269 1371 1372
f 1269 1372 1373
f 1269 1373 1270
f 1270 1373 1374
f 1270 1374 1272
f 1270 1272 1271
f 1272 1375 1273
f 1272 1374 1376
f 1272 1376 1375
f 1273 1375 1280
f 1273 1280 1276
f 1273 1276 1274
f 1276 1280 1277
f 1277 1280 1278
f 1280 1375 1281
f 1281 1375 1377
f 1281 1377 1285
f 1282 1289 1283
f 1283 1289 1288
f 1283 1288 1287
f 1283 1287 1284
f 1284 1287 1378
f 1284 1378 1379
f 1284 1379 1380
f 1284 1380 1381
f 1284 1381 1292
f 1285 1377 1375
f 1285 1375 1382
f 1285 1382 1383
f 1285 1383 1384
f 1285 1384 1385
f 1285 1385 1386
f 1285 1386 1387
f 1285 1387 1286
f 1286 1387 1388
f 1286 1388 1287
f 1287 1388 1389
f 1287 1389 1379
f 1287 1379 1378
f 1290 1300 1291
f 1291 1299 1390
f 1291 1390 1391
f 1291 1391 1392
f 1291 1392 1302
f 1292 1294 1293
f 1292 1381 1393
f 1292 1393 1294
f 1294 1393 1295
f 1295 1394 1395
f 1295 1395 1396
f 1295 1396 1296
f 1295 1393 1397
f 1295 1397 1398
f 1295 1398 1394
f 1296 1399 1297
f 1296 1396 1399
f 1297 1400 1298
f 1297 1399 1400
f 1298 1400 1299
f 1299 1400 1390
f 1301 1302 1401
f 1301 1401 1303
f 1302 1392 1402
f 1302 1402 1401
f 1303 1401 1403
f 1303 1403 1304
f 1304 1403 1306
f 1306 1403 1404
f 1306 1404 1405
f 1306 1405 1307
f 1307 1405 1406
f 1307 1406 1407
f 1307 1407 1308
f 1308 1407 1309
f 1309 1407 1408
f 1309 1408 1409
f 1309 1409 1410
f 1309 1410 1310
f 1310 1410 1311
f 1311 1410 1411
f 1311 1411 1312
f 1312 1411 1412
f 1312 1412 1313
f 1313 1316 1315
f 1313 1412 1316
f 1316 1412 1413
f 1316 1413 1323
f 1317 1322 1318
f 1320 1414 1321
f 1320 1326 1414
f 1321 1414 1328
f 1323 1413 1324
f 1324 1415 1325
f 1324 1413 1416
f 1324 1416 1417
f 1324 1417 1415
f 1325 1415 1418
f 1325 1418 1326
f 1326 1419 1420
f 1326 1420 1421
f 1326 1421 1422
f 1326 1422 1366
f 1326 1366 1423
f 1326 1423 1424
f 1326 1424 1425
f 1326 1425 1426
f 1326 1426 1427
f 1326 1427 1328
f 1326 1328 1414
f 1326 1418 1428
f 1326 1428 1429
f 1326 1429 1430
f 1326 1430 1431
f 1326 1431 1432
f 1326 1432 1433
f 1326 1433 1434
f 1326 1434 1435
f 1326 1435 1436
f 1326 1436 1419
f 1328 1427 1329
f 1329 1427 1330
f 1330 1427 1437
f 1330 1437 1331
f 1331 1437 1438
f 1331 1438 1439
f 1331 1439 1440
f 1331 1440 1352
f 1331 1352 1333
f 1332 1333 1441
f 1332 1441 1352
f 1332 1352 1348
f 1332 1348 1334
f 1333 1352 1441
f 1338 1370 1442
f 1338 1442 1339
f 1340 1442 1443
f 1340 1443 1341
f 1341 1444 1342
f 1341 1443 1558
f 1341 1558 1444
f 1342 1444 1445
f 1342 1445 1343
f 1343 1445 1446
f 1343 1446 1447
f 1343 1447 1448
f 1343 1448 1345
f 1343 1345 1344
f 1345 1448 1346
f 1346 1449 1450
f 1346 1450 1347
f 1346 1448 1447
f 1346 1447 1446
f 1346 1446 1449
f 1352 1440 1451
f 1352 1451 1353
f 1353 1451 1452
f 1353 1452 1453
f 1353 1453 1354
f 1354 1453 1454
f 1354 1454 1455
f 1354 1455 1356
f 1354 1356 1355
f 1356 1455 1426
f 1356 1426 1357
f 1357 1425 1358
f 1357 1426 1425
f 1358 1456 1457
f 1358 1457 1359
f 1358 1425 1456
f 1359 1457 1360
f 1360 1458 1423
f 1360 1423 1361
f 1360 1457 1458
f 1361 1459 1362
f 1361 1423 1366
f 1361 1366 1460
f 1361 1460 1459
f 1362 1459 1363
f 1363 1459 1461
f 1364 1461 1365
f 1365 1461 1366
f 1366 1461 1462
f 1366 1462 1460
f 1366 1422 1463
f 1366 1463 1367
f 1367 1463 1368
f 1368 1463 1464
f 1368 1464 1465
f 1368 1465 1466
f 1368 1466 1467
f 1368 1467 1468
f 1368 1468 1469
f 1368 1469 1470
f 1368 1470 1369
f 1369 1470 1471
f 1369 1471 1472
f 1370 1472 1442
f 1371 1473 1372
f 1372 1474 1475
f 1372 1475 1373
f 1372 1473 1474
f 1373 1475 1376
f 1373 1376 1374
f 1375 1376 1476
f 1375 1476 1382
f 1376 1475 1477
f 1376 1477 1478
f 1376 1478 1476
f 1379 1389 1381
f 1379 1381 1380
f 1381 1389 1479
f 1381 1479 1480
f 1381 1480 1481
f 1381 1481 1397
f 1381 1397 1393
f 1382 1476 1383
f 1383 1476 1482
f 1383 1482 1483
f 1383 1483 1484
f 1383 1484 1385
f 1383 1385 1384
f 1385 1485 1487
f 1385 1487 1386
f 1385 1484 1486
f 1385 1486 1485
f 1386 1487 1488
f 1386 1488 1489
f 1386 1489 1387
f 1387 1489 1388
f 1388 1489 1389
f 1389 1489 1574
f 1389 1574 1479
f 1390 1400 1490
f 1390 1490 1491
f 1390 1491 1391
f 1391 1491 1492
f 1391 1492 1493
f 1391 1493 1392
f 1392 1494 1402
f 1392 1493 1495
f 1392 1495 1394
f 1392 1394 1494
f 1394 1496 1494
f 1394 1495 1395
f 1394 1398 1497
f 1394 1497 1498
f 1394 1498 1499
f 1394 1499 1500
f 1394 1500 1496
f 1395 1495 1493
f 1395 1493 1492
f 1395 1492 1399
f 1395 1399 1396
f 1397 1481 1480
f 1397 1480 1501
f 1397 1501 1398
f 1398 1501 1502
f 1398 1502 1497
f 1399 1492 1490
f 1399 1490 1400
f 1401 1503 1403
f 1401 1402 1504
f 1401 1504 1505
f 1401 1505 1506
f 1401 1506 1507
f 1401 1507 1508
f 1401 1508 1503
f 1402 1509 1510
f 1402 1510 1511
f 1402 1511 1505
f 1402 1505 1504
f 1402 1494 1496
f 1402 1496 1500
f 1402 1500 1512
f 1402 1512 1513
f 1402 1513 1509
f 1403 1503 1404
f 1404 1406 1405
f 1404 1503 1514
f 1404 1514 1406
f 1406 1514 1515
f 1406 1515 1516
f 1406 1516 1407
f 1407 1516 1517
f 1407 1517 1518
f 1407 1518 1519
f 1407 1519 1408
f 1408 1520 1521
f 1408 1521 1409
f 1408 1519 1522
f 1408 1522 1523
f 1408 1523 1520
f 1409 1521 1524
f 1409 1524 1410
f 1410 1524 1525
f 1410 1525 1526
f 1410 1526 1411
f 1411 1526 1527
f 1411 1527 1528
f 1411 1528 1529
f 1411 1529 1530
f 1411 1530 1412
f 1412 1530 1531
f 1412 1531 1413
f 1413 1531 1532
f 1413 1532 1533
f 1413 1533 1416
f 1415 1417 1534
f 1415 1534 1418
f 1416 1535 1417
f 1416 1533 1536
f 1416 1536 1537
f 1416 1537 1535
f 1417 1535 1538
f 1417 1538 1539
f 1417 1539 1534
f 1418 1534 1540
f 1418 1540 1428
f 1419 1436 1541
f 1419 1541 1420
f 1420 1542 1421
f 1420 1541 1543
f 1420 1543 1544
f 1420 1544 1542
f 1421 1542 1545
f 1421 1545 1422
f 1422 1545 1546
f 1422 1546 1464
f 1422 1464 1463
f 1423 1458 1424
f 1424 1458 1425
f 1425 1458 1456
f 1426 1455 1427
f 1427 1455 1437
f 1428 1540 1429
f 1429 1540 1534
f 1429 1534 1547
f 1429 1547 1548
f 1429 1548 1430
f 1430 1548 1549
f 1430 1549 1431
f 1431 1549 1550
f 1431 1550 1432
f 1432 1550 1551
f 1432 1551 1433
f 1433 1552 1435
f 1433 1435 1434
f 1433 1551 1552
f 1435 1552 1553
f 1435 1553 1554
f 1435 1554 1555
f 1435 1555 1436
f 1436 1555 1541
f 1437 1439 1438
f 1437 1455 1454
f 1437 1454 1453
f 1437 1453 1452
f 1437 1452 1439
f 1439 1452 1440
f 1440 1452 1451
f 1442 1472 1471
f 1442 1471 1556
f 1442 1556 1559
f 1442 1559 1557
f 1442 1557 1558
f 1442 1558 1443
f 1444 1558 1557
f 1444 1557 1445
f 1445 1557 1446
f 1446 1557 1449
f 1449 1557 1559
f 1449 1559 1450
f 1456 1458 1457
f 1459 1460 1462
f 1459 1462 1560
f 1459 1560 1461
f 1461 1560 1462
f 1464 1561 1562
f 1464 1562 1465
f 1464 1546 1563
f 1464 1563 1564
f 1464 1564 1561
f 1465 1562 1565
f 1465 1565 1466
f 1466 1565 1566
f 1466 1566 1467
f 1467 1566 1567
f 1467 1567 1568
f 1467 1568 1468
f 1468 1569 1570
f 1468 1471 1469
f 1468 1568 1569
f 1469 1471 1470
f 1473 1571 1474
f 1474 1571 1666
f 1474 1666 1572
f 1474 1572 1475
f 1475 1572 1477
f 1476 1478 1482
f 1477 1572 1573
f 1477 1573 1478
f 1478 1573 1482
f 1479 1574 1480
f 1480 1574 1583
f 1480 1583 1575
f 1480 1575 1576
f 1480 1576 1577
f 1480 1577 1501
f 1482 1573 1483
f 1483 1573 1578
f 1483 1578 1579
f 1483 1579 1484
f 1484 1579 1486
f 1485 1486 1487
f 1486 1580 1581
f 1486 1581 1487
f 1486 1579 1582
f 1486 1582 1580
f 1487 1581 1583
f 1487 1583 1488
f 1488 1583 1574
f 1488 1574 1489
f 1490 1492 1491
f 1497 1502 1584
f 1497 1584 1585
f 1497 1585 1586
f 1497 1586 1587
f 1497 1587 1588
f 1497 1588 1498
f 1498 1500 1499
f 1498 1588 1500
f 1500 1588 1589
f 1500 1589 1513
f 1500 1513 1512
f 1501 1577 1584
f 1501 1584 1502
f 1503 1508 1590
f 1503 1590 1514
f 1505 1511 1591
f 1505 1591 1592
f 1505 1592 1506
f 1506 1592 1507
f 1507 1592 1591
f 1507 1591 1593
f 1507 1593 1594
f 1507 1594 1595
f 1507 1595 1596
f 1507 1596 1508
f 1508 1597 1514
f 1508 1514 1590
f 1508 1596 1597
f 1509 1598 1599
f 1509 1599 1600
f 1509 1600 1601
f 1509 1601 1511
f 1509 1511 1510
f 1509 1513 1589
f 1509 1589 1602
f 1509 1602 1603
f 1509 1603 1604
f 1509 1604 1605
f 1509 1605 1598
f 1511 1601 1606
f 1511 1606 1591
f 1514 1597 1596
f 1514 1596 1515
f 1515 1517 1516
f 1515 1596 1595
f 1515 1595 1517
f 1517 1595 1518
f 1518 1595 1607
f 1518 1607 1608
f 1518 1608 1519
f 1519 1608 1522
f 1520 1609 1610
f 1520 1610 1611
f 1520 1611 1612
f 1520 1612 1613
f 1520 1613 1521
f 1520 1523 1614
f 1520 1614 1609
f 1521 1613 1615
f 1521 1615 1616
f 1521 1616 1524
f 1522 1608 1523
f 1523 1617 1618
f 1523 1618 1619
f 1523 1619 1620
f 1523 1620 1614
f 1523 1608 1621
f 1523 1621 1617
f 1524 1616 1525
f 1525 1616 1622
f 1525 1622 1623
f 1525 1623 1624
f 1525 1624 1625
f 1525 1625 1526
f 1526 1625 1529
f 1526 1529 1527
f 1527 1529 1528
f 1529 1625 1626
f 1529 1626 1530
f 1530 1626 1623
f 1530 1623 1627
f 1530 1627 1531
f 1531 1628 1709
f 1531 1709 1629
f 1531 1629 1630
f 1531 1630 1532
f 1531 1627 1631
f 1531 1631 1632
f 1531 1632 1628
f 1532 1630 1533
f 1533 1630 1633
f 1533 1633 1634
f 1533 1634 1536
f 1534 1539 1635
f 1534 1635 1636
f 1534 1636 1547
f 1535 1537 1637
f 1535 1637 1538
f 1536 1634 1637
f 1536 1637 1537
f 1538 1635 1539
f 1538 1637 1638
f 1538 1638 1635
f 1541 1555 1543
f 1542 1544 1546
f 1542 1546 1545
f 1543 1555 1639
f 1543 1639 1563
f 1543 1563 1546
f 1543 1546 1544
f 1547 1636 1635
f 1547 1635 1548
f 1548 1635 1640
f 1548 1640 1638
f 1548 1638 1549
f 1549 1638 1637
f 1549 1637 1641
f 1549 1641 1642
f 1549 1642 1550
f 1550 1642 1643
f 1550 1643 1644
f 1550 1644 1645
f 1550 1645 1551
f 1551 1645 1552
f 1552 1645 1553
f 1553 1646 1647
f 1553 1647 1648
f 1553 1648 1649
f 1553 1649 1554
f 1553 1645 1650
f 1553 1650 1644
f 1553 1644 1646
f 1554 1649 1651
f 1554 1651 1652
f 1554 1652 1653
f 1554 1653 1555
f 1555 1653 1639
f 1561 1654 1562
f 1561 1564 1654
f 1562 1654 1655
f 1562 1655 1565
f 1563 1639 1656
f 1563 1656 1564
f 1564 1656 1657
f 1564 1657 1654
f 1565 1655 1658
f 1565 1658 1659
f 1565 1659 1660
f 1565 1660 1566
f 1566 1660 1661
f 1566 1661 1662
f 1566 1662 1567
f 1567 1662 1663
f 1567 1663 1664
f 1567 1664 1568
f 1568 1664 1569
f 1569 1664 1663
f 1569 1663 1665
f 1569 1665 1570
f 1572 1666 1573
f 1575 1583 1580
f 1575 1580 1667
f 1575 1667 1576
f 1576 1667 1668
f 1576 1668 1669
f 1576 1669 1670
f 1576 1670 1671
f 1576 1671 1672
f 1576 1672 1673
f 1576 1673 1577
f 1577 1673 1672
f 1577 1672 1584
f 1579 1674 1582
f 1580 1675 1668
f 1580 1668 1667
f 1580 1583 1581
f 1580 1582 1676
f 1580 1676 1675
f 1582 1674 1739
f 1582 1739 1676
f 1584 1672 1677
f 1584 1677 1586
f 1584 1586 1585
f 1586 1677 1587
f 1587 1678 1679
f 1587 1679 1680
f 1587 1680 1588
f 1587 1677 1678
f 1588 1680 1681
f 1588 1681 1589
f 1589 1681 1682
f 1589 1682 1683
f 1589 1683 1684
f 1589 1684 1685
f 1589 1685 1602
f 1591 1606 1686
f 1591 1686 1687
f 1591 1687 1593
f 1593 1607 1595
f 1593 1595 1594
f 1593 1687 1607
f 1598 1605 1599
f 1599 1688 1689
f 1599 1689 1686
f 1599 1686 1606
f 1599 1606 1601
f 1599 1601 1600
f 1599 1605 1688
f 1602 1685 1603
f 1603 1685 1690
f 1603 1690 1691
f 1603 1691 1692
f 1603 1692 1693
f 1603 1693 1604
f 1604 1693 1694
f 1604 1694 1688
f 1604 1688 1605
f 1607 1687 1686
f 1607 1686 1621
f 1607 1621 1608
f 1609 1614 1695
f 1609 1695 1610
f 1610 1696 1697
f 1610 1697 1613
f 1610 1613 1611
f 1610 1695 1698
f 1610 1698 1699
f 1610 1699 1700
f 1610 1700 1696
f 1611 1613 1612
f 1613 1697 1701
f 1613 1701 1632
f 1613 1632 1631
f 1613 1631 1615
f 1614 1620 1695
f 1615 1631 1622
f 1615 1622 1616
f 1617 1621 1686
f 1617 1686 1689
f 1617 1689 1702
f 1617 1702 1703
f 1617 1703 1618
f 1618 1704 1619
f 1618 1703 1693
f 1618 1693 1704
f 1619 1704 1620
f 1620 1693 1698
f 1620 1698 1695
f 1620 1704 1705
f 1620 1705 1693
f 1622 1631 1627
f 1622 1627 1623
f 1623 1626 1624
f 1624 1626 1625
f 1628 1706 1707
f 1628 1707 1708
f 1628 1708 1709
f 1628 1632 1710
f 1628 1710 1711
f 1628 1711 1706
f 1629 1709 1633
f 1629 1633 1630
f 1632 1701 1697
f 1632 1697 1712
f 1632 1712 1713
f 1632 1713 1714
f 1632 1714 1715
f 1632 1715 1716
f 1632 1716 1717
f 1632 1717 1718
f 1632 1718 1710
f 1633 1719 1634
f 1633 1709 1720
f 1633 1720 1721
f 1633 1721 1719
f 1634 1719 1637
f 1635 1638 1640
f 1637 1719 1641
f 1639 1722 1657
f 1639 1657 1656
f 1639 1653 1723
f 1639 1723 1724
f 1639 1724 1722
f 1641 1719 1642
f 1642 1721 1644
f 1642 1644 1643
f 1642 1719 1721
f 1644 1650 1645
f 1644 1721 1725
f 1644 1725 1726
f 1644 1726 1646
f 1646 1726 1727
f 1646 1727 1647
f 1647 1727 1728
f 1647 1728 1729
f 1647 1729 1648
f 1648 1729 1730
f 1648 1730 1731
f 1648 1731 1732
f 1648 1732 1649
f 1652 1660 1659
f 1652 1659 1654
f 1652 1654 1653
f 1653 1724 1723
f 1653 1654 1724
f 1654 1659 1658
f 1654 1658 1655
f 1654 1657 1722
f 1654 1722 1724
f 1660 1662 1661
f 1662 1733 1663
f 1663 1733 1665
f 1668 1675 1669
f 1669 1734 1735
f 1669 1736 1670
f 1669 1675 1734
f 1670 1736 1671
f 1671 1736 1672
f 1672 1736 1737
f 1672 1737 1738
f 1672 1738 1677
f 1675 1676 1734
f 1676 1739 1735
f 1676 1735 1734
f 1677 1738 1678
f 1678 1738 1679
f 1679 1738 1740
f 1679 1740 1741
f 1679 1741 1742
f 1679 1742 1682
f 1679 1682 1681
f 1679 1681 1680
f 1682 1742 1743
f 1682 1743 1744
f 1682 1744 1745
f 1682 1745 1683
f 1683 1746 1747
f 1683 1747 1684
f 1683 1745 1746
f 1684 1747 1746
f 1684 1746 1685
f 1685 1746 1690
f 1688 1694 1748
f 1688 1748 1702
f 1688 1702 1689
f 1690 1746 1749
f 1690 1749 1691
f 1691 1749 1692
f 1692 1749 1750
f 1692 1750 1751
f 1692 1751 1752
f 1692 1752 1753
f 1692 1753 1754
f 1692 1754 1693
f 1693 1754 1755
f 1693 1755 1756
f 1693 1756 1757
f 1693 1757 1758
f 1693 1758 1759
f 1693 1759 1698
f 1693 1705 1704
f 1693 1703 1694
f 1694 1703 1748
f 1696 1714 1713
f 1696 1713 1712
f 1696 1712 1760
f 1696 1760 1761
f 1696 1761 1697
f 1696 1700 1762
f 1696 1762 1763
f 1696 1763 1764
f 1696 1764 1714
f 1697 1761 1712
f 1698 1759 1765
f 1698 1765 1762
f 1698 1762 1700
f 1698 1700 1699
f 1702 1748 1703
f 1706 1766 1707
f 1706 1711 1767
f 1706 1767 1768
f 1706 1768 1769
f 1706 1769 1766
f 1707 1766 1770
f 1707 1770 1721
f 1707 1721 1708
f 1708 1721 1771
f 1708 1771 1720
f 1708 1720 1709
f 1710 1718 1717
f 1710 1717 1772
f 1710 1772 1711
f 1711 1772 1767
f 1712 1761 1760
f 1714 1764 1773
f 1714 1773 1715
f 1715 1773 1774
f 1715 1774 1775
f 1715 1775 1832
f 1715 1832 1776
f 1715 1776 1777
f 1715 1777 1778
f 1715 1778 1717
f 1715 1717 1716
f 1717 1778 1779
f 1717 1779 1772
f 1720 1771 1721
f 1721 1770 1766
f 1721 1766 1769
f 1721 1769 1780
f 1721 1780 1781
f 1721 1781 1782
f 1721 1782 1726
f 1721 1726 1725
f 1726 1782 1727
f 1727 1782 1783
f 1727 1783 1728
f 1728 1783 1784
f 1728 1784 1785
f 1728 1785 1786
f 1728 1786 1787
f 1728 1787 1788
f 1728 1788 1789
f 1728 1789 1730
f 1728 1730 1729
f 1730 1789 1790
f 1730 1790 1731
f 1731 1791 1792
f 1731 1792 1732
f 1731 1790 1789
f 1731 1789 1791
f 1732 1792 1793
f 1732 1793 1794
f 1737 1740 1738
f 1740 1795 1796
f 1740 1796 1741
f 1741 1796 1797
f 1741 1797 1742
f 1742 1797 1798
f 1742 1798 1743
f 1743 1798 1799
f 1743 1799 1800
f 1743 1800 1801
f 1743 1801 1744
f 1744 1801 1802
f 1744 1802 1745
f 1745 1802 1803
f 1745 1803 1746
f 1746 1803 1804
f 1746 1804 1750
f 1746 1750 1749
f 1750 1804 1803
f 1750 1803 1802
f 1750 1802 1751
f 1751 1802 1801
f 1751 1801 1805
f 1751 1805 1806
f 1751 1806 1752
f 1752 1806 1807
f 1752 1807 1808
f 1752 1808 1753
f 1753 1808 1754
f 1754 1808 1809
f 1754 1809 1810
f 1754 1810 1811
f 1754 1811 1755
f 1755 1811 1812
f 1755 1812 1813
f 1755 1813 1756
f 1756 1813 1848
f 1756 1848 1814
f 1756 1814 1815
f 1756 1815 1757
f 1757 1815 1816
f 1757 1816 1758
f 1758 1816 1817
f 1758 1817 1759
f 1759 1818 1819
f 1759 1819 1762
f 1759 1762 1765
f 1759 1817 1816
f 1759 1816 1820
f 1759 1820 1818
f 1762 1819 1763
f 1763 1819 1818
f 1763 1818 1821
f 1763 1821 1774
f 1763 1774 1773
f 1763 1773 1764
f 1767 1772 1822
f 1767 1822 1768
f 1768 1822 1823
f 1768 1823 1824
f 1768 1824 1769
f 1769 1824 1780
f 1772 1825 1822
f 1772 1779 1825
f 1774 1821 1826
f 1774 1826 1827
f 1774 1827 1828
f 1774 1828 1775
f 1775 1828 1829
f 1775 1829 1830
f 1775 1830 1831
f 1775 1831 1832
f 1776 1832 1833
f 1776 1833 1834
f 1776 1834 1835
f 1776 1835 1779
f 1776 1779 1777
f 1777 1779 1778
f 1779 1835 1836
f 1779 1836 1825
f 1780 1837 1838
f 1780 1838 1839
f 1780 1839 1788
f 1780 1788 1787
f 1780 1787 1786
f 1780 1786 1785
f 1780 1785 1784
f 1780 1784 1783
f 1780 1783 1782
f 1780 1782 1781
f 1780 1824 1837
f 1788 1839 1840
f 1788 1840 1789
f 1789 1840 1841
f 1789 1841 1791
f 1791 1841 1840
f 1791 1840 1842
f 1791 1842 1843
f 1791 1843 1793
f 1791 1793 1792
f 1793 1843 1794
f 1795 1844 1797
f 1795 1797 1796
f 1797 1844 1798
f 1799 1809 1808
f 1799 1808 1807
f 1799 1807 1800
f 1800 1807 1805
f 1800 1805 1801
f 1805 1807 1806
f 1811 1845 1846
f 1811 1846 1812
f 1812 1846 1847
f 1812 1847 1813
f 1813 1847 1848
f 1814 1848 1815
f 1815 1848 1849
f 1815 1849 1850
f 1815 1850 1851
f 1815 1851 1816
f 1816 1851 1820
f 1818 1820 1852
f 1818 1852 1821
f 1820 1853 1854
f 1820 1854 1855
f 1820 1855 1821
f 1820 1821 1852
f 1821 1855 1856
f 1821 1856 1826
f 1822 1825 1836
f 1822 1836 1857
f 1822 1857 1858
f 1822 1858 1859
f 1822 1859 1823
f 1823 1859 1837
f 1823 1837 1824
f 1826 1856 1860
f 1826 1860 1827
f 1827 1860 1855
f 1827 1855 1854
f 1827 1854 1853
f 1827 1853 1861
f 1827 1861 1828
f 1828 1861 1829
f 1829 1862 1830
f 1829 1861 1863
f 1829 1863 1882
f 1829 1882 1862
f 1830 1862 1864
f 1830 1864 1865
f 1830 1865 1866
f 1830 1866 1831
f 1831 1866 1867
f 1831 1867 1833
f 1831 1833 1832
f 1833 1867 1868
f 1833 1868 1834
f 1834 1868 1869
f 1834 1869 1836
f 1834 1836 1835
f 1836 1869 1870
f 1836 1870 1878
f 1836 1878 1857
f 1837 1859 1858
f 1837 1858 1838
f 1838 1871 1872
f 1838 1873 1874
f 1838 1874 1875
f 1838 1875 1839
f 1838 1858 1876
f 1838 1876 1877
f 1838 1877 1878
f 1838 1878 1871
f 1839 1875 1874
f 1839 1874 1840
f 1840 1874 1842
f 1842 1874 1879
f 1842 1879 1843
f 1843 1879 1880
f 1845 1849 1846
f 1846 1849 1847
f 1847 1849 1848
f 1853 1881 1882
f 1853 1882 1863
f 1853 1863 1861
f 1855 1860 1856
f 1857 1878 1877
f 1857 1877 1876
f 1857 1876 1858
f 1862 1882 1864
f 1864 1882 1883
f 1864 1883 1884
f 1864 1884 1885
f 1864 1885 1866
f 1864 1866 1865
f 1866 1885 1886
f 1866 1886 1867
f 1867 1886 1887
f 1867 1887 1868
f 1868 1888 1889
f 1868 1889 1869
f 1869 1889 1870
f 1870 1890 1878
f 1870 1889 1872
f 1870 1872 1890
f 1871 1878 1890
f 1871 1890 1872
f 1872 1889 1888
f 1873 1891 1892
f 1873 1892 1893
f 1873 1893 1874
f 1874 1893 1879
f 1879 1893 1892
f 1879 1892 1880
f 1880 1892 1891
f 1881 1894 1882
f 1882 1894 1883
f 1883 1894 1884
f 1884 1894 1885
f 1885 1894 1895
f 1885 1895 1886
f 1886 1895 1896
f 1894 1896 1895

