# https://github.com/mikedh/trimesh
v 1.00000000 1.00000000 -1.00000000
v 1.00000000 -1.00000000 -1.00000000
v 1.00000000 1.00000000 1.00000000
v 1.00000000 -1.00000000 1.00000000
v -1.00000000 1.00000000 -1.00000000
v -1.00000000 -1.00000000 -1.00000000
v -1.00000000 1.00000000 1.00000000
v -1.00000000 -1.00000000 1.00000000
v 1.00000000 0.00000000 -1.00000000
v 1.00000000 1.00000000 0.00000000
v 1.00000000 0.00000000 0.00000000
v 1.00000000 -1.00000000 0.00000000
v 1.00000000 0.00000000 1.00000000
v 0.00000000 1.00000000 -1.00000000
v 0.00000000 -1.00000000 -1.00000000
v 0.00000000 -1.00000000 0.00000000
v -1.00000000 0.00000000 -1.00000000
v 0.00000000 0.00000000 -1.00000000
v 0.00000000 1.00000000 1.00000000
v 0.00000000 0.00000000 1.00000000
v 0.00000000 1.00000000 0.00000000
v -1.00000000 1.00000000 0.00000000
v 0.00000000 -1.00000000 1.00000000
v -1.00000000 -1.00000000 0.00000000
v -1.00000000 0.00000000 1.00000000
v -1.00000000 0.00000000 0.00000000
v 1.00000000 0.50000000 -1.00000000
v 1.00000000 -0.50000000 -1.00000000
v 1.00000000 1.00000000 -0.50000000
v 1.00000000 1.00000000 0.50000000
v 1.00000000 0.50000000 -0.50000000
v 1.00000000 -0.50000000 -0.50000000
v 1.00000000 0.50000000 0.50000000
v 1.00000000 0.00000000 -0.50000000
v 1.00000000 0.50000000 0.00000000
v 1.00000000 -1.00000000 -0.50000000
v 1.00000000 -1.00000000 0.50000000
v 1.00000000 -0.50000000 0.00000000
v 1.00000000 0.50000000 1.00000000
v 1.00000000 -0.50000000 1.00000000
v 1.00000000 0.00000000 0.50000000
v 1.00000000 -0.50000000 0.50000000
v 0.50000000 1.00000000 -1.00000000
v -0.50000000 1.00000000 -1.00000000
v 0.50000000 -1.00000000 -1.00000000
v -0.50000000 -1.00000000 -1.00000000
v 0.50000000 -1.00000000 -0.50000000
v 0.50000000 -1.00000000 0.50000000
v -0.50000000 -1.00000000 -0.50000000
v 0.50000000 -1.00000000 0.00000000
v 0.00000000 -1.00000000 -0.50000000
v -1.00000000 0.50000000 -1.00000000
v -1.00000000 -0.50000000 -1.00000000
v 0.50000000 0.50000000 -1.00000000
v -0.50000000 -0.50000000 -1.00000000
v 0.50000000 0.00000000 -1.00000000
v 0.00000000 0.50000000 -1.00000000
v 0.50000000 -0.50000000 -1.00000000
v 0.00000000 -0.50000000 -1.00000000
v -0.50000000 0.50000000 -1.00000000
v -0.50000000 0.00000000 -1.00000000
v 0.50000000 1.00000000 1.00000000
v -0.50000000 1.00000000 1.00000000
v 0.50000000 0.50000000 1.00000000
v 0.50000000 -0.50000000 1.00000000
v -0.50000000 0.50000000 1.00000000
v 0.50000000 0.00000000 1.00000000
v 0.00000000 0.50000000 1.00000000
v 0.50000000 1.00000000 -0.50000000
v -0.50000000 1.00000000 0.50000000
v 0.50000000 1.00000000 0.00000000
v 0.00000000 1.00000000 -0.50000000
v 0.50000000 1.00000000 0.50000000
v 0.00000000 1.00000000 0.50000000
v -1.00000000 1.00000000 -0.50000000
v -1.00000000 1.00000000 0.50000000
v -0.50000000 1.00000000 -0.50000000
v -0.50000000 1.00000000 0.00000000
v 0.50000000 -1.00000000 1.00000000
v -0.50000000 -1.00000000 1.00000000
v 0.00000000 -1.00000000 0.50000000
v -1.00000000 -1.00000000 -0.50000000
v -1.00000000 -1.00000000 0.50000000
v -0.50000000 -1.00000000 0.00000000
v -0.50000000 -1.00000000 0.50000000
v 0.00000000 -0.50000000 1.00000000
v -1.00000000 0.50000000 1.00000000
v -1.00000000 -0.50000000 1.00000000
v -0.50000000 0.00000000 1.00000000
v -0.50000000 -0.50000000 1.00000000
v -1.00000000 0.50000000 -0.50000000
v -1.00000000 -0.50000000 0.50000000
v -1.00000000 0.00000000 -0.50000000
v -1.00000000 0.50000000 0.00000000
v -1.00000000 -0.50000000 -0.50000000
v -1.00000000 -0.50000000 0.00000000
v -1.00000000 0.50000000 0.50000000
v -1.00000000 0.00000000 0.50000000
v 1.00000000 0.75000000 -1.00000000
v 1.00000000 0.25000000 -1.00000000
v 1.00000000 -0.75000000 -1.00000000
v 1.00000000 -0.25000000 -1.00000000
v 1.00000000 1.00000000 -0.75000000
v 1.00000000 1.00000000 -0.25000000
v 1.00000000 1.00000000 0.75000000
v 1.00000000 1.00000000 0.25000000
v 1.00000000 0.75000000 -0.75000000
v 1.00000000 0.25000000 -0.75000000
v 1.00000000 0.75000000 -0.25000000
v 1.00000000 0.50000000 -0.75000000
v 1.00000000 0.75000000 -0.50000000
v 1.00000000 -0.75000000 -0.75000000
v 1.00000000 -0.25000000 -0.25000000
v 1.00000000 -0.50000000 -0.75000000
v 1.00000000 0.75000000 0.75000000
v 1.00000000 0.25000000 0.25000000
v 1.00000000 0.75000000 0.50000000
v 1.00000000 0.00000000 -0.75000000
v 1.00000000 0.00000000 -0.25000000
v 1.00000000 -0.25000000 -0.75000000
v 1.00000000 0.25000000 -0.50000000
v 1.00000000 -0.25000000 -0.50000000
v 1.00000000 0.75000000 0.00000000
v 1.00000000 0.25000000 0.00000000
v 1.00000000 0.75000000 0.25000000
v 1.00000000 0.50000000 -0.25000000
v 1.00000000 0.50000000 0.25000000
v 1.00000000 0.25000000 -0.25000000
v 1.00000000 -1.00000000 -0.75000000
v 1.00000000 -1.00000000 -0.25000000
v 1.00000000 -1.00000000 0.75000000
v 1.00000000 -1.00000000 0.25000000
v 1.00000000 -0.75000000 -0.50000000
v 1.00000000 -0.25000000 0.00000000
v 1.00000000 -0.75000000 0.00000000
v 1.00000000 -0.50000000 -0.25000000
v 1.00000000 -0.75000000 -0.25000000
v 1.00000000 0.75000000 1.00000000
v 1.00000000 0.25000000 1.00000000
v 1.00000000 0.50000000 0.75000000
v 1.00000000 -0.75000000 1.00000000
v 1.00000000 -0.25000000 1.00000000
v 1.00000000 -0.75000000 0.75000000
v 1.00000000 0.00000000 0.25000000
v 1.00000000 0.00000000 0.75000000
v 1.00000000 0.25000000 0.50000000
v 1.00000000 -0.25000000 0.25000000
v 1.00000000 0.25000000 0.75000000
v 1.00000000 -0.75000000 0.25000000
v 1.00000000 -0.25000000 0.75000000
v 1.00000000 -0.75000000 0.50000000
v 1.00000000 -0.50000000 0.25000000
v 1.00000000 -0.50000000 0.75000000
v 1.00000000 -0.25000000 0.50000000
v 0.75000000 1.00000000 -1.00000000
v 0.25000000 1.00000000 -1.00000000
v -0.75000000 1.00000000 -1.00000000
v -0.25000000 1.00000000 -1.00000000
v 0.75000000 -1.00000000 -1.00000000
v 0.25000000 -1.00000000 -1.00000000
v 0.75000000 -1.00000000 -0.75000000
v -0.75000000 -1.00000000 -1.00000000
v -0.25000000 -1.00000000 -1.00000000
v 0.75000000 -1.00000000 -0.25000000
v 0.25000000 -1.00000000 -0.75000000
v 0.75000000 -1.00000000 -0.50000000
v 0.50000000 -1.00000000 -0.75000000
v 0.75000000 -1.00000000 0.75000000
v 0.25000000 -1.00000000 0.25000000
v 0.75000000 -1.00000000 0.50000000
v -0.75000000 -1.00000000 -0.75000000
v -0.25000000 -1.00000000 -0.25000000
v -0.50000000 -1.00000000 -0.75000000
v 0.75000000 -1.00000000 0.00000000
v 0.25000000 -1.00000000 0.00000000
v 0.75000000 -1.00000000 0.25000000
v 0.50000000 -1.00000000 -0.25000000
v 0.50000000 -1.00000000 0.25000000
v 0.00000000 -1.00000000 -0.75000000
v 0.00000000 -1.00000000 -0.25000000
v -0.25000000 -1.00000000 -0.75000000
v 0.25000000 -1.00000000 -0.50000000
v -0.25000000 -1.00000000 -0.50000000
v 0.25000000 -1.00000000 -0.25000000
v -1.00000000 0.75000000 -1.00000000
v -1.00000000 0.25000000 -1.00000000
v -1.00000000 -0.75000000 -1.00000000
v -1.00000000 -0.25000000 -1.00000000
v 0.75000000 0.75000000 -1.00000000
v 0.25000000 0.25000000 -1.00000000
v 0.75000000 0.50000000 -1.00000000
v 0.50000000 0.75000000 -1.00000000
v -0.75000000 -0.75000000 -1.00000000
v -0.25000000 -0.25000000 -1.00000000
v 0.75000000 0.00000000 -1.00000000
v 0.25000000 0.00000000 -1.00000000
v 0.75000000 0.25000000 -1.00000000
v 0.50000000 0.25000000 -1.00000000
v 0.00000000 0.75000000 -1.00000000
v 0.00000000 0.25000000 -1.00000000
v 0.25000000 0.75000000 -1.00000000
v 0.25000000 0.50000000 -1.00000000
v 0.75000000 -0.75000000 -1.00000000
v -0.50000000 -0.75000000 -1.00000000
v 0.75000000 -0.25000000 -1.00000000
v 0.25000000 -0.75000000 -1.00000000
v 0.75000000 -0.50000000 -1.00000000
v 0.50000000 -0.25000000 -1.00000000
v 0.50000000 -0.75000000 -1.00000000
v 0.00000000 -0.25000000 -1.00000000
v 0.00000000 -0.75000000 -1.00000000
v -0.25000000 -0.50000000 -1.00000000
v 0.25000000 -0.25000000 -1.00000000
v -0.25000000 -0.75000000 -1.00000000
v 0.25000000 -0.50000000 -1.00000000
v -0.75000000 0.75000000 -1.00000000
v -0.75000000 -0.50000000 -1.00000000
v -0.25000000 0.75000000 -1.00000000
v -0.75000000 0.25000000 -1.00000000
v -0.50000000 0.75000000 -1.00000000
v -0.25000000 0.50000000 -1.00000000
v -0.75000000 0.50000000 -1.00000000
v -0.25000000 0.00000000 -1.00000000
v -0.75000000 0.00000000 -1.00000000
v -0.50000000 -0.25000000 -1.00000000
v -0.25000000 0.25000000 -1.00000000
v -0.75000000 -0.25000000 -1.00000000
v -0.50000000 0.25000000 -1.00000000
v 0.75000000 1.00000000 1.00000000
v 0.25000000 1.00000000 1.00000000
v 0.75000000 0.75000000 1.00000000
v -0.75000000 1.00000000 1.00000000
v -0.25000000 1.00000000 1.00000000
v 0.75000000 0.25000000 1.00000000
v 0.25000000 0.75000000 1.00000000
v 0.75000000 0.50000000 1.00000000
v 0.50000000 0.75000000 1.00000000
v 0.75000000 -0.75000000 1.00000000
v 0.25000000 -0.25000000 1.00000000
v 0.75000000 -0.50000000 1.00000000
v -0.75000000 0.75000000 1.00000000
v -0.25000000 0.25000000 1.00000000
v -0.50000000 0.75000000 1.00000000
v 0.75000000 0.00000000 1.00000000
v 0.25000000 0.00000000 1.00000000
v 0.75000000 -0.25000000 1.00000000
v 0.50000000 0.25000000 1.00000000
v 0.50000000 -0.25000000 1.00000000
v 0.00000000 0.75000000 1.00000000
v 0.00000000 0.25000000 1.00000000
v -0.25000000 0.75000000 1.00000000
v 0.25000000 0.50000000 1.00000000
v -0.25000000 0.50000000 1.00000000
v 0.25000000 0.25000000 1.00000000
v 0.75000000 1.00000000 -0.75000000
v 0.25000000 1.00000000 -0.25000000
v 0.75000000 1.00000000 -0.50000000
v 0.50000000 1.00000000 -0.75000000
v -0.75000000 1.00000000 0.75000000
v -0.25000000 1.00000000 0.25000000
v 0.75000000 1.00000000 0.00000000
v 0.25000000 1.00000000 0.00000000
v 0.75000000 1.00000000 -0.25000000
v 0.50000000 1.00000000 -0.25000000
v 0.00000000 1.00000000 -0.75000000
v 0.00000000 1.00000000 -0.25000000
v 0.25000000 1.00000000 -0.75000000
v 0.25000000 1.00000000 -0.50000000
v 0.75000000 1.00000000 0.75000000
v -0.50000000 1.00000000 0.75000000
v 0.75000000 1.00000000 0.25000000
v 0.25000000 1.00000000 0.75000000
v 0.75000000 1.00000000 0.50000000
v 0.50000000 1.00000000 0.25000000
v 0.50000000 1.00000000 0.75000000
v 0.00000000 1.00000000 0.25000000
v 0.00000000 1.00000000 0.75000000
v -0.25000000 1.00000000 0.50000000
v 0.25000000 1.00000000 0.25000000
v -0.25000000 1.00000000 0.75000000
v 0.25000000 1.00000000 0.50000000
v -1.00000000 1.00000000 -0.75000000
v -1.00000000 1.00000000 -0.25000000
v -0.75000000 1.00000000 -0.75000000
v -1.00000000 1.00000000 0.75000000
v -1.00000000 1.00000000 0.25000000
v -0.75000000 1.00000000 0.50000000
v -0.25000000 1.00000000 -0.75000000
v -0.75000000 1.00000000 -0.25000000
v -0.50000000 1.00000000 -0.75000000
v -0.25000000 1.00000000 -0.50000000
v -0.75000000 1.00000000 -0.50000000
v -0.25000000 1.00000000 0.00000000
v -0.75000000 1.00000000 0.00000000
v -0.50000000 1.00000000 0.25000000
v -0.25000000 1.00000000 -0.25000000
v -0.75000000 1.00000000 0.25000000
v -0.50000000 1.00000000 -0.25000000
v 0.75000000 -1.00000000 1.00000000
v 0.25000000 -1.00000000 1.00000000
v 0.50000000 -1.00000000 0.75000000
v -0.75000000 -1.00000000 1.00000000
v -0.25000000 -1.00000000 1.00000000
v 0.00000000 -1.00000000 0.25000000
v 0.00000000 -1.00000000 0.75000000
v 0.25000000 -1.00000000 0.50000000
v 0.25000000 -1.00000000 0.75000000
v -1.00000000 -1.00000000 -0.75000000
v -1.00000000 -1.00000000 -0.25000000
v -0.75000000 -1.00000000 -0.50000000
v -1.00000000 -1.00000000 0.75000000
v -1.00000000 -1.00000000 0.25000000
v -0.75000000 -1.00000000 0.75000000
v -0.25000000 -1.00000000 0.00000000
v -0.75000000 -1.00000000 0.00000000
v -0.50000000 -1.00000000 -0.25000000
v -0.25000000 -1.00000000 0.25000000
v -0.75000000 -1.00000000 -0.25000000
v -0.25000000 -1.00000000 0.75000000
v -0.75000000 -1.00000000 0.25000000
v -0.50000000 -1.00000000 0.75000000
v -0.25000000 -1.00000000 0.50000000
v -0.75000000 -1.00000000 0.50000000
v -0.50000000 -1.00000000 0.25000000
v 0.50000000 -0.75000000 1.00000000
v 0.00000000 -0.25000000 1.00000000
v 0.00000000 -0.75000000 1.00000000
v 0.25000000 -0.50000000 1.00000000
v 0.25000000 -0.75000000 1.00000000
v -1.00000000 0.75000000 1.00000000
v -1.00000000 0.25000000 1.00000000
v -0.75000000 0.50000000 1.00000000
v -1.00000000 -0.75000000 1.00000000
v -1.00000000 -0.25000000 1.00000000
v -0.75000000 -0.75000000 1.00000000
v -0.25000000 0.00000000 1.00000000
v -0.75000000 0.00000000 1.00000000
v -0.50000000 0.25000000 1.00000000
v -0.25000000 -0.25000000 1.00000000
v -0.75000000 0.25000000 1.00000000
v -0.25000000 -0.75000000 1.00000000
v -0.75000000 -0.25000000 1.00000000
v -0.50000000 -0.75000000 1.00000000
v -0.25000000 -0.50000000 1.00000000
v -0.75000000 -0.50000000 1.00000000
v -0.50000000 -0.25000000 1.00000000
v -1.00000000 0.75000000 -0.75000000
v -1.00000000 0.25000000 -0.25000000
v -1.00000000 0.50000000 -0.75000000
v -1.00000000 0.75000000 -0.50000000
v -1.00000000 -0.75000000 0.75000000
v -1.00000000 -0.25000000 0.25000000
v -1.00000000 0.00000000 -0.75000000
v -1.00000000 0.00000000 -0.25000000
v -1.00000000 0.25000000 -0.75000000
v -1.00000000 0.25000000 -0.50000000
v -1.00000000 0.75000000 0.00000000
v -1.00000000 0.25000000 0.00000000
v -1.00000000 0.75000000 -0.25000000
v -1.00000000 0.50000000 -0.25000000
v -1.00000000 -0.75000000 -0.75000000
v -1.00000000 -0.75000000 0.50000000
v -1.00000000 -0.25000000 -0.75000000
v -1.00000000 -0.75000000 -0.25000000
v -1.00000000 -0.50000000 -0.75000000
v -1.00000000 -0.25000000 -0.50000000
v -1.00000000 -0.75000000 -0.50000000
v -1.00000000 -0.25000000 0.00000000
v -1.00000000 -0.75000000 0.00000000
v -1.00000000 -0.50000000 0.25000000
v -1.00000000 -0.25000000 -0.25000000
v -1.00000000 -0.75000000 0.25000000
v -1.00000000 -0.50000000 -0.25000000
v -1.00000000 0.75000000 0.75000000
v -1.00000000 -0.50000000 0.75000000
v -1.00000000 0.75000000 0.25000000
v -1.00000000 0.25000000 0.75000000
v -1.00000000 0.75000000 0.50000000
v -1.00000000 0.50000000 0.25000000
v -1.00000000 0.50000000 0.75000000
v -1.00000000 0.00000000 0.25000000
v -1.00000000 0.00000000 0.75000000
v -1.00000000 -0.25000000 0.50000000
v -1.00000000 0.25000000 0.25000000
v -1.00000000 -0.25000000 0.75000000
v -1.00000000 0.25000000 0.50000000
v 1.00000000 0.87500000 -1.00000000
v 1.00000000 0.62500000 -1.00000000
v 1.00000000 0.12500000 -1.00000000
v 1.00000000 0.37500000 -1.00000000
v 1.00000000 -0.87500000 -1.00000000
v 1.00000000 -0.62500000 -1.00000000
v 1.00000000 -0.12500000 -1.00000000
v 1.00000000 -0.37500000 -1.00000000
v 1.00000000 1.00000000 -0.87500000
v 1.00000000 1.00000000 -0.62500000
v 1.00000000 1.00000000 -0.12500000
v 1.00000000 1.00000000 -0.37500000
v 1.00000000 1.00000000 0.87500000
v 1.00000000 1.00000000 0.62500000
v 1.00000000 1.00000000 0.12500000
v 1.00000000 1.00000000 0.37500000
v 1.00000000 0.87500000 -0.87500000
v 1.00000000 0.62500000 -0.87500000
v 1.00000000 0.87500000 -0.62500000
v 1.00000000 0.75000000 -0.87500000
v 1.00000000 0.87500000 -0.75000000
v 1.00000000 0.12500000 -0.87500000
v 1.00000000 0.37500000 -0.62500000
v 1.00000000 0.25000000 -0.87500000
v 1.00000000 0.87500000 -0.12500000
v 1.00000000 0.62500000 -0.37500000
v 1.00000000 0.87500000 -0.25000000
v 1.00000000 0.50000000 -0.87500000
v 1.00000000 0.50000000 -0.62500000
v 1.00000000 0.37500000 -0.87500000
v 1.00000000 0.62500000 -0.75000000
v 1.00000000 0.37500000 -0.75000000
v 1.00000000 0.87500000 -0.50000000
v 1.00000000 0.62500000 -0.50000000
v 1.00000000 0.87500000 -0.37500000
v 1.00000000 0.75000000 -0.62500000
v 1.00000000 0.75000000 -0.37500000
v 1.00000000 0.62500000 -0.62500000
v 1.00000000 -0.87500000 -0.87500000
v 1.00000000 -0.62500000 -0.62500000
v 1.00000000 -0.75000000 -0.87500000
v 1.00000000 -0.12500000 -0.12500000
v 1.00000000 -0.37500000 -0.37500000
v 1.00000000 -0.50000000 -0.87500000
v 1.00000000 -0.50000000 -0.62500000
v 1.00000000 -0.62500000 -0.87500000
v 1.00000000 -0.62500000 -0.75000000
v 1.00000000 0.87500000 0.87500000
v 1.00000000 0.62500000 0.62500000
v 1.00000000 0.87500000 0.75000000
v 1.00000000 0.12500000 0.12500000
v 1.00000000 0.37500000 0.37500000
v 1.00000000 0.87500000 0.50000000
v 1.00000000 0.62500000 0.50000000
v 1.00000000 0.87500000 0.62500000
v 1.00000000 0.75000000 0.62500000
v 1.00000000 0.00000000 -0.87500000
v 1.00000000 0.00000000 -0.62500000
v 1.00000000 -0.12500000 -0.87500000
v 1.00000000 0.12500000 -0.75000000
v 1.00000000 0.00000000 -0.12500000
v 1.00000000 0.00000000 -0.37500000
v 1.00000000 -0.12500000 -0.25000000
v 1.00000000 -0.37500000 -0.87500000
v 1.00000000 -0.12500000 -0.62500000
v 1.00000000 -0.25000000 -0.87500000
v 1.00000000 -0.37500000 -0.75000000
v 1.00000000 -0.12500000 -0.75000000
v 1.00000000 0.37500000 -0.50000000
v 1.00000000 0.12500000 -0.50000000
v 1.00000000 0.25000000 -0.62500000
v 1.00000000 0.12500000 -0.62500000
v 1.00000000 -0.37500000 -0.50000000
v 1.00000000 -0.12500000 -0.50000000
v 1.00000000 -0.25000000 -0.37500000
v 1.00000000 -0.37500000 -0.62500000
v 1.00000000 -0.12500000 -0.37500000
v 1.00000000 -0.25000000 -0.62500000
v 1.00000000 0.87500000 0.00000000
v 1.00000000 0.62500000 0.00000000
v 1.00000000 0.87500000 0.12500000
v 1.00000000 0.75000000 -0.12500000
v 1.00000000 0.12500000 0.00000000
v 1.00000000 0.37500000 0.00000000
v 1.00000000 0.25000000 0.12500000
v 1.00000000 0.12500000 -0.12500000
v 1.00000000 0.87500000 0.37500000
v 1.00000000 0.62500000 0.12500000
v 1.00000000 0.87500000 0.25000000
v 1.00000000 0.75000000 0.37500000
v 1.00000000 0.75000000 0.12500000
v 1.00000000 0.50000000 -0.37500000
v 1.00000000 0.50000000 -0.12500000
v 1.00000000 0.62500000 -0.25000000
v 1.00000000 0.37500000 -0.37500000
v 1.00000000 0.62500000 -0.12500000
v 1.00000000 0.50000000 0.37500000
v 1.00000000 0.50000000 0.12500000
v 1.00000000 0.37500000 0.25000000
v 1.00000000 0.62500000 0.37500000
v 1.00000000 0.37500000 0.12500000
v 1.00000000 0.62500000 0.25000000
v 1.00000000 0.12500000 -0.37500000
v 1.00000000 0.37500000 -0.12500000
v 1.00000000 0.12500000 -0.25000000
v 1.00000000 0.25000000 -0.37500000
v 1.00000000 0.25000000 -0.12500000
v 1.00000000 0.37500000 -0.25000000
v 1.00000000 -1.00000000 -0.87500000
v 1.00000000 -1.00000000 -0.62500000
v 1.00000000 -1.00000000 -0.12500000
v 1.00000000 -1.00000000 -0.37500000
v 1.00000000 -1.00000000 0.87500000
v 1.00000000 -1.00000000 0.62500000
v 1.00000000 -1.00000000 0.12500000
v 1.00000000 -1.00000000 0.37500000
v 1.00000000 -0.87500000 -0.75000000
v 1.00000000 -0.62500000 -0.50000000
v 1.00000000 -0.87500000 -0.50000000
v 1.00000000 -0.75000000 -0.62500000
v 1.00000000 -0.87500000 -0.62500000
v 1.00000000 -0.12500000 0.00000000
v 1.00000000 -0.37500000 0.00000000
v 1.00000000 -0.25000000 -0.12500000
v 1.00000000 -0.87500000 0.00000000
v 1.00000000 -0.62500000 0.00000000
v 1.00000000 -0.87500000 -0.12500000
v 1.00000000 -0.50000000 -0.37500000
v 1.00000000 -0.50000000 -0.12500000
v 1.00000000 -0.37500000 -0.25000000
v 1.00000000 -0.62500000 -0.37500000
v 1.00000000 -0.37500000 -0.12500000
v 1.00000000 -0.87500000 -0.37500000
v 1.00000000 -0.62500000 -0.12500000
v 1.00000000 -0.87500000 -0.25000000
v 1.00000000 -0.75000000 -0.37500000
v 1.00000000 -0.75000000 -0.12500000
v 1.00000000 -0.62500000 -0.25000000
v 1.00000000 0.87500000 1.00000000
v 1.00000000 0.62500000 1.00000000
v 1.00000000 0.75000000 0.87500000
v 1.00000000 0.12500000 1.00000000
v 1.00000000 0.37500000 1.00000000
v 1.00000000 0.50000000 0.62500000
v 1.00000000 0.50000000 0.87500000
v 1.00000000 0.62500000 0.75000000
v 1.00000000 0.62500000 0.87500000
v 1.00000000 -0.87500000 1.00000000
v 1.00000000 -0.62500000 1.00000000
v 1.00000000 -0.87500000 0.87500000
v 1.00000000 -0.12500000 1.00000000
v 1.00000000 -0.37500000 1.00000000
v 1.00000000 -0.87500000 0.62500000
v 1.00000000 -0.62500000 0.87500000
v 1.00000000 -0.87500000 0.75000000
v 1.00000000 -0.75000000 0.87500000
v 1.00000000 0.00000000 0.12500000
v 1.00000000 0.00000000 0.37500000
v 1.00000000 0.12500000 0.25000000
v 1.00000000 -0.12500000 0.12500000
v 1.00000000 0.00000000 0.87500000
v 1.00000000 0.00000000 0.62500000
v 1.00000000 0.12500000 0.87500000
v 1.00000000 0.37500000 0.50000000
v 1.00000000 0.12500000 0.50000000
v 1.00000000 0.25000000 0.37500000
v 1.00000000 0.37500000 0.62500000
v 1.00000000 0.12500000 0.37500000
v 1.00000000 -0.37500000 0.12500000
v 1.00000000 -0.12500000 0.37500000
v 1.00000000 -0.25000000 0.12500000
v 1.00000000 -0.12500000 0.25000000
v 1.00000000 0.37500000 0.87500000
v 1.00000000 0.12500000 0.62500000
v 1.00000000 0.25000000 0.87500000
v 1.00000000 0.37500000 0.75000000
v 1.00000000 0.12500000 0.75000000
v 1.00000000 0.25000000 0.62500000
v 1.00000000 -0.87500000 0.12500000
v 1.00000000 -0.62500000 0.37500000
v 1.00000000 -0.87500000 0.25000000
v 1.00000000 -0.75000000 0.12500000
v 1.00000000 -0.12500000 0.87500000
v 1.00000000 -0.37500000 0.62500000
v 1.00000000 -0.25000000 0.87500000
v 1.00000000 -0.12500000 0.75000000
v 1.00000000 -0.87500000 0.50000000
v 1.00000000 -0.62500000 0.50000000
v 1.00000000 -0.87500000 0.37500000
v 1.00000000 -0.75000000 0.62500000
v 1.00000000 -0.75000000 0.37500000
v 1.00000000 -0.50000000 0.12500000
v 1.00000000 -0.50000000 0.37500000
v 1.00000000 -0.62500000 0.12500000
v 1.00000000 -0.37500000 0.25000000
v 1.00000000 -0.62500000 0.25000000
v 1.00000000 -0.50000000 0.87500000
v 1.00000000 -0.50000000 0.62500000
v 1.00000000 -0.37500000 0.87500000
v 1.00000000 -0.62500000 0.75000000
v 1.00000000 -0.37500000 0.75000000
v 1.00000000 -0.62500000 0.62500000
v 1.00000000 -0.12500000 0.50000000
v 1.00000000 -0.37500000 0.50000000
v 1.00000000 -0.12500000 0.62500000
v 1.00000000 -0.25000000 0.37500000
v 1.00000000 -0.25000000 0.62500000
v 1.00000000 -0.37500000 0.37500000
v 0.87500000 1.00000000 -1.00000000
v 0.62500000 1.00000000 -1.00000000
v 0.12500000 1.00000000 -1.00000000
v 0.37500000 1.00000000 -1.00000000
v -0.87500000 1.00000000 -1.00000000
v -0.62500000 1.00000000 -1.00000000
v -0.12500000 1.00000000 -1.00000000
v -0.37500000 1.00000000 -1.00000000
v 0.87500000 -1.00000000 -1.00000000
v 0.62500000 -1.00000000 -1.00000000
v 0.87500000 -1.00000000 -0.87500000
v 0.12500000 -1.00000000 -1.00000000
v 0.37500000 -1.00000000 -1.00000000
v 0.87500000 -1.00000000 -0.62500000
v 0.62500000 -1.00000000 -0.87500000
v 0.87500000 -1.00000000 -0.75000000
v 0.75000000 -1.00000000 -0.87500000
v -0.87500000 -1.00000000 -1.00000000
v -0.62500000 -1.00000000 -1.00000000
v -0.12500000 -1.00000000 -1.00000000
v -0.37500000 -1.00000000 -1.00000000
v 0.87500000 -1.00000000 -0.12500000
v 0.62500000 -1.00000000 -0.37500000
v 0.87500000 -1.00000000 -0.25000000
v 0.12500000 -1.00000000 -0.87500000
v 0.37500000 -1.00000000 -0.62500000
v 0.25000000 -1.00000000 -0.87500000
v 0.87500000 -1.00000000 -0.50000000
v 0.62500000 -1.00000000 -0.50000000
v 0.87500000 -1.00000000 -0.37500000
v 0.75000000 -1.00000000 -0.62500000
v 0.75000000 -1.00000000 -0.37500000
v 0.50000000 -1.00000000 -0.87500000
v 0.50000000 -1.00000000 -0.62500000
v 0.37500000 -1.00000000 -0.87500000
v 0.62500000 -1.00000000 -0.75000000
v 0.37500000 -1.00000000 -0.75000000
v 0.62500000 -1.00000000 -0.62500000
v 0.87500000 -1.00000000 0.87500000
v 0.62500000 -1.00000000 0.62500000
v 0.87500000 -1.00000000 0.75000000
v 0.12500000 -1.00000000 0.12500000
v 0.37500000 -1.00000000 0.37500000
v 0.87500000 -1.00000000 0.50000000
v 0.62500000 -1.00000000 0.50000000
v 0.87500000 -1.00000000 0.62500000
v 0.75000000 -1.00000000 0.62500000
v -0.87500000 -1.00000000 -0.87500000
v -0.62500000 -1.00000000 -0.62500000
v -0.75000000 -1.00000000 -0.87500000
v -0.12500000 -1.00000000 -0.12500000
v -0.37500000 -1.00000000 -0.37500000
v -0.50000000 -1.00000000 -0.87500000
v -0.50000000 -1.00000000 -0.62500000
v -0.62500000 -1.00000000 -0.87500000
v -0.62500000 -1.00000000 -0.75000000
v 0.87500000 -1.00000000 0.00000000
v 0.62500000 -1.00000000 0.00000000
v 0.87500000 -1.00000000 0.12500000
v 0.75000000 -1.00000000 -0.12500000
v 0.12500000 -1.00000000 0.00000000
v 0.37500000 -1.00000000 0.00000000
v 0.25000000 -1.00000000 0.12500000
v 0.87500000 -1.00000000 0.37500000
v 0.62500000 -1.00000000 0.12500000
v 0.87500000 -1.00000000 0.25000000
v 0.75000000 -1.00000000 0.37500000
v 0.75000000 -1.00000000 0.12500000
v 0.50000000 -1.00000000 -0.37500000
v 0.50000000 -1.00000000 -0.12500000
v 0.62500000 -1.00000000 -0.25000000
v 0.62500000 -1.00000000 -0.12500000
v 0.50000000 -1.00000000 0.37500000
v 0.50000000 -1.00000000 0.12500000
v 0.37500000 -1.00000000 0.25000000
v 0.62500000 -1.00000000 0.37500000
v 0.37500000 -1.00000000 0.12500000
v 0.62500000 -1.00000000 0.25000000
v 0.00000000 -1.00000000 -0.87500000
v 0.00000000 -1.00000000 -0.62500000
v -0.12500000 -1.00000000 -0.87500000
v 0.12500000 -1.00000000 -0.75000000
v 0.00000000 -1.00000000 -0.12500000
v 0.00000000 -1.00000000 -0.37500000
v -0.12500000 -1.00000000 -0.25000000
v 0.12500000 -1.00000000 -0.12500000
v -0.37500000 -1.00000000 -0.87500000
v -0.12500000 -1.00000000 -0.62500000
v -0.25000000 -1.00000000 -0.87500000
v -0.37500000 -1.00000000 -0.75000000
v -0.12500000 -1.00000000 -0.75000000
v 0.37500000 -1.00000000 -0.50000000
v 0.12500000 -1.00000000 -0.50000000
v 0.25000000 -1.00000000 -0.62500000
v 0.37500000 -1.00000000 -0.37500000
v 0.12500000 -1.00000000 -0.62500000
v -0.37500000 -1.00000000 -0.50000000
v -0.12500000 -1.00000000 -0.50000000
v -0.25000000 -1.00000000 -0.37500000
v -0.37500000 -1.00000000 -0.62500000
v -0.12500000 -1.00000000 -0.37500000
v -0.25000000 -1.00000000 -0.62500000
v 0.37500000 -1.00000000 -0.12500000
v 0.12500000 -1.00000000 -0.37500000
v 0.25000000 -1.00000000 -0.12500000
v 0.37500000 -1.00000000 -0.25000000
v 0.12500000 -1.00000000 -0.25000000
v 0.25000000 -1.00000000 -0.37500000
v -1.00000000 0.87500000 -1.00000000
v -1.00000000 0.62500000 -1.00000000
v -1.00000000 0.12500000 -1.00000000
v -1.00000000 0.37500000 -1.00000000
v -1.00000000 -0.87500000 -1.00000000
v -1.00000000 -0.62500000 -1.00000000
v -1.00000000 -0.12500000 -1.00000000
v -1.00000000 -0.37500000 -1.00000000
v 0.87500000 0.87500000 -1.00000000
v 0.62500000 0.62500000 -1.00000000
v 0.87500000 0.75000000 -1.00000000
v 0.75000000 0.87500000 -1.00000000
v 0.12500000 0.12500000 -1.00000000
v 0.37500000 0.37500000 -1.00000000
v 0.87500000 0.50000000 -1.00000000
v 0.62500000 0.50000000 -1.00000000
v 0.87500000 0.62500000 -1.00000000
v 0.75000000 0.62500000 -1.00000000
v 0.50000000 0.87500000 -1.00000000
v 0.50000000 0.62500000 -1.00000000
v 0.62500000 0.87500000 -1.00000000
v 0.62500000 0.75000000 -1.00000000
v -0.87500000 -0.87500000 -1.00000000
v -0.62500000 -0.62500000 -1.00000000
v -0.12500000 -0.12500000 -1.00000000
v -0.37500000 -0.37500000 -1.00000000
v 0.87500000 0.00000000 -1.00000000
v 0.62500000 0.00000000 -1.00000000
v 0.87500000 0.12500000 -1.00000000
v 0.12500000 0.00000000 -1.00000000
v 0.37500000 0.00000000 -1.00000000
v 0.25000000 0.12500000 -1.00000000
v 0.87500000 0.37500000 -1.00000000
v 0.62500000 0.12500000 -1.00000000
v 0.87500000 0.25000000 -1.00000000
v 0.75000000 0.37500000 -1.00000000
v 0.75000000 0.12500000 -1.00000000
v 0.50000000 0.37500000 -1.00000000
v 0.50000000 0.12500000 -1.00000000
v 0.37500000 0.25000000 -1.00000000
v 0.62500000 0.37500000 -1.00000000
v 0.37500000 0.12500000 -1.00000000
v 0.62500000 0.25000000 -1.00000000
v 0.00000000 0.87500000 -1.00000000
v 0.00000000 0.62500000 -1.00000000
v 0.12500000 0.87500000 -1.00000000
v 0.00000000 0.12500000 -1.00000000
v 0.00000000 0.37500000 -1.00000000
v 0.12500000 0.25000000 -1.00000000
v 0.37500000 0.87500000 -1.00000000
v 0.12500000 0.62500000 -1.00000000
v 0.25000000 0.87500000 -1.00000000
v 0.37500000 0.75000000 -1.00000000
v 0.12500000 0.75000000 -1.00000000
v 0.37500000 0.50000000 -1.00000000
v 0.12500000 0.50000000 -1.00000000
v 0.25000000 0.37500000 -1.00000000
v 0.37500000 0.62500000 -1.00000000
v 0.12500000 0.37500000 -1.00000000
v 0.25000000 0.62500000 -1.00000000
v 0.87500000 -0.87500000 -1.00000000
v 0.87500000 -0.62500000 -1.00000000
v 0.62500000 -0.87500000 -1.00000000
v 0.87500000 -0.75000000 -1.00000000
v 0.75000000 -0.87500000 -1.00000000
v -0.75000000 -0.87500000 -1.00000000
v -0.50000000 -0.62500000 -1.00000000
v -0.50000000 -0.87500000 -1.00000000
v -0.62500000 -0.75000000 -1.00000000
v -0.62500000 -0.87500000 -1.00000000
v 0.87500000 -0.12500000 -1.00000000
v 0.62500000 -0.37500000 -1.00000000
v 0.87500000 -0.25000000 -1.00000000
v 0.75000000 -0.12500000 -1.00000000
v 0.12500000 -0.87500000 -1.00000000
v 0.37500000 -0.62500000 -1.00000000
v 0.25000000 -0.87500000 -1.00000000
v 0.87500000 -0.50000000 -1.00000000
v 0.62500000 -0.50000000 -1.00000000
v 0.87500000 -0.37500000 -1.00000000
v 0.75000000 -0.62500000 -1.00000000
v 0.75000000 -0.37500000 -1.00000000
v 0.50000000 -0.12500000 -1.00000000
v 0.50000000 -0.37500000 -1.00000000
v 0.62500000 -0.12500000 -1.00000000
v 0.62500000 -0.25000000 -1.00000000
v 0.50000000 -0.87500000 -1.00000000
v 0.50000000 -0.62500000 -1.00000000
v 0.37500000 -0.87500000 -1.00000000
v 0.62500000 -0.75000000 -1.00000000
v 0.37500000 -0.75000000 -1.00000000
v 0.62500000 -0.62500000 -1.00000000
v 0.00000000 -0.12500000 -1.00000000
v 0.00000000 -0.37500000 -1.00000000
v -0.12500000 -0.25000000 -1.00000000
v 0.12500000 -0.12500000 -1.00000000
v 0.00000000 -0.87500000 -1.00000000
v 0.00000000 -0.62500000 -1.00000000
v -0.12500000 -0.87500000 -1.00000000
v 0.12500000 -0.75000000 -1.00000000
v -0.37500000 -0.50000000 -1.00000000
v -0.12500000 -0.50000000 -1.00000000
v -0.25000000 -0.37500000 -1.00000000
v -0.37500000 -0.62500000 -1.00000000
v -0.12500000 -0.37500000 -1.00000000
v 0.37500000 -0.12500000 -1.00000000
v 0.12500000 -0.37500000 -1.00000000
v 0.25000000 -0.12500000 -1.00000000
v 0.37500000 -0.25000000 -1.00000000
v 0.12500000 -0.25000000 -1.00000000
v -0.37500000 -0.87500000 -1.00000000
v -0.12500000 -0.62500000 -1.00000000
v -0.25000000 -0.87500000 -1.00000000
v -0.37500000 -0.75000000 -1.00000000
v -0.12500000 -0.75000000 -1.00000000
v -0.25000000 -0.62500000 -1.00000000
v 0.37500000 -0.50000000 -1.00000000
v 0.12500000 -0.50000000 -1.00000000
v 0.25000000 -0.62500000 -1.00000000
v 0.37500000 -0.37500000 -1.00000000
v 0.12500000 -0.62500000 -1.00000000
v 0.25000000 -0.37500000 -1.00000000
v -0.87500000 0.87500000 -1.00000000
v -0.62500000 0.87500000 -1.00000000
v -0.87500000 0.62500000 -1.00000000
v -0.75000000 0.87500000 -1.00000000
v -0.87500000 0.75000000 -1.00000000
v -0.87500000 -0.75000000 -1.00000000
v -0.62500000 -0.50000000 -1.00000000
v -0.87500000 -0.50000000 -1.00000000
v -0.75000000 -0.62500000 -1.00000000
v -0.87500000 -0.62500000 -1.00000000
v -0.12500000 0.87500000 -1.00000000
v -0.37500000 0.62500000 -1.00000000
v -0.25000000 0.87500000 -1.00000000
v -0.12500000 0.75000000 -1.00000000
v -0.87500000 0.12500000 -1.00000000
v -0.62500000 0.37500000 -1.00000000
v -0.87500000 0.25000000 -1.00000000
v -0.50000000 0.87500000 -1.00000000
v -0.50000000 0.62500000 -1.00000000
v -0.37500000 0.87500000 -1.00000000
v -0.62500000 0.75000000 -1.00000000
v -0.37500000 0.75000000 -1.00000000
v -0.12500000 0.50000000 -1.00000000
v -0.37500000 0.50000000 -1.00000000
v -0.12500000 0.62500000 -1.00000000
v -0.25000000 0.62500000 -1.00000000
v -0.87500000 0.50000000 -1.00000000
v -0.62500000 0.50000000 -1.00000000
v -0.87500000 0.37500000 -1.00000000
v -0.75000000 0.62500000 -1.00000000
v -0.75000000 0.37500000 -1.00000000
v -0.62500000 0.62500000 -1.00000000
v -0.12500000 0.00000000 -1.00000000
v -0.37500000 0.00000000 -1.00000000
v -0.25000000 -0.12500000 -1.00000000
v -0.12500000 0.12500000 -1.00000000
v -0.87500000 0.00000000 -1.00000000
v -0.62500000 0.00000000 -1.00000000
v -0.87500000 -0.12500000 -1.00000000
v -0.75000000 0.12500000 -1.00000000
v -0.50000000 -0.37500000 -1.00000000
v -0.50000000 -0.12500000 -1.00000000
v -0.37500000 -0.25000000 -1.00000000
v -0.62500000 -0.37500000 -1.00000000
v -0.37500000 -0.12500000 -1.00000000
v -0.12500000 0.37500000 -1.00000000
v -0.37500000 0.12500000 -1.00000000
v -0.12500000 0.25000000 -1.00000000
v -0.25000000 0.37500000 -1.00000000
v -0.25000000 0.12500000 -1.00000000
v -0.87500000 -0.37500000 -1.00000000
v -0.62500000 -0.12500000 -1.00000000
v -0.87500000 -0.25000000 -1.00000000
v -0.75000000 -0.37500000 -1.00000000
v -0.75000000 -0.12500000 -1.00000000
v -0.62500000 -0.25000000 -1.00000000
v -0.50000000 0.37500000 -1.00000000
v -0.50000000 0.12500000 -1.00000000
v -0.62500000 0.25000000 -1.00000000
v -0.37500000 0.37500000 -1.00000000
v -0.62500000 0.12500000 -1.00000000
v -0.37500000 0.25000000 -1.00000000
v 0.87500000 1.00000000 1.00000000
v 0.62500000 1.00000000 1.00000000
v 0.87500000 0.87500000 1.00000000
v 0.12500000 1.00000000 1.00000000
v 0.37500000 1.00000000 1.00000000
v 0.87500000 0.62500000 1.00000000
v 0.62500000 0.87500000 1.00000000
v 0.87500000 0.75000000 1.00000000
v 0.75000000 0.87500000 1.00000000
v -0.87500000 1.00000000 1.00000000
v -0.62500000 1.00000000 1.00000000
v -0.12500000 1.00000000 1.00000000
v -0.37500000 1.00000000 1.00000000
v 0.87500000 0.12500000 1.00000000
v 0.62500000 0.37500000 1.00000000
v 0.87500000 0.25000000 1.00000000
v 0.12500000 0.87500000 1.00000000
v 0.37500000 0.62500000 1.00000000
v 0.25000000 0.87500000 1.00000000
v 0.87500000 0.50000000 1.00000000
v 0.62500000 0.50000000 1.00000000
v 0.87500000 0.37500000 1.00000000
v 0.75000000 0.62500000 1.00000000
v 0.75000000 0.37500000 1.00000000
v 0.50000000 0.87500000 1.00000000
v 0.50000000 0.62500000 1.00000000
v 0.37500000 0.87500000 1.00000000
v 0.62500000 0.75000000 1.00000000
v 0.37500000 0.75000000 1.00000000
v 0.62500000 0.62500000 1.00000000
v 0.87500000 -0.87500000 1.00000000
v 0.62500000 -0.62500000 1.00000000
v 0.87500000 -0.75000000 1.00000000
v 0.12500000 -0.12500000 1.00000000
v 0.37500000 -0.37500000 1.00000000
v 0.87500000 -0.50000000 1.00000000
v 0.62500000 -0.50000000 1.00000000
v 0.87500000 -0.62500000 1.00000000
v 0.75000000 -0.62500000 1.00000000
v -0.87500000 0.87500000 1.00000000
v -0.62500000 0.62500000 1.00000000
v -0.75000000 0.87500000 1.00000000
v -0.12500000 0.12500000 1.00000000
v -0.37500000 0.37500000 1.00000000
v -0.50000000 0.87500000 1.00000000
v -0.50000000 0.62500000 1.00000000
v -0.62500000 0.87500000 1.00000000
v -0.62500000 0.75000000 1.00000000
v 0.87500000 0.00000000 1.00000000
v 0.62500000 0.00000000 1.00000000
v 0.87500000 -0.12500000 1.00000000
v 0.75000000 0.12500000 1.00000000
v 0.12500000 0.00000000 1.00000000
v 0.37500000 0.00000000 1.00000000
v 0.25000000 -0.12500000 1.00000000
v 0.87500000 -0.37500000 1.00000000
v 0.62500000 -0.12500000 1.00000000
v 0.87500000 -0.25000000 1.00000000
v 0.75000000 -0.37500000 1.00000000
v 0.75000000 -0.12500000 1.00000000
v 0.50000000 0.37500000 1.00000000
v 0.50000000 0.12500000 1.00000000
v 0.62500000 0.25000000 1.00000000
v 0.62500000 0.12500000 1.00000000
v 0.50000000 -0.37500000 1.00000000
v 0.50000000 -0.12500000 1.00000000
v 0.37500000 -0.25000000 1.00000000
v 0.62500000 -0.37500000 1.00000000
v 0.37500000 -0.12500000 1.00000000
v 0.62500000 -0.25000000 1.00000000
v 0.00000000 0.87500000 1.00000000
v 0.00000000 0.62500000 1.00000000
v -0.12500000 0.87500000 1.00000000
v 0.12500000 0.75000000 1.00000000
v 0.00000000 0.12500000 1.00000000
v 0.00000000 0.37500000 1.00000000
v -0.12500000 0.25000000 1.00000000
v 0.12500000 0.12500000 1.00000000
v -0.37500000 0.87500000 1.00000000
v -0.12500000 0.62500000 1.00000000
v -0.25000000 0.87500000 1.00000000
v -0.37500000 0.75000000 1.00000000
v -0.12500000 0.75000000 1.00000000
v 0.37500000 0.50000000 1.00000000
v 0.12500000 0.50000000 1.00000000
v 0.25000000 0.62500000 1.00000000
v 0.37500000 0.37500000 1.00000000
v 0.12500000 0.62500000 1.00000000
v -0.37500000 0.50000000 1.00000000
v -0.12500000 0.50000000 1.00000000
v -0.25000000 0.37500000 1.00000000
v -0.37500000 0.62500000 1.00000000
v -0.12500000 0.37500000 1.00000000
v -0.25000000 0.62500000 1.00000000
v 0.37500000 0.12500000 1.00000000
v 0.12500000 0.37500000 1.00000000
v 0.25000000 0.12500000 1.00000000
v 0.37500000 0.25000000 1.00000000
v 0.12500000 0.25000000 1.00000000
v 0.25000000 0.37500000 1.00000000
v 0.87500000 1.00000000 -0.87500000
v 0.62500000 1.00000000 -0.62500000
v 0.87500000 1.00000000 -0.75000000
v 0.75000000 1.00000000 -0.87500000
v 0.12500000 1.00000000 -0.12500000
v 0.37500000 1.00000000 -0.37500000
v 0.87500000 1.00000000 -0.50000000
v 0.62500000 1.00000000 -0.50000000
v 0.87500000 1.00000000 -0.62500000
v 0.75000000 1.00000000 -0.62500000
v 0.50000000 1.00000000 -0.87500000
v 0.50000000 1.00000000 -0.62500000
v 0.62500000 1.00000000 -0.87500000
v 0.62500000 1.00000000 -0.75000000
v -0.87500000 1.00000000 0.87500000
v -0.62500000 1.00000000 0.62500000
v -0.12500000 1.00000000 0.12500000
v -0.37500000 1.00000000 0.37500000
v 0.87500000 1.00000000 0.00000000
v 0.62500000 1.00000000 0.00000000
v 0.87500000 1.00000000 -0.12500000
v 0.12500000 1.00000000 0.00000000
v 0.37500000 1.00000000 0.00000000
v 0.25000000 1.00000000 -0.12500000
v 0.87500000 1.00000000 -0.37500000
v 0.62500000 1.00000000 -0.12500000
v 0.87500000 1.00000000 -0.25000000
v 0.75000000 1.00000000 -0.37500000
v 0.75000000 1.00000000 -0.12500000
v 0.50000000 1.00000000 -0.37500000
v 0.50000000 1.00000000 -0.12500000
v 0.37500000 1.00000000 -0.25000000
v 0.62500000 1.00000000 -0.37500000
v 0.37500000 1.00000000 -0.12500000
v 0.62500000 1.00000000 -0.25000000
v 0.00000000 1.00000000 -0.87500000
v 0.00000000 1.00000000 -0.62500000
v 0.12500000 1.00000000 -0.87500000
v 0.00000000 1.00000000 -0.12500000
v 0.00000000 1.00000000 -0.37500000
v 0.12500000 1.00000000 -0.25000000
v 0.37500000 1.00000000 -0.87500000
v 0.12500000 1.00000000 -0.62500000
v 0.25000000 1.00000000 -0.87500000
v 0.37500000 1.00000000 -0.75000000
v 0.12500000 1.00000000 -0.75000000
v 0.37500000 1.00000000 -0.50000000
v 0.12500000 1.00000000 -0.50000000
v 0.25000000 1.00000000 -0.37500000
v 0.37500000 1.00000000 -0.62500000
v 0.12500000 1.00000000 -0.37500000
v 0.25000000 1.00000000 -0.62500000
v 0.87500000 1.00000000 0.87500000
v 0.87500000 1.00000000 0.62500000
v 0.62500000 1.00000000 0.87500000
v 0.87500000 1.00000000 0.75000000
v 0.75000000 1.00000000 0.87500000
v -0.75000000 1.00000000 0.87500000
v -0.50000000 1.00000000 0.62500000
v -0.50000000 1.00000000 0.87500000
v -0.62500000 1.00000000 0.75000000
v -0.62500000 1.00000000 0.87500000
v 0.87500000 1.00000000 0.12500000
v 0.62500000 1.00000000 0.37500000
v 0.87500000 1.00000000 0.25000000
v 0.75000000 1.00000000 0.12500000
v 0.12500000 1.00000000 0.87500000
v 0.37500000 1.00000000 0.62500000
v 0.25000000 1.00000000 0.87500000
v 0.87500000 1.00000000 0.50000000
v 0.62500000 1.00000000 0.50000000
v 0.87500000 1.00000000 0.37500000
v 0.75000000 1.00000000 0.62500000
v 0.75000000 1.00000000 0.37500000
v 0.50000000 1.00000000 0.12500000
v 0.50000000 1.00000000 0.37500000
v 0.62500000 1.00000000 0.12500000
v 0.62500000 1.00000000 0.25000000
v 0.50000000 1.00000000 0.87500000
v 0.50000000 1.00000000 0.62500000
v 0.37500000 1.00000000 0.87500000
v 0.62500000 1.00000000 0.75000000
v 0.37500000 1.00000000 0.75000000
v 0.62500000 1.00000000 0.62500000
v 0.00000000 1.00000000 0.12500000
v 0.00000000 1.00000000 0.37500000
v -0.12500000 1.00000000 0.25000000
v 0.12500000 1.00000000 0.12500000
v 0.00000000 1.00000000 0.87500000
v 0.00000000 1.00000000 0.62500000
v -0.12500000 1.00000000 0.87500000
v 0.12500000 1.00000000 0.75000000
v -0.37500000 1.00000000 0.50000000
v -0.12500000 1.00000000 0.50000000
v -0.25000000 1.00000000 0.37500000
v -0.37500000 1.00000000 0.62500000
v -0.12500000 1.00000000 0.37500000
v 0.37500000 1.00000000 0.12500000
v 0.12500000 1.00000000 0.37500000
v 0.25000000 1.00000000 0.12500000
v 0.37500000 1.00000000 0.25000000
v 0.12500000 1.00000000 0.25000000
v -0.37500000 1.00000000 0.87500000
v -0.12500000 1.00000000 0.62500000
v -0.25000000 1.00000000 0.87500000
v -0.37500000 1.00000000 0.75000000
v -0.12500000 1.00000000 0.75000000
v -0.25000000 1.00000000 0.62500000
v 0.37500000 1.00000000 0.50000000
v 0.12500000 1.00000000 0.50000000
v 0.25000000 1.00000000 0.62500000
v 0.37500000 1.00000000 0.37500000
v 0.12500000 1.00000000 0.62500000
v 0.25000000 1.00000000 0.37500000
v -1.00000000 1.00000000 -0.87500000
v -1.00000000 1.00000000 -0.62500000
v -0.87500000 1.00000000 -0.87500000
v -1.00000000 1.00000000 -0.12500000
v -1.00000000 1.00000000 -0.37500000
v -0.62500000 1.00000000 -0.87500000
v -0.87500000 1.00000000 -0.62500000
v -0.75000000 1.00000000 -0.87500000
v -0.87500000 1.00000000 -0.75000000
v -1.00000000 1.00000000 0.87500000
v -1.00000000 1.00000000 0.62500000
v -0.87500000 1.00000000 0.75000000
v -1.00000000 1.00000000 0.12500000
v -1.00000000 1.00000000 0.37500000
v -0.62500000 1.00000000 0.50000000
v -0.87500000 1.00000000 0.50000000
v -0.75000000 1.00000000 0.62500000
v -0.87500000 1.00000000 0.62500000
v -0.12500000 1.00000000 -0.87500000
v -0.37500000 1.00000000 -0.62500000
v -0.25000000 1.00000000 -0.87500000
v -0.12500000 1.00000000 -0.75000000
v -0.87500000 1.00000000 -0.12500000
v -0.62500000 1.00000000 -0.37500000
v -0.87500000 1.00000000 -0.25000000
v -0.50000000 1.00000000 -0.87500000
v -0.50000000 1.00000000 -0.62500000
v -0.37500000 1.00000000 -0.87500000
v -0.62500000 1.00000000 -0.75000000
v -0.37500000 1.00000000 -0.75000000
v -0.12500000 1.00000000 -0.50000000
v -0.37500000 1.00000000 -0.50000000
v -0.12500000 1.00000000 -0.62500000
v -0.25000000 1.00000000 -0.62500000
v -0.87500000 1.00000000 -0.50000000
v -0.62500000 1.00000000 -0.50000000
v -0.87500000 1.00000000 -0.37500000
v -0.75000000 1.00000000 -0.62500000
v -0.75000000 1.00000000 -0.37500000
v -0.62500000 1.00000000 -0.62500000
v -0.12500000 1.00000000 0.00000000
v -0.37500000 1.00000000 0.00000000
v -0.25000000 1.00000000 0.12500000
v -0.12500000 1.00000000 -0.12500000
v -0.87500000 1.00000000 0.00000000
v -0.62500000 1.00000000 0.00000000
v -0.87500000 1.00000000 0.12500000
v -0.75000000 1.00000000 -0.12500000
v -0.50000000 1.00000000 0.37500000
v -0.50000000 1.00000000 0.12500000
v -0.37500000 1.00000000 0.25000000
v -0.62500000 1.00000000 0.37500000
v -0.37500000 1.00000000 0.12500000
v -0.12500000 1.00000000 -0.37500000
v -0.37500000 1.00000000 -0.12500000
v -0.12500000 1.00000000 -0.25000000
v -0.25000000 1.00000000 -0.37500000
v -0.25000000 1.00000000 -0.12500000
v -0.87500000 1.00000000 0.37500000
v -0.62500000 1.00000000 0.12500000
v -0.87500000 1.00000000 0.25000000
v -0.75000000 1.00000000 0.37500000
v -0.75000000 1.00000000 0.12500000
v -0.62500000 1.00000000 0.25000000
v -0.50000000 1.00000000 -0.37500000
v -0.50000000 1.00000000 -0.12500000
v -0.62500000 1.00000000 -0.25000000
v -0.37500000 1.00000000 -0.37500000
v -0.62500000 1.00000000 -0.12500000
v -0.37500000 1.00000000 -0.25000000
v 0.87500000 -1.00000000 1.00000000
v 0.62500000 -1.00000000 1.00000000
v 0.75000000 -1.00000000 0.87500000
v 0.12500000 -1.00000000 1.00000000
v 0.37500000 -1.00000000 1.00000000
v 0.50000000 -1.00000000 0.62500000
v 0.50000000 -1.00000000 0.87500000
v 0.62500000 -1.00000000 0.75000000
v 0.62500000 -1.00000000 0.87500000
v -0.87500000 -1.00000000 1.00000000
v -0.62500000 -1.00000000 1.00000000
v -0.12500000 -1.00000000 1.00000000
v -0.37500000 -1.00000000 1.00000000
v 0.00000000 -1.00000000 0.12500000
v 0.00000000 -1.00000000 0.37500000
v 0.12500000 -1.00000000 0.25000000
v 0.00000000 -1.00000000 0.87500000
v 0.00000000 -1.00000000 0.62500000
v 0.12500000 -1.00000000 0.87500000
v 0.37500000 -1.00000000 0.50000000
v 0.12500000 -1.00000000 0.50000000
v 0.25000000 -1.00000000 0.37500000
v 0.37500000 -1.00000000 0.62500000
v 0.12500000 -1.00000000 0.37500000
v 0.37500000 -1.00000000 0.87500000
v 0.12500000 -1.00000000 0.62500000
v 0.25000000 -1.00000000 0.87500000
v 0.37500000 -1.00000000 0.75000000
v 0.12500000 -1.00000000 0.75000000
v 0.25000000 -1.00000000 0.62500000
v -1.00000000 -1.00000000 -0.87500000
v -1.00000000 -1.00000000 -0.62500000
v -0.87500000 -1.00000000 -0.75000000
v -1.00000000 -1.00000000 -0.12500000
v -1.00000000 -1.00000000 -0.37500000
v -0.62500000 -1.00000000 -0.50000000
v -0.87500000 -1.00000000 -0.50000000
v -0.75000000 -1.00000000 -0.62500000
v -0.87500000 -1.00000000 -0.62500000
v -1.00000000 -1.00000000 0.87500000
v -1.00000000 -1.00000000 0.62500000
v -0.87500000 -1.00000000 0.87500000
v -1.00000000 -1.00000000 0.12500000
v -1.00000000 -1.00000000 0.37500000
v -0.62500000 -1.00000000 0.87500000
v -0.87500000 -1.00000000 0.62500000
v -0.75000000 -1.00000000 0.87500000
v -0.87500000 -1.00000000 0.75000000
v -0.12500000 -1.00000000 0.00000000
v -0.37500000 -1.00000000 0.00000000
v -0.25000000 -1.00000000 -0.12500000
v -0.12500000 -1.00000000 0.12500000
v -0.87500000 -1.00000000 0.00000000
v -0.62500000 -1.00000000 0.00000000
v -0.87500000 -1.00000000 -0.12500000
v -0.50000000 -1.00000000 -0.37500000
v -0.50000000 -1.00000000 -0.12500000
v -0.37500000 -1.00000000 -0.25000000
v -0.62500000 -1.00000000 -0.37500000
v -0.37500000 -1.00000000 -0.12500000
v -0.12500000 -1.00000000 0.37500000
v -0.37500000 -1.00000000 0.12500000
v -0.12500000 -1.00000000 0.25000000
v -0.25000000 -1.00000000 0.12500000
v -0.87500000 -1.00000000 -0.37500000
v -0.62500000 -1.00000000 -0.12500000
v -0.87500000 -1.00000000 -0.25000000
v -0.75000000 -1.00000000 -0.37500000
v -0.75000000 -1.00000000 -0.12500000
v -0.62500000 -1.00000000 -0.25000000
v -0.12500000 -1.00000000 0.87500000
v -0.37500000 -1.00000000 0.62500000
v -0.25000000 -1.00000000 0.87500000
v -0.12500000 -1.00000000 0.75000000
v -0.87500000 -1.00000000 0.12500000
v -0.62500000 -1.00000000 0.37500000
v -0.87500000 -1.00000000 0.25000000
v -0.75000000 -1.00000000 0.12500000
v -0.50000000 -1.00000000 0.87500000
v -0.50000000 -1.00000000 0.62500000
v -0.37500000 -1.00000000 0.87500000
v -0.62500000 -1.00000000 0.75000000
v -0.37500000 -1.00000000 0.75000000
v -0.12500000 -1.00000000 0.50000000
v -0.37500000 -1.00000000 0.50000000
v -0.12500000 -1.00000000 0.62500000
v -0.25000000 -1.00000000 0.37500000
v -0.25000000 -1.00000000 0.62500000
v -0.87500000 -1.00000000 0.50000000
v -0.62500000 -1.00000000 0.50000000
v -0.87500000 -1.00000000 0.37500000
v -0.75000000 -1.00000000 0.62500000
v -0.75000000 -1.00000000 0.37500000
v -0.62500000 -1.00000000 0.62500000
v -0.50000000 -1.00000000 0.12500000
v -0.50000000 -1.00000000 0.37500000
v -0.62500000 -1.00000000 0.12500000
v -0.37500000 -1.00000000 0.25000000
v -0.62500000 -1.00000000 0.25000000
v -0.37500000 -1.00000000 0.37500000
v 0.75000000 -0.87500000 1.00000000
v 0.50000000 -0.62500000 1.00000000
v 0.50000000 -0.87500000 1.00000000
v 0.62500000 -0.75000000 1.00000000
v 0.62500000 -0.87500000 1.00000000
v 0.00000000 -0.12500000 1.00000000
v 0.00000000 -0.37500000 1.00000000
v 0.12500000 -0.25000000 1.00000000
v 0.00000000 -0.87500000 1.00000000
v 0.00000000 -0.62500000 1.00000000
v 0.12500000 -0.87500000 1.00000000
v 0.37500000 -0.50000000 1.00000000
v 0.12500000 -0.50000000 1.00000000
v 0.25000000 -0.37500000 1.00000000
v 0.37500000 -0.62500000 1.00000000
v 0.12500000 -0.37500000 1.00000000
v 0.37500000 -0.87500000 1.00000000
v 0.12500000 -0.62500000 1.00000000
v 0.25000000 -0.87500000 1.00000000
v 0.37500000 -0.75000000 1.00000000
v 0.12500000 -0.75000000 1.00000000
v 0.25000000 -0.62500000 1.00000000
v -1.00000000 0.87500000 1.00000000
v -1.00000000 0.62500000 1.00000000
v -0.87500000 0.75000000 1.00000000
v -1.00000000 0.12500000 1.00000000
v -1.00000000 0.37500000 1.00000000
v -0.62500000 0.50000000 1.00000000
v -0.87500000 0.50000000 1.00000000
v -0.75000000 0.62500000 1.00000000
v -0.87500000 0.62500000 1.00000000
v -1.00000000 -0.87500000 1.00000000
v -1.00000000 -0.62500000 1.00000000
v -0.87500000 -0.87500000 1.00000000
v -1.00000000 -0.12500000 1.00000000
v -1.00000000 -0.37500000 1.00000000
v -0.62500000 -0.87500000 1.00000000
v -0.87500000 -0.62500000 1.00000000
v -0.75000000 -0.87500000 1.00000000
v -0.87500000 -0.75000000 1.00000000
v -0.12500000 0.00000000 1.00000000
v -0.37500000 0.00000000 1.00000000
v -0.25000000 0.12500000 1.00000000
v -0.12500000 -0.12500000 1.00000000
v -0.87500000 0.00000000 1.00000000
v -0.62500000 0.00000000 1.00000000
v -0.87500000 0.12500000 1.00000000
v -0.50000000 0.37500000 1.00000000
v -0.50000000 0.12500000 1.00000000
v -0.37500000 0.25000000 1.00000000
v -0.62500000 0.37500000 1.00000000
v -0.37500000 0.12500000 1.00000000
v -0.12500000 -0.37500000 1.00000000
v -0.37500000 -0.12500000 1.00000000
v -0.12500000 -0.25000000 1.00000000
v -0.25000000 -0.12500000 1.00000000
v -0.87500000 0.37500000 1.00000000
v -0.62500000 0.12500000 1.00000000
v -0.87500000 0.25000000 1.00000000
v -0.75000000 0.37500000 1.00000000
v -0.75000000 0.12500000 1.00000000
v -0.62500000 0.25000000 1.00000000
v -0.12500000 -0.87500000 1.00000000
v -0.37500000 -0.62500000 1.00000000
v -0.25000000 -0.87500000 1.00000000
v -0.12500000 -0.75000000 1.00000000
v -0.87500000 -0.12500000 1.00000000
v -0.62500000 -0.37500000 1.00000000
v -0.87500000 -0.25000000 1.00000000
v -0.75000000 -0.12500000 1.00000000
v -0.50000000 -0.87500000 1.00000000
v -0.50000000 -0.62500000 1.00000000
v -0.37500000 -0.87500000 1.00000000
v -0.62500000 -0.75000000 1.00000000
v -0.37500000 -0.75000000 1.00000000
v -0.12500000 -0.50000000 1.00000000
v -0.37500000 -0.50000000 1.00000000
v -0.12500000 -0.62500000 1.00000000
v -0.25000000 -0.37500000 1.00000000
v -0.25000000 -0.62500000 1.00000000
v -0.87500000 -0.50000000 1.00000000
v -0.62500000 -0.50000000 1.00000000
v -0.87500000 -0.37500000 1.00000000
v -0.75000000 -0.62500000 1.00000000
v -0.75000000 -0.37500000 1.00000000
v -0.62500000 -0.62500000 1.00000000
v -0.50000000 -0.12500000 1.00000000
v -0.50000000 -0.37500000 1.00000000
v -0.62500000 -0.12500000 1.00000000
v -0.37500000 -0.25000000 1.00000000
v -0.62500000 -0.25000000 1.00000000
v -0.37500000 -0.37500000 1.00000000
v -1.00000000 0.87500000 -0.87500000
v -1.00000000 0.62500000 -0.62500000
v -1.00000000 0.75000000 -0.87500000
v -1.00000000 0.87500000 -0.75000000
v -1.00000000 0.12500000 -0.12500000
v -1.00000000 0.37500000 -0.37500000
v -1.00000000 0.50000000 -0.87500000
v -1.00000000 0.50000000 -0.62500000
v -1.00000000 0.62500000 -0.87500000
v -1.00000000 0.62500000 -0.75000000
v -1.00000000 0.87500000 -0.50000000
v -1.00000000 0.62500000 -0.50000000
v -1.00000000 0.87500000 -0.62500000
v -1.00000000 0.75000000 -0.62500000
v -1.00000000 -0.87500000 0.87500000
v -1.00000000 -0.62500000 0.62500000
v -1.00000000 -0.12500000 0.12500000
v -1.00000000 -0.37500000 0.37500000
v -1.00000000 0.00000000 -0.87500000
v -1.00000000 0.00000000 -0.62500000
v -1.00000000 0.12500000 -0.87500000
v -1.00000000 0.00000000 -0.12500000
v -1.00000000 0.00000000 -0.37500000
v -1.00000000 0.12500000 -0.25000000
v -1.00000000 0.37500000 -0.87500000
v -1.00000000 0.12500000 -0.62500000
v -1.00000000 0.25000000 -0.87500000
v -1.00000000 0.37500000 -0.75000000
v -1.00000000 0.12500000 -0.75000000
v -1.00000000 0.37500000 -0.50000000
v -1.00000000 0.12500000 -0.50000000
v -1.00000000 0.25000000 -0.37500000
v -1.00000000 0.37500000 -0.62500000
v -1.00000000 0.12500000 -0.37500000
v -1.00000000 0.25000000 -0.62500000
v -1.00000000 0.87500000 0.00000000
v -1.00000000 0.62500000 0.00000000
v -1.00000000 0.87500000 -0.12500000
v -1.00000000 0.12500000 0.00000000
v -1.00000000 0.37500000 0.00000000
v -1.00000000 0.25000000 -0.12500000
v -1.00000000 0.87500000 -0.37500000
v -1.00000000 0.62500000 -0.12500000
v -1.00000000 0.87500000 -0.25000000
v -1.00000000 0.75000000 -0.37500000
v -1.00000000 0.75000000 -0.12500000
v -1.00000000 0.50000000 -0.37500000
v -1.00000000 0.50000000 -0.12500000
v -1.00000000 0.37500000 -0.25000000
v -1.00000000 0.62500000 -0.37500000
v -1.00000000 0.37500000 -0.12500000
v -1.00000000 0.62500000 -0.25000000
v -1.00000000 -0.87500000 -0.87500000
v -1.00000000 -0.62500000 -0.87500000
v -1.00000000 -0.87500000 -0.62500000
v -1.00000000 -0.75000000 -0.87500000
v -1.00000000 -0.87500000 -0.75000000
v -1.00000000 -0.87500000 0.75000000
v -1.00000000 -0.62500000 0.50000000
v -1.00000000 -0.87500000 0.50000000
v -1.00000000 -0.75000000 0.62500000
v -1.00000000 -0.87500000 0.62500000
v -1.00000000 -0.12500000 -0.87500000
v -1.00000000 -0.37500000 -0.62500000
v -1.00000000 -0.25000000 -0.87500000
v -1.00000000 -0.12500000 -0.75000000
v -1.00000000 -0.87500000 -0.12500000
v -1.00000000 -0.62500000 -0.37500000
v -1.00000000 -0.87500000 -0.25000000
v -1.00000000 -0.50000000 -0.87500000
v -1.00000000 -0.50000000 -0.62500000
v -1.00000000 -0.37500000 -0.87500000
v -1.00000000 -0.62500000 -0.75000000
v -1.00000000 -0.37500000 -0.75000000
v -1.00000000 -0.12500000 -0.50000000
v -1.00000000 -0.37500000 -0.50000000
v -1.00000000 -0.12500000 -0.62500000
v -1.00000000 -0.25000000 -0.62500000
v -1.00000000 -0.87500000 -0.50000000
v -1.00000000 -0.62500000 -0.50000000
v -1.00000000 -0.87500000 -0.37500000
v -1.00000000 -0.75000000 -0.62500000
v -1.00000000 -0.75000000 -0.37500000
v -1.00000000 -0.62500000 -0.62500000
v -1.00000000 -0.12500000 0.00000000
v -1.00000000 -0.37500000 0.00000000
v -1.00000000 -0.25000000 0.12500000
v -1.00000000 -0.12500000 -0.12500000
v -1.00000000 -0.87500000 0.00000000
v -1.00000000 -0.62500000 0.00000000
v -1.00000000 -0.87500000 0.12500000
v -1.00000000 -0.75000000 -0.12500000
v -1.00000000 -0.50000000 0.37500000
v -1.00000000 -0.50000000 0.12500000
v -1.00000000 -0.37500000 0.25000000
v -1.00000000 -0.62500000 0.37500000
v -1.00000000 -0.37500000 0.12500000
v -1.00000000 -0.12500000 -0.37500000
v -1.00000000 -0.37500000 -0.12500000
v -1.00000000 -0.12500000 -0.25000000
v -1.00000000 -0.25000000 -0.37500000
v -1.00000000 -0.25000000 -0.12500000
v -1.00000000 -0.87500000 0.37500000
v -1.00000000 -0.62500000 0.12500000
v -1.00000000 -0.87500000 0.25000000
v -1.00000000 -0.75000000 0.37500000
v -1.00000000 -0.75000000 0.12500000
v -1.00000000 -0.62500000 0.25000000
v -1.00000000 -0.50000000 -0.37500000
v -1.00000000 -0.50000000 -0.12500000
v -1.00000000 -0.62500000 -0.25000000
v -1.00000000 -0.37500000 -0.37500000
v -1.00000000 -0.62500000 -0.12500000
v -1.00000000 -0.37500000 -0.25000000
v -1.00000000 0.87500000 0.87500000
v -1.00000000 0.87500000 0.62500000
v -1.00000000 0.62500000 0.87500000
v -1.00000000 0.87500000 0.75000000
v -1.00000000 0.75000000 0.87500000
v -1.00000000 -0.75000000 0.87500000
v -1.00000000 -0.50000000 0.62500000
v -1.00000000 -0.50000000 0.87500000
v -1.00000000 -0.62500000 0.75000000
v -1.00000000 -0.62500000 0.87500000
v -1.00000000 0.87500000 0.12500000
v -1.00000000 0.62500000 0.37500000
v -1.00000000 0.87500000 0.25000000
v -1.00000000 0.75000000 0.12500000
v -1.00000000 0.12500000 0.87500000
v -1.00000000 0.37500000 0.62500000
v -1.00000000 0.25000000 0.87500000
v -1.00000000 0.87500000 0.50000000
v -1.00000000 0.62500000 0.50000000
v -1.00000000 0.87500000 0.37500000
v -1.00000000 0.75000000 0.62500000
v -1.00000000 0.75000000 0.37500000
v -1.00000000 0.50000000 0.12500000
v -1.00000000 0.50000000 0.37500000
v -1.00000000 0.62500000 0.12500000
v -1.00000000 0.62500000 0.25000000
v -1.00000000 0.50000000 0.87500000
v -1.00000000 0.50000000 0.62500000
v -1.00000000 0.37500000 0.87500000
v -1.00000000 0.62500000 0.75000000
v -1.00000000 0.37500000 0.75000000
v -1.00000000 0.62500000 0.62500000
v -1.00000000 0.00000000 0.12500000
v -1.00000000 0.00000000 0.37500000
v -1.00000000 -0.12500000 0.25000000
v -1.00000000 0.12500000 0.12500000
v -1.00000000 0.00000000 0.87500000
v -1.00000000 0.00000000 0.62500000
v -1.00000000 -0.12500000 0.87500000
v -1.00000000 0.12500000 0.75000000
v -1.00000000 -0.37500000 0.50000000
v -1.00000000 -0.12500000 0.50000000
v -1.00000000 -0.25000000 0.37500000
v -1.00000000 -0.37500000 0.62500000
v -1.00000000 -0.12500000 0.37500000
v -1.00000000 0.37500000 0.12500000
v -1.00000000 0.12500000 0.37500000
v -1.00000000 0.25000000 0.12500000
v -1.00000000 0.37500000 0.25000000
v -1.00000000 0.12500000 0.25000000
v -1.00000000 -0.37500000 0.87500000
v -1.00000000 -0.12500000 0.62500000
v -1.00000000 -0.25000000 0.87500000
v -1.00000000 -0.37500000 0.75000000
v -1.00000000 -0.12500000 0.75000000
v -1.00000000 -0.25000000 0.62500000
v -1.00000000 0.37500000 0.50000000
v -1.00000000 0.12500000 0.50000000
v -1.00000000 0.25000000 0.62500000
v -1.00000000 0.37500000 0.37500000
v -1.00000000 0.12500000 0.62500000
v -1.00000000 0.25000000 0.37500000
v 1.00000000 0.93750000 -1.00000000
v 1.00000000 0.81250000 -1.00000000
v 1.00000000 0.56250000 -1.00000000
v 1.00000000 0.68750000 -1.00000000
v 1.00000000 0.06250000 -1.00000000
v 1.00000000 0.18750000 -1.00000000
v 1.00000000 0.43750000 -1.00000000
v 1.00000000 0.31250000 -1.00000000
v 1.00000000 -0.93750000 -1.00000000
v 1.00000000 -0.81250000 -1.00000000
v 1.00000000 -0.56250000 -1.00000000
v 1.00000000 -0.68750000 -1.00000000
v 1.00000000 -0.06250000 -1.00000000
v 1.00000000 -0.18750000 -1.00000000
v 1.00000000 -0.43750000 -1.00000000
v 1.00000000 -0.31250000 -1.00000000
v 1.00000000 1.00000000 -0.93750000
v 1.00000000 1.00000000 -0.81250000
v 1.00000000 1.00000000 -0.56250000
v 1.00000000 1.00000000 -0.68750000
v 1.00000000 1.00000000 -0.06250000
v 1.00000000 1.00000000 -0.18750000
v 1.00000000 1.00000000 -0.43750000
v 1.00000000 1.00000000 -0.31250000
v 1.00000000 1.00000000 0.93750000
v 1.00000000 1.00000000 0.81250000
v 1.00000000 1.00000000 0.56250000
v 1.00000000 1.00000000 0.68750000
v 1.00000000 1.00000000 0.06250000
v 1.00000000 1.00000000 0.18750000
v 1.00000000 1.00000000 0.43750000
v 1.00000000 1.00000000 0.31250000
v 1.00000000 0.93750000 -0.93750000
v 1.00000000 0.81250000 -0.93750000
v 1.00000000 0.93750000 -0.81250000
v 1.00000000 0.87500000 -0.93750000
v 1.00000000 0.93750000 -0.87500000
v 1.00000000 0.56250000 -0.93750000
v 1.00000000 0.68750000 -0.81250000
v 1.00000000 0.62500000 -0.93750000
v 1.00000000 0.93750000 -0.56250000
v 1.00000000 0.81250000 -0.68750000
v 1.00000000 0.93750000 -0.62500000
v 1.00000000 0.75000000 -0.93750000
v 1.00000000 0.75000000 -0.81250000
v 1.00000000 0.68750000 -0.93750000
v 1.00000000 0.81250000 -0.87500000
v 1.00000000 0.68750000 -0.87500000
v 1.00000000 0.93750000 -0.75000000
v 1.00000000 0.81250000 -0.75000000
v 1.00000000 0.93750000 -0.68750000
v 1.00000000 0.87500000 -0.81250000
v 1.00000000 0.87500000 -0.68750000
v 1.00000000 0.81250000 -0.81250000
v 1.00000000 0.06250000 -0.93750000
v 1.00000000 0.18750000 -0.81250000
v 1.00000000 0.12500000 -0.93750000
v 1.00000000 0.43750000 -0.56250000
v 1.00000000 0.31250000 -0.68750000
v 1.00000000 0.25000000 -0.93750000
v 1.00000000 0.25000000 -0.81250000
v 1.00000000 0.18750000 -0.93750000
v 1.00000000 0.18750000 -0.87500000
v 1.00000000 0.93750000 -0.06250000
v 1.00000000 0.81250000 -0.18750000
v 1.00000000 0.93750000 -0.12500000
v 1.00000000 0.56250000 -0.43750000
v 1.00000000 0.68750000 -0.31250000
v 1.00000000 0.93750000 -0.25000000
v 1.00000000 0.81250000 -0.25000000
v 1.00000000 0.93750000 -0.18750000
v 1.00000000 0.87500000 -0.18750000
v 1.00000000 0.50000000 -0.93750000
v 1.00000000 0.50000000 -0.81250000
v 1.00000000 0.43750000 -0.93750000
v 1.00000000 0.56250000 -0.87500000
v 1.00000000 0.50000000 -0.56250000
v 1.00000000 0.50000000 -0.68750000
v 1.00000000 0.43750000 -0.62500000
v 1.00000000 0.31250000 -0.93750000
v 1.00000000 0.43750000 -0.81250000
v 1.00000000 0.37500000 -0.93750000
v 1.00000000 0.31250000 -0.87500000
v 1.00000000 0.43750000 -0.87500000
v 1.00000000 0.68750000 -0.75000000
v 1.00000000 0.56250000 -0.75000000
v 1.00000000 0.62500000 -0.81250000
v 1.00000000 0.56250000 -0.81250000
v 1.00000000 0.31250000 -0.75000000
v 1.00000000 0.43750000 -0.75000000
v 1.00000000 0.37500000 -0.68750000
v 1.00000000 0.31250000 -0.81250000
v 1.00000000 0.43750000 -0.68750000
v 1.00000000 0.37500000 -0.81250000
v 1.00000000 0.93750000 -0.50000000
v 1.00000000 0.81250000 -0.50000000
v 1.00000000 0.93750000 -0.43750000
v 1.00000000 0.87500000 -0.56250000
v 1.00000000 0.56250000 -0.50000000
v 1.00000000 0.68750000 -0.50000000
v 1.00000000 0.62500000 -0.43750000
v 1.00000000 0.56250000 -0.56250000
v 1.00000000 0.93750000 -0.31250000
v 1.00000000 0.81250000 -0.43750000
v 1.00000000 0.93750000 -0.37500000
v 1.00000000 0.87500000 -0.31250000
v 1.00000000 0.87500000 -0.43750000
v 1.00000000 0.75000000 -0.68750000
v 1.00000000 0.75000000 -0.56250000
v 1.00000000 0.81250000 -0.62500000
v 1.00000000 0.68750000 -0.68750000
v 1.00000000 0.81250000 -0.56250000
v 1.00000000 0.75000000 -0.31250000
v 1.00000000 0.75000000 -0.43750000
v 1.00000000 0.68750000 -0.37500000
v 1.00000000 0.81250000 -0.31250000
v 1.00000000 0.68750000 -0.43750000
v 1.00000000 0.81250000 -0.37500000
v 1.00000000 0.56250000 -0.68750000
v 1.00000000 0.68750000 -0.56250000
v 1.00000000 0.56250000 -0.62500000
v 1.00000000 0.62500000 -0.68750000
v 1.00000000 0.62500000 -0.56250000
v 1.00000000 0.68750000 -0.62500000
v 1.00000000 -0.93750000 -0.93750000
v 1.00000000 -0.81250000 -0.81250000
v 1.00000000 -0.87500000 -0.93750000
v 1.00000000 -0.56250000 -0.56250000
v 1.00000000 -0.68750000 -0.68750000
v 1.00000000 -0.75000000 -0.93750000
v 1.00000000 -0.75000000 -0.81250000
v 1.00000000 -0.81250000 -0.93750000
v 1.00000000 -0.81250000 -0.87500000
v 1.00000000 -0.06250000 -0.06250000
v 1.00000000 -0.18750000 -0.18750000
v 1.00000000 -0.43750000 -0.43750000
v 1.00000000 -0.31250000 -0.31250000
v 1.00000000 -0.50000000 -0.93750000
v 1.00000000 -0.50000000 -0.81250000
v 1.00000000 -0.56250000 -0.93750000
v 1.00000000 -0.50000000 -0.56250000
v 1.00000000 -0.50000000 -0.68750000
v 1.00000000 -0.56250000 -0.62500000
v 1.00000000 -0.68750000 -0.93750000
v 1.00000000 -0.56250000 -0.81250000
v 1.00000000 -0.62500000 -0.93750000
v 1.00000000 -0.68750000 -0.87500000
v 1.00000000 -0.56250000 -0.87500000
v 1.00000000 -0.68750000 -0.75000000
v 1.00000000 -0.56250000 -0.75000000
v 1.00000000 -0.62500000 -0.68750000
v 1.00000000 -0.68750000 -0.81250000
v 1.00000000 -0.56250000 -0.68750000
v 1.00000000 -0.62500000 -0.81250000
v 1.00000000 0.93750000 0.93750000
v 1.00000000 0.81250000 0.81250000
v 1.00000000 0.93750000 0.87500000
v 1.00000000 0.56250000 0.56250000
v 1.00000000 0.68750000 0.68750000
v 1.00000000 0.93750000 0.75000000
v 1.00000000 0.81250000 0.75000000
v 1.00000000 0.93750000 0.81250000
v 1.00000000 0.87500000 0.81250000
v 1.00000000 0.06250000 0.06250000
v 1.00000000 0.18750000 0.18750000
v 1.00000000 0.43750000 0.43750000
v 1.00000000 0.31250000 0.31250000
v 1.00000000 0.93750000 0.50000000
v 1.00000000 0.81250000 0.50000000
v 1.00000000 0.93750000 0.56250000
v 1.00000000 0.56250000 0.50000000
v 1.00000000 0.68750000 0.50000000
v 1.00000000 0.62500000 0.56250000
v 1.00000000 0.93750000 0.68750000
v 1.00000000 0.81250000 0.56250000
v 1.00000000 0.93750000 0.62500000
v 1.00000000 0.87500000 0.68750000
v 1.00000000 0.87500000 0.56250000
v 1.00000000 0.75000000 0.68750000
v 1.00000000 0.75000000 0.56250000
v 1.00000000 0.68750000 0.62500000
v 1.00000000 0.81250000 0.68750000
v 1.00000000 0.68750000 0.56250000
v 1.00000000 0.81250000 0.62500000
v 1.00000000 0.00000000 -0.93750000
v 1.00000000 0.00000000 -0.81250000
v 1.00000000 -0.06250000 -0.93750000
v 1.00000000 0.06250000 -0.87500000
v 1.00000000 0.00000000 -0.56250000
v 1.00000000 0.00000000 -0.68750000
v 1.00000000 -0.18750000 -0.93750000
v 1.00000000 -0.06250000 -0.81250000
v 1.00000000 -0.12500000 -0.93750000
v 1.00000000 -0.06250000 -0.87500000
v 1.00000000 0.18750000 -0.75000000
v 1.00000000 0.06250000 -0.75000000
v 1.00000000 0.12500000 -0.81250000
v 1.00000000 0.06250000 -0.81250000
v 1.00000000 0.00000000 -0.06250000
v 1.00000000 0.00000000 -0.18750000
v 1.00000000 -0.06250000 -0.12500000
v 1.00000000 0.00000000 -0.43750000
v 1.00000000 0.00000000 -0.31250000
v 1.00000000 -0.18750000 -0.25000000
v 1.00000000 -0.06250000 -0.25000000
v 1.00000000 -0.12500000 -0.18750000
v 1.00000000 -0.06250000 -0.18750000
v 1.00000000 -0.43750000 -0.93750000
v 1.00000000 -0.31250000 -0.81250000
v 1.00000000 -0.37500000 -0.93750000
v 1.00000000 -0.43750000 -0.87500000
v 1.00000000 -0.06250000 -0.56250000
v 1.00000000 -0.18750000 -0.68750000
v 1.00000000 -0.06250000 -0.62500000
v 1.00000000 -0.25000000 -0.93750000
v 1.00000000 -0.25000000 -0.81250000
v 1.00000000 -0.31250000 -0.93750000
v 1.00000000 -0.18750000 -0.87500000
v 1.00000000 -0.31250000 -0.87500000
v 1.00000000 -0.43750000 -0.75000000
v 1.00000000 -0.31250000 -0.75000000
v 1.00000000 -0.43750000 -0.81250000
v 1.00000000 -0.37500000 -0.81250000
v 1.00000000 -0.06250000 -0.75000000
v 1.00000000 -0.18750000 -0.75000000
v 1.00000000 -0.06250000 -0.68750000
v 1.00000000 -0.12500000 -0.81250000
v 1.00000000 -0.12500000 -0.68750000
v 1.00000000 -0.18750000 -0.81250000
v 1.00000000 0.43750000 -0.50000000
v 1.00000000 0.31250000 -0.50000000
v 1.00000000 0.37500000 -0.56250000
v 1.00000000 0.06250000 -0.50000000
v 1.00000000 0.18750000 -0.50000000
v 1.00000000 0.06250000 -0.56250000
v 1.00000000 0.25000000 -0.68750000
v 1.00000000 0.25000000 -0.56250000
v 1.00000000 0.31250000 -0.62500000
v 1.00000000 0.18750000 -0.68750000
v 1.00000000 0.31250000 -0.56250000
v 1.00000000 0.06250000 -0.68750000
v 1.00000000 0.18750000 -0.56250000
v 1.00000000 0.06250000 -0.62500000
v 1.00000000 0.12500000 -0.68750000
v 1.00000000 0.12500000 -0.56250000
v 1.00000000 0.18750000 -0.62500000
v 1.00000000 -0.43750000 -0.50000000
v 1.00000000 -0.31250000 -0.50000000
v 1.00000000 -0.37500000 -0.43750000
v 1.00000000 -0.43750000 -0.56250000
v 1.00000000 -0.06250000 -0.50000000
v 1.00000000 -0.18750000 -0.50000000
v 1.00000000 -0.06250000 -0.43750000
v 1.00000000 -0.12500000 -0.56250000
v 1.00000000 -0.25000000 -0.31250000
v 1.00000000 -0.25000000 -0.43750000
v 1.00000000 -0.31250000 -0.37500000
v 1.00000000 -0.18750000 -0.31250000
v 1.00000000 -0.31250000 -0.43750000
v 1.00000000 -0.43750000 -0.68750000
v 1.00000000 -0.31250000 -0.56250000
v 1.00000000 -0.43750000 -0.62500000
v 1.00000000 -0.37500000 -0.68750000
v 1.00000000 -0.37500000 -0.56250000
v 1.00000000 -0.06250000 -0.31250000
v 1.00000000 -0.18750000 -0.43750000
v 1.00000000 -0.06250000 -0.37500000
v 1.00000000 -0.12500000 -0.31250000
v 1.00000000 -0.12500000 -0.43750000
v 1.00000000 -0.18750000 -0.37500000
v 1.00000000 -0.25000000 -0.68750000
v 1.00000000 -0.25000000 -0.56250000
v 1.00000000 -0.18750000 -0.62500000
v 1.00000000 -0.31250000 -0.68750000
v 1.00000000 -0.18750000 -0.56250000
v 1.00000000 -0.31250000 -0.62500000
v 1.00000000 0.93750000 0.00000000
v 1.00000000 0.81250000 0.00000000
v 1.00000000 0.93750000 0.06250000
v 1.00000000 0.87500000 -0.06250000
v 1.00000000 0.56250000 0.00000000
v 1.00000000 0.68750000 0.00000000
v 1.00000000 0.93750000 0.18750000
v 1.00000000 0.81250000 0.06250000
v 1.00000000 0.93750000 0.12500000
v 1.00000000 0.87500000 0.06250000
v 1.00000000 0.75000000 -0.18750000
v 1.00000000 0.75000000 -0.06250000
v 1.00000000 0.81250000 -0.12500000
v 1.00000000 0.81250000 -0.06250000
v 1.00000000 0.06250000 0.00000000
v 1.00000000 0.18750000 0.00000000
v 1.00000000 0.12500000 0.06250000
v 1.00000000 0.06250000 -0.06250000
v 1.00000000 0.43750000 0.00000000
v 1.00000000 0.31250000 0.00000000
v 1.00000000 0.25000000 0.18750000
v 1.00000000 0.25000000 0.06250000
v 1.00000000 0.18750000 0.12500000
v 1.00000000 0.18750000 0.06250000
v 1.00000000 0.06250000 -0.18750000
v 1.00000000 0.18750000 -0.06250000
v 1.00000000 0.06250000 -0.12500000
v 1.00000000 0.12500000 -0.06250000
v 1.00000000 0.93750000 0.43750000
v 1.00000000 0.81250000 0.31250000
v 1.00000000 0.93750000 0.37500000
v 1.00000000 0.87500000 0.43750000
v 1.00000000 0.56250000 0.06250000
v 1.00000000 0.68750000 0.18750000
v 1.00000000 0.62500000 0.06250000
v 1.00000000 0.93750000 0.25000000
v 1.00000000 0.81250000 0.25000000
v 1.00000000 0.93750000 0.31250000
v 1.00000000 0.87500000 0.18750000
v 1.00000000 0.87500000 0.31250000
v 1.00000000 0.75000000 0.43750000
v 1.00000000 0.75000000 0.31250000
v 1.00000000 0.81250000 0.43750000
v 1.00000000 0.81250000 0.37500000
v 1.00000000 0.75000000 0.06250000
v 1.00000000 0.75000000 0.18750000
v 1.00000000 0.68750000 0.06250000
v 1.00000000 0.81250000 0.12500000
v 1.00000000 0.68750000 0.12500000
v 1.00000000 0.81250000 0.18750000
v 1.00000000 0.50000000 -0.43750000
v 1.00000000 0.50000000 -0.31250000
v 1.00000000 0.56250000 -0.37500000
v 1.00000000 0.43750000 -0.43750000
v 1.00000000 0.50000000 -0.06250000
v 1.00000000 0.50000000 -0.18750000
v 1.00000000 0.56250000 -0.06250000
v 1.00000000 0.68750000 -0.25000000
v 1.00000000 0.56250000 -0.25000000
v 1.00000000 0.62500000 -0.31250000
v 1.00000000 0.68750000 -0.18750000
v 1.00000000 0.56250000 -0.31250000
v 1.00000000 0.31250000 -0.43750000
v 1.00000000 0.43750000 -0.31250000
v 1.00000000 0.37500000 -0.43750000
v 1.00000000 0.43750000 -0.37500000
v 1.00000000 0.68750000 -0.06250000
v 1.00000000 0.56250000 -0.18750000
v 1.00000000 0.62500000 -0.06250000
v 1.00000000 0.68750000 -0.12500000
v 1.00000000 0.56250000 -0.12500000
v 1.00000000 0.62500000 -0.18750000
v 1.00000000 0.50000000 0.43750000
v 1.00000000 0.50000000 0.31250000
v 1.00000000 0.43750000 0.37500000
v 1.00000000 0.56250000 0.43750000
v 1.00000000 0.50000000 0.06250000
v 1.00000000 0.50000000 0.18750000
v 1.00000000 0.43750000 0.06250000
v 1.00000000 0.56250000 0.12500000
v 1.00000000 0.31250000 0.25000000
v 1.00000000 0.43750000 0.25000000
v 1.00000000 0.37500000 0.31250000
v 1.00000000 0.31250000 0.18750000
v 1.00000000 0.43750000 0.31250000
v 1.00000000 0.68750000 0.43750000
v 1.00000000 0.56250000 0.31250000
v 1.00000000 0.62500000 0.43750000
v 1.00000000 0.68750000 0.37500000
v 1.00000000 0.56250000 0.37500000
v 1.00000000 0.31250000 0.06250000
v 1.00000000 0.43750000 0.18750000
v 1.00000000 0.37500000 0.06250000
v 1.00000000 0.31250000 0.12500000
v 1.00000000 0.43750000 0.12500000
v 1.00000000 0.37500000 0.18750000
v 1.00000000 0.68750000 0.25000000
v 1.00000000 0.56250000 0.25000000
v 1.00000000 0.62500000 0.18750000
v 1.00000000 0.68750000 0.31250000
v 1.00000000 0.56250000 0.18750000
v 1.00000000 0.62500000 0.31250000
v 1.00000000 0.06250000 -0.43750000
v 1.00000000 0.18750000 -0.31250000
v 1.00000000 0.06250000 -0.37500000
v 1.00000000 0.12500000 -0.43750000
v 1.00000000 0.43750000 -0.06250000
v 1.00000000 0.31250000 -0.18750000
v 1.00000000 0.37500000 -0.06250000
v 1.00000000 0.43750000 -0.12500000
v 1.00000000 0.06250000 -0.25000000
v 1.00000000 0.18750000 -0.25000000
v 1.00000000 0.06250000 -0.31250000
v 1.00000000 0.12500000 -0.18750000
v 1.00000000 0.12500000 -0.31250000
v 1.00000000 0.25000000 -0.43750000
v 1.00000000 0.25000000 -0.31250000
v 1.00000000 0.18750000 -0.43750000
v 1.00000000 0.31250000 -0.37500000
v 1.00000000 0.18750000 -0.37500000
v 1.00000000 0.25000000 -0.06250000
v 1.00000000 0.25000000 -0.18750000
v 1.00000000 0.31250000 -0.06250000
v 1.00000000 0.18750000 -0.12500000
v 1.00000000 0.31250000 -0.12500000
v 1.00000000 0.18750000 -0.18750000
v 1.00000000 0.43750000 -0.25000000
v 1.00000000 0.31250000 -0.25000000
v 1.00000000 0.43750000 -0.18750000
v 1.00000000 0.37500000 -0.31250000
v 1.00000000 0.37500000 -0.18750000
v 1.00000000 0.31250000 -0.31250000
v 1.00000000 -1.00000000 -0.93750000
v 1.00000000 -1.00000000 -0.81250000
v 1.00000000 -1.00000000 -0.56250000
v 1.00000000 -1.00000000 -0.68750000
v 1.00000000 -1.00000000 -0.06250000
v 1.00000000 -1.00000000 -0.18750000
v 1.00000000 -1.00000000 -0.43750000
v 1.00000000 -1.00000000 -0.31250000
v 1.00000000 -1.00000000 0.93750000
v 1.00000000 -1.00000000 0.81250000
v 1.00000000 -1.00000000 0.56250000
v 1.00000000 -1.00000000 0.68750000
v 1.00000000 -1.00000000 0.06250000
v 1.00000000 -1.00000000 0.18750000
v 1.00000000 -1.00000000 0.43750000
v 1.00000000 -1.00000000 0.31250000
v 1.00000000 -0.93750000 -0.87500000
v 1.00000000 -0.81250000 -0.75000000
v 1.00000000 -0.93750000 -0.75000000
v 1.00000000 -0.87500000 -0.81250000
v 1.00000000 -0.93750000 -0.81250000
v 1.00000000 -0.56250000 -0.50000000
v 1.00000000 -0.68750000 -0.50000000
v 1.00000000 -0.62500000 -0.56250000
v 1.00000000 -0.93750000 -0.50000000
v 1.00000000 -0.81250000 -0.50000000
v 1.00000000 -0.93750000 -0.56250000
v 1.00000000 -0.75000000 -0.68750000
v 1.00000000 -0.75000000 -0.56250000
v 1.00000000 -0.68750000 -0.62500000
v 1.00000000 -0.81250000 -0.68750000
v 1.00000000 -0.68750000 -0.56250000
v 1.00000000 -0.93750000 -0.68750000
v 1.00000000 -0.81250000 -0.56250000
v 1.00000000 -0.93750000 -0.62500000
v 1.00000000 -0.87500000 -0.68750000
v 1.00000000 -0.87500000 -0.56250000
v 1.00000000 -0.81250000 -0.62500000
v 1.00000000 -0.06250000 0.00000000
v 1.00000000 -0.18750000 0.00000000
v 1.00000000 -0.12500000 -0.06250000
v 1.00000000 -0.43750000 0.00000000
v 1.00000000 -0.31250000 0.00000000
v 1.00000000 -0.25000000 -0.18750000
v 1.00000000 -0.25000000 -0.06250000
v 1.00000000 -0.18750000 -0.12500000
v 1.00000000 -0.18750000 -0.06250000
v 1.00000000 -0.93750000 0.00000000
v 1.00000000 -0.81250000 0.00000000
v 1.00000000 -0.93750000 -0.06250000
v 1.00000000 -0.56250000 0.00000000
v 1.00000000 -0.68750000 0.00000000
v 1.00000000 -0.93750000 -0.18750000
v 1.00000000 -0.81250000 -0.06250000
v 1.00000000 -0.93750000 -0.12500000
v 1.00000000 -0.87500000 -0.06250000
v 1.00000000 -0.50000000 -0.43750000
v 1.00000000 -0.50000000 -0.31250000
v 1.00000000 -0.43750000 -0.37500000
v 1.00000000 -0.56250000 -0.43750000
v 1.00000000 -0.50000000 -0.06250000
v 1.00000000 -0.50000000 -0.18750000
v 1.00000000 -0.43750000 -0.06250000
v 1.00000000 -0.31250000 -0.25000000
v 1.00000000 -0.43750000 -0.25000000
v 1.00000000 -0.37500000 -0.31250000
v 1.00000000 -0.31250000 -0.18750000
v 1.00000000 -0.43750000 -0.31250000
v 1.00000000 -0.68750000 -0.43750000
v 1.00000000 -0.56250000 -0.31250000
v 1.00000000 -0.62500000 -0.43750000
v 1.00000000 -0.56250000 -0.37500000
v 1.00000000 -0.31250000 -0.06250000
v 1.00000000 -0.43750000 -0.18750000
v 1.00000000 -0.37500000 -0.06250000
v 1.00000000 -0.31250000 -0.12500000
v 1.00000000 -0.43750000 -0.12500000
v 1.00000000 -0.37500000 -0.18750000
v 1.00000000 -0.93750000 -0.43750000
v 1.00000000 -0.81250000 -0.31250000
v 1.00000000 -0.93750000 -0.37500000
v 1.00000000 -0.87500000 -0.43750000
v 1.00000000 -0.56250000 -0.06250000
v 1.00000000 -0.68750000 -0.18750000
v 1.00000000 -0.62500000 -0.06250000
v 1.00000000 -0.56250000 -0.12500000
v 1.00000000 -0.93750000 -0.25000000
v 1.00000000 -0.81250000 -0.25000000
v 1.00000000 -0.93750000 -0.31250000
v 1.00000000 -0.87500000 -0.18750000
v 1.00000000 -0.87500000 -0.31250000
v 1.00000000 -0.75000000 -0.43750000
v 1.00000000 -0.75000000 -0.31250000
v 1.00000000 -0.81250000 -0.43750000
v 1.00000000 -0.68750000 -0.37500000
v 1.00000000 -0.81250000 -0.37500000
v 1.00000000 -0.75000000 -0.06250000
v 1.00000000 -0.75000000 -0.18750000
v 1.00000000 -0.68750000 -0.06250000
v 1.00000000 -0.81250000 -0.12500000
v 1.00000000 -0.68750000 -0.12500000
v 1.00000000 -0.81250000 -0.18750000
v 1.00000000 -0.56250000 -0.25000000
v 1.00000000 -0.68750000 -0.25000000
v 1.00000000 -0.56250000 -0.18750000
v 1.00000000 -0.62500000 -0.31250000
v 1.00000000 -0.62500000 -0.18750000
v 1.00000000 -0.68750000 -0.31250000
v 1.00000000 0.93750000 1.00000000
v 1.00000000 0.81250000 1.00000000
v 1.00000000 0.87500000 0.93750000
v 1.00000000 0.56250000 1.00000000
v 1.00000000 0.68750000 1.00000000
v 1.00000000 0.75000000 0.81250000
v 1.00000000 0.75000000 0.93750000
v 1.00000000 0.81250000 0.87500000
v 1.00000000 0.81250000 0.93750000
v 1.00000000 0.06250000 1.00000000
v 1.00000000 0.18750000 1.00000000
v 1.00000000 0.43750000 1.00000000
v 1.00000000 0.31250000 1.00000000
v 1.00000000 0.50000000 0.56250000
v 1.00000000 0.50000000 0.68750000
v 1.00000000 0.56250000 0.62500000
v 1.00000000 0.50000000 0.93750000
v 1.00000000 0.50000000 0.81250000
v 1.00000000 0.56250000 0.93750000
v 1.00000000 0.68750000 0.75000000
v 1.00000000 0.56250000 0.75000000
v 1.00000000 0.62500000 0.68750000
v 1.00000000 0.68750000 0.81250000
v 1.00000000 0.56250000 0.68750000
v 1.00000000 0.68750000 0.93750000
v 1.00000000 0.56250000 0.81250000
v 1.00000000 0.62500000 0.93750000
v 1.00000000 0.68750000 0.87500000
v 1.00000000 0.56250000 0.87500000
v 1.00000000 0.62500000 0.81250000
v 1.00000000 -0.93750000 1.00000000
v 1.00000000 -0.81250000 1.00000000
v 1.00000000 -0.93750000 0.93750000
v 1.00000000 -0.56250000 1.00000000
v 1.00000000 -0.68750000 1.00000000
v 1.00000000 -0.93750000 0.81250000
v 1.00000000 -0.81250000 0.93750000
v 1.00000000 -0.93750000 0.87500000
v 1.00000000 -0.87500000 0.93750000
v 1.00000000 -0.06250000 1.00000000
v 1.00000000 -0.18750000 1.00000000
v 1.00000000 -0.43750000 1.00000000
v 1.00000000 -0.31250000 1.00000000
v 1.00000000 -0.93750000 0.56250000
v 1.00000000 -0.81250000 0.68750000
v 1.00000000 -0.93750000 0.62500000
v 1.00000000 -0.56250000 0.93750000
v 1.00000000 -0.68750000 0.81250000
v 1.00000000 -0.62500000 0.93750000
v 1.00000000 -0.93750000 0.75000000
v 1.00000000 -0.81250000 0.75000000
v 1.00000000 -0.93750000 0.68750000
v 1.00000000 -0.87500000 0.81250000
v 1.00000000 -0.87500000 0.68750000
v 1.00000000 -0.75000000 0.93750000
v 1.00000000 -0.75000000 0.81250000
v 1.00000000 -0.68750000 0.93750000
v 1.00000000 -0.81250000 0.87500000
v 1.00000000 -0.68750000 0.87500000
v 1.00000000 -0.81250000 0.81250000
v 1.00000000 0.00000000 0.06250000
v 1.00000000 0.00000000 0.18750000
v 1.00000000 0.06250000 0.12500000
v 1.00000000 -0.06250000 0.06250000
v 1.00000000 0.00000000 0.43750000
v 1.00000000 0.00000000 0.31250000
v 1.00000000 0.18750000 0.25000000
v 1.00000000 0.06250000 0.25000000
v 1.00000000 0.12500000 0.18750000
v 1.00000000 0.06250000 0.18750000
v 1.00000000 -0.18750000 0.06250000
v 1.00000000 -0.06250000 0.18750000
v 1.00000000 -0.12500000 0.06250000
v 1.00000000 -0.06250000 0.12500000
v 1.00000000 0.00000000 0.93750000
v 1.00000000 0.00000000 0.81250000
v 1.00000000 0.06250000 0.93750000
v 1.00000000 0.00000000 0.56250000
v 1.00000000 0.00000000 0.68750000
v 1.00000000 0.18750000 0.93750000
v 1.00000000 0.06250000 0.81250000
v 1.00000000 0.12500000 0.93750000
v 1.00000000 0.06250000 0.87500000
v 1.00000000 0.43750000 0.50000000
v 1.00000000 0.31250000 0.50000000
v 1.00000000 0.37500000 0.43750000
v 1.00000000 0.43750000 0.56250000
v 1.00000000 0.06250000 0.50000000
v 1.00000000 0.18750000 0.50000000
v 1.00000000 0.06250000 0.43750000
v 1.00000000 0.25000000 0.31250000
v 1.00000000 0.25000000 0.43750000
v 1.00000000 0.31250000 0.37500000
v 1.00000000 0.18750000 0.31250000
v 1.00000000 0.31250000 0.43750000
v 1.00000000 0.43750000 0.68750000
v 1.00000000 0.31250000 0.56250000
v 1.00000000 0.43750000 0.62500000
v 1.00000000 0.37500000 0.56250000
v 1.00000000 0.06250000 0.31250000
v 1.00000000 0.18750000 0.43750000
v 1.00000000 0.06250000 0.37500000
v 1.00000000 0.12500000 0.31250000
v 1.00000000 0.12500000 0.43750000
v 1.00000000 0.18750000 0.37500000
v 1.00000000 -0.43750000 0.06250000
v 1.00000000 -0.31250000 0.18750000
v 1.00000000 -0.37500000 0.06250000
v 1.00000000 -0.06250000 0.43750000
v 1.00000000 -0.18750000 0.31250000
v 1.00000000 -0.06250000 0.37500000
v 1.00000000 -0.25000000 0.06250000
v 1.00000000 -0.25000000 0.18750000
v 1.00000000 -0.31250000 0.06250000
v 1.00000000 -0.18750000 0.12500000
v 1.00000000 -0.31250000 0.12500000
v 1.00000000 -0.06250000 0.25000000
v 1.00000000 -0.18750000 0.25000000
v 1.00000000 -0.06250000 0.31250000
v 1.00000000 -0.12500000 0.18750000
v 1.00000000 -0.12500000 0.31250000
v 1.00000000 -0.18750000 0.18750000
v 1.00000000 0.43750000 0.93750000
v 1.00000000 0.31250000 0.81250000
v 1.00000000 0.37500000 0.93750000
v 1.00000000 0.43750000 0.87500000
v 1.00000000 0.06250000 0.56250000
v 1.00000000 0.18750000 0.68750000
v 1.00000000 0.06250000 0.62500000
v 1.00000000 0.12500000 0.56250000
v 1.00000000 0.25000000 0.93750000
v 1.00000000 0.25000000 0.81250000
v 1.00000000 0.31250000 0.93750000
v 1.00000000 0.18750000 0.87500000
v 1.00000000 0.31250000 0.87500000
v 1.00000000 0.43750000 0.75000000
v 1.00000000 0.31250000 0.75000000
v 1.00000000 0.43750000 0.81250000
v 1.00000000 0.37500000 0.68750000
v 1.00000000 0.37500000 0.81250000
v 1.00000000 0.06250000 0.75000000
v 1.00000000 0.18750000 0.75000000
v 1.00000000 0.06250000 0.68750000
v 1.00000000 0.12500000 0.81250000
v 1.00000000 0.12500000 0.68750000
v 1.00000000 0.18750000 0.81250000
v 1.00000000 0.25000000 0.56250000
v 1.00000000 0.25000000 0.68750000
v 1.00000000 0.18750000 0.56250000
v 1.00000000 0.31250000 0.62500000
v 1.00000000 0.18750000 0.62500000
v 1.00000000 0.31250000 0.68750000
v 1.00000000 -0.93750000 0.06250000
v 1.00000000 -0.81250000 0.18750000
v 1.00000000 -0.93750000 0.12500000
v 1.00000000 -0.87500000 0.06250000
v 1.00000000 -0.56250000 0.43750000
v 1.00000000 -0.68750000 0.31250000
v 1.00000000 -0.93750000 0.25000000
v 1.00000000 -0.81250000 0.25000000
v 1.00000000 -0.93750000 0.18750000
v 1.00000000 -0.87500000 0.18750000
v 1.00000000 -0.75000000 0.06250000
v 1.00000000 -0.75000000 0.18750000
v 1.00000000 -0.81250000 0.06250000
v 1.00000000 -0.81250000 0.12500000
v 1.00000000 -0.06250000 0.93750000
v 1.00000000 -0.18750000 0.81250000
v 1.00000000 -0.12500000 0.93750000
v 1.00000000 -0.06250000 0.87500000
v 1.00000000 -0.43750000 0.56250000
v 1.00000000 -0.31250000 0.68750000
v 1.00000000 -0.25000000 0.93750000
v 1.00000000 -0.25000000 0.81250000
v 1.00000000 -0.18750000 0.93750000
v 1.00000000 -0.18750000 0.87500000
v 1.00000000 -0.06250000 0.75000000
v 1.00000000 -0.18750000 0.75000000
v 1.00000000 -0.06250000 0.81250000
v 1.00000000 -0.12500000 0.81250000
v 1.00000000 -0.93750000 0.50000000
v 1.00000000 -0.81250000 0.50000000
v 1.00000000 -0.93750000 0.43750000
v 1.00000000 -0.87500000 0.56250000
v 1.00000000 -0.56250000 0.50000000
v 1.00000000 -0.68750000 0.50000000
v 1.00000000 -0.62500000 0.43750000
v 1.00000000 -0.93750000 0.31250000
v 1.00000000 -0.81250000 0.43750000
v 1.00000000 -0.93750000 0.37500000
v 1.00000000 -0.87500000 0.31250000
v 1.00000000 -0.87500000 0.43750000
v 1.00000000 -0.75000000 0.68750000
v 1.00000000 -0.75000000 0.56250000
v 1.00000000 -0.81250000 0.62500000
v 1.00000000 -0.81250000 0.56250000
v 1.00000000 -0.75000000 0.31250000
v 1.00000000 -0.75000000 0.43750000
v 1.00000000 -0.68750000 0.37500000
v 1.00000000 -0.81250000 0.31250000
v 1.00000000 -0.68750000 0.43750000
v 1.00000000 -0.81250000 0.37500000
v 1.00000000 -0.50000000 0.06250000
v 1.00000000 -0.50000000 0.18750000
v 1.00000000 -0.56250000 0.06250000
v 1.00000000 -0.43750000 0.12500000
v 1.00000000 -0.50000000 0.43750000
v 1.00000000 -0.50000000 0.31250000
v 1.00000000 -0.56250000 0.37500000
v 1.00000000 -0.68750000 0.06250000
v 1.00000000 -0.56250000 0.18750000
v 1.00000000 -0.62500000 0.06250000
v 1.00000000 -0.68750000 0.12500000
v 1.00000000 -0.56250000 0.12500000
v 1.00000000 -0.31250000 0.25000000
v 1.00000000 -0.43750000 0.25000000
v 1.00000000 -0.37500000 0.18750000
v 1.00000000 -0.43750000 0.18750000
v 1.00000000 -0.68750000 0.25000000
v 1.00000000 -0.56250000 0.25000000
v 1.00000000 -0.62500000 0.31250000
v 1.00000000 -0.68750000 0.18750000
v 1.00000000 -0.56250000 0.31250000
v 1.00000000 -0.62500000 0.18750000
v 1.00000000 -0.50000000 0.93750000
v 1.00000000 -0.50000000 0.81250000
v 1.00000000 -0.43750000 0.93750000
v 1.00000000 -0.56250000 0.87500000
v 1.00000000 -0.50000000 0.56250000
v 1.00000000 -0.50000000 0.68750000
v 1.00000000 -0.43750000 0.62500000
v 1.00000000 -0.56250000 0.56250000
v 1.00000000 -0.31250000 0.93750000
v 1.00000000 -0.43750000 0.81250000
v 1.00000000 -0.37500000 0.93750000
v 1.00000000 -0.31250000 0.87500000
v 1.00000000 -0.43750000 0.87500000
v 1.00000000 -0.68750000 0.75000000
v 1.00000000 -0.56250000 0.75000000
v 1.00000000 -0.62500000 0.81250000
v 1.00000000 -0.68750000 0.68750000
v 1.00000000 -0.56250000 0.81250000
v 1.00000000 -0.31250000 0.75000000
v 1.00000000 -0.43750000 0.75000000
v 1.00000000 -0.37500000 0.68750000
v 1.00000000 -0.31250000 0.81250000
v 1.00000000 -0.43750000 0.68750000
v 1.00000000 -0.37500000 0.81250000
v 1.00000000 -0.68750000 0.56250000
v 1.00000000 -0.56250000 0.68750000
v 1.00000000 -0.62500000 0.56250000
v 1.00000000 -0.68750000 0.62500000
v 1.00000000 -0.56250000 0.62500000
v 1.00000000 -0.62500000 0.68750000
v 1.00000000 -0.06250000 0.50000000
v 1.00000000 -0.18750000 0.50000000
v 1.00000000 -0.06250000 0.56250000
v 1.00000000 -0.12500000 0.43750000
v 1.00000000 -0.43750000 0.50000000
v 1.00000000 -0.31250000 0.50000000
v 1.00000000 -0.37500000 0.56250000
v 1.00000000 -0.43750000 0.43750000
v 1.00000000 -0.06250000 0.68750000
v 1.00000000 -0.18750000 0.56250000
v 1.00000000 -0.06250000 0.62500000
v 1.00000000 -0.12500000 0.68750000
v 1.00000000 -0.12500000 0.56250000
v 1.00000000 -0.25000000 0.31250000
v 1.00000000 -0.25000000 0.43750000
v 1.00000000 -0.18750000 0.37500000
v 1.00000000 -0.31250000 0.31250000
v 1.00000000 -0.18750000 0.43750000
v 1.00000000 -0.25000000 0.68750000
v 1.00000000 -0.25000000 0.56250000
v 1.00000000 -0.31250000 0.62500000
v 1.00000000 -0.18750000 0.68750000
v 1.00000000 -0.31250000 0.56250000
v 1.00000000 -0.18750000 0.62500000
v 1.00000000 -0.43750000 0.31250000
v 1.00000000 -0.31250000 0.43750000
v 1.00000000 -0.43750000 0.37500000
v 1.00000000 -0.37500000 0.31250000
v 1.00000000 -0.37500000 0.43750000
v 1.00000000 -0.31250000 0.37500000
v 0.93750000 1.00000000 -1.00000000
v 0.81250000 1.00000000 -1.00000000
v 0.56250000 1.00000000 -1.00000000
v 0.68750000 1.00000000 -1.00000000
v 0.06250000 1.00000000 -1.00000000
v 0.18750000 1.00000000 -1.00000000
v 0.43750000 1.00000000 -1.00000000
v 0.31250000 1.00000000 -1.00000000
v -0.93750000 1.00000000 -1.00000000
v -0.81250000 1.00000000 -1.00000000
v -0.56250000 1.00000000 -1.00000000
v -0.68750000 1.00000000 -1.00000000
v -0.06250000 1.00000000 -1.00000000
v -0.18750000 1.00000000 -1.00000000
v -0.43750000 1.00000000 -1.00000000
v -0.31250000 1.00000000 -1.00000000
v 0.93750000 -1.00000000 -1.00000000
v 0.81250000 -1.00000000 -1.00000000
v 0.93750000 -1.00000000 -0.93750000
v 0.56250000 -1.00000000 -1.00000000
v 0.68750000 -1.00000000 -1.00000000
v 0.93750000 -1.00000000 -0.81250000
v 0.81250000 -1.00000000 -0.93750000
v 0.93750000 -1.00000000 -0.87500000
v 0.87500000 -1.00000000 -0.93750000
v 0.06250000 -1.00000000 -1.00000000
v 0.18750000 -1.00000000 -1.00000000
v 0.43750000 -1.00000000 -1.00000000
v 0.31250000 -1.00000000 -1.00000000
v 0.93750000 -1.00000000 -0.56250000
v 0.81250000 -1.00000000 -0.68750000
v 0.93750000 -1.00000000 -0.62500000
v 0.56250000 -1.00000000 -0.93750000
v 0.68750000 -1.00000000 -0.81250000
v 0.62500000 -1.00000000 -0.93750000
v 0.93750000 -1.00000000 -0.75000000
v 0.81250000 -1.00000000 -0.75000000
v 0.93750000 -1.00000000 -0.68750000
v 0.87500000 -1.00000000 -0.81250000
v 0.87500000 -1.00000000 -0.68750000
v 0.75000000 -1.00000000 -0.93750000
v 0.75000000 -1.00000000 -0.81250000
v 0.68750000 -1.00000000 -0.93750000
v 0.81250000 -1.00000000 -0.87500000
v 0.68750000 -1.00000000 -0.87500000
v 0.81250000 -1.00000000 -0.81250000
v -0.93750000 -1.00000000 -1.00000000
v -0.81250000 -1.00000000 -1.00000000
v -0.56250000 -1.00000000 -1.00000000
v -0.68750000 -1.00000000 -1.00000000
v -0.06250000 -1.00000000 -1.00000000
v -0.18750000 -1.00000000 -1.00000000
v -0.43750000 -1.00000000 -1.00000000
v -0.31250000 -1.00000000 -1.00000000
v 0.93750000 -1.00000000 -0.06250000
v 0.81250000 -1.00000000 -0.18750000
v 0.93750000 -1.00000000 -0.12500000
v 0.56250000 -1.00000000 -0.43750000
v 0.68750000 -1.00000000 -0.31250000
v 0.93750000 -1.00000000 -0.25000000
v 0.81250000 -1.00000000 -0.25000000
v 0.93750000 -1.00000000 -0.18750000
v 0.87500000 -1.00000000 -0.18750000
v 0.06250000 -1.00000000 -0.93750000
v 0.18750000 -1.00000000 -0.81250000
v 0.12500000 -1.00000000 -0.93750000
v 0.43750000 -1.00000000 -0.56250000
v 0.31250000 -1.00000000 -0.68750000
v 0.25000000 -1.00000000 -0.93750000
v 0.25000000 -1.00000000 -0.81250000
v 0.18750000 -1.00000000 -0.93750000
v 0.18750000 -1.00000000 -0.87500000
v 0.93750000 -1.00000000 -0.50000000
v 0.81250000 -1.00000000 -0.50000000
v 0.93750000 -1.00000000 -0.43750000
v 0.87500000 -1.00000000 -0.56250000
v 0.56250000 -1.00000000 -0.50000000
v 0.68750000 -1.00000000 -0.50000000
v 0.62500000 -1.00000000 -0.43750000
v 0.93750000 -1.00000000 -0.31250000
v 0.81250000 -1.00000000 -0.43750000
v 0.93750000 -1.00000000 -0.37500000
v 0.87500000 -1.00000000 -0.31250000
v 0.87500000 -1.00000000 -0.43750000
v 0.75000000 -1.00000000 -0.68750000
v 0.75000000 -1.00000000 -0.56250000
v 0.81250000 -1.00000000 -0.62500000
v 0.81250000 -1.00000000 -0.56250000
v 0.75000000 -1.00000000 -0.31250000
v 0.75000000 -1.00000000 -0.43750000
v 0.68750000 -1.00000000 -0.37500000
v 0.81250000 -1.00000000 -0.31250000
v 0.68750000 -1.00000000 -0.43750000
v 0.81250000 -1.00000000 -0.37500000
v 0.50000000 -1.00000000 -0.93750000
v 0.50000000 -1.00000000 -0.81250000
v 0.43750000 -1.00000000 -0.93750000
v 0.56250000 -1.00000000 -0.87500000
v 0.50000000 -1.00000000 -0.56250000
v 0.50000000 -1.00000000 -0.68750000
v 0.43750000 -1.00000000 -0.62500000
v 0.56250000 -1.00000000 -0.56250000
v 0.31250000 -1.00000000 -0.93750000
v 0.43750000 -1.00000000 -0.81250000
v 0.37500000 -1.00000000 -0.93750000
v 0.31250000 -1.00000000 -0.87500000
v 0.43750000 -1.00000000 -0.87500000
v 0.68750000 -1.00000000 -0.75000000
v 0.56250000 -1.00000000 -0.75000000
v 0.62500000 -1.00000000 -0.81250000
v 0.68750000 -1.00000000 -0.68750000
v 0.56250000 -1.00000000 -0.81250000
v 0.31250000 -1.00000000 -0.75000000
v 0.43750000 -1.00000000 -0.75000000
v 0.37500000 -1.00000000 -0.68750000
v 0.31250000 -1.00000000 -0.81250000
v 0.43750000 -1.00000000 -0.68750000
v 0.37500000 -1.00000000 -0.81250000
v 0.68750000 -1.00000000 -0.56250000
v 0.56250000 -1.00000000 -0.68750000
v 0.62500000 -1.00000000 -0.56250000
v 0.68750000 -1.00000000 -0.62500000
v 0.56250000 -1.00000000 -0.62500000
v 0.62500000 -1.00000000 -0.68750000
v 0.93750000 -1.00000000 0.93750000
v 0.81250000 -1.00000000 0.81250000
v 0.93750000 -1.00000000 0.87500000
v 0.56250000 -1.00000000 0.56250000
v 0.68750000 -1.00000000 0.68750000
v 0.93750000 -1.00000000 0.75000000
v 0.81250000 -1.00000000 0.75000000
v 0.93750000 -1.00000000 0.81250000
v 0.87500000 -1.00000000 0.81250000
v 0.06250000 -1.00000000 0.06250000
v 0.18750000 -1.00000000 0.18750000
v 0.43750000 -1.00000000 0.43750000
v 0.31250000 -1.00000000 0.31250000
v 0.93750000 -1.00000000 0.50000000
v 0.81250000 -1.00000000 0.50000000
v 0.93750000 -1.00000000 0.56250000
v 0.56250000 -1.00000000 0.50000000
v 0.68750000 -1.00000000 0.50000000
v 0.62500000 -1.00000000 0.56250000
v 0.93750000 -1.00000000 0.68750000
v 0.81250000 -1.00000000 0.56250000
v 0.93750000 -1.00000000 0.62500000
v 0.87500000 -1.00000000 0.68750000
v 0.87500000 -1.00000000 0.56250000
v 0.75000000 -1.00000000 0.68750000
v 0.75000000 -1.00000000 0.56250000
v 0.68750000 -1.00000000 0.62500000
v 0.81250000 -1.00000000 0.68750000
v 0.68750000 -1.00000000 0.56250000
v 0.81250000 -1.00000000 0.62500000
v -0.93750000 -1.00000000 -0.93750000
v -0.81250000 -1.00000000 -0.81250000
v -0.87500000 -1.00000000 -0.93750000
v -0.56250000 -1.00000000 -0.56250000
v -0.68750000 -1.00000000 -0.68750000
v -0.75000000 -1.00000000 -0.93750000
v -0.75000000 -1.00000000 -0.81250000
v -0.81250000 -1.00000000 -0.93750000
v -0.81250000 -1.00000000 -0.87500000
v -0.06250000 -1.00000000 -0.06250000
v -0.18750000 -1.00000000 -0.18750000
v -0.43750000 -1.00000000 -0.43750000
v -0.31250000 -1.00000000 -0.31250000
v -0.50000000 -1.00000000 -0.93750000
v -0.50000000 -1.00000000 -0.81250000
v -0.56250000 -1.00000000 -0.93750000
v -0.50000000 -1.00000000 -0.56250000
v -0.50000000 -1.00000000 -0.68750000
v -0.56250000 -1.00000000 -0.62500000
v -0.68750000 -1.00000000 -0.93750000
v -0.56250000 -1.00000000 -0.81250000
v -0.62500000 -1.00000000 -0.93750000
v -0.68750000 -1.00000000 -0.87500000
v -0.56250000 -1.00000000 -0.87500000
v -0.68750000 -1.00000000 -0.75000000
v -0.56250000 -1.00000000 -0.75000000
v -0.62500000 -1.00000000 -0.68750000
v -0.68750000 -1.00000000 -0.81250000
v -0.56250000 -1.00000000 -0.68750000
v -0.62500000 -1.00000000 -0.81250000
v 0.93750000 -1.00000000 0.00000000
v 0.81250000 -1.00000000 0.00000000
v 0.93750000 -1.00000000 0.06250000
v 0.87500000 -1.00000000 -0.06250000
v 0.56250000 -1.00000000 0.00000000
v 0.68750000 -1.00000000 0.00000000
v 0.93750000 -1.00000000 0.18750000
v 0.81250000 -1.00000000 0.06250000
v 0.93750000 -1.00000000 0.12500000
v 0.87500000 -1.00000000 0.06250000
v 0.75000000 -1.00000000 -0.18750000
v 0.75000000 -1.00000000 -0.06250000
v 0.81250000 -1.00000000 -0.12500000
v 0.81250000 -1.00000000 -0.06250000
v 0.06250000 -1.00000000 0.00000000
v 0.18750000 -1.00000000 0.00000000
v 0.12500000 -1.00000000 0.06250000
v 0.43750000 -1.00000000 0.00000000
v 0.31250000 -1.00000000 0.00000000
v 0.25000000 -1.00000000 0.18750000
v 0.25000000 -1.00000000 0.06250000
v 0.18750000 -1.00000000 0.12500000
v 0.18750000 -1.00000000 0.06250000
v 0.93750000 -1.00000000 0.43750000
v 0.81250000 -1.00000000 0.31250000
v 0.93750000 -1.00000000 0.37500000
v 0.87500000 -1.00000000 0.43750000
v 0.56250000 -1.00000000 0.06250000
v 0.68750000 -1.00000000 0.18750000
v 0.62500000 -1.00000000 0.06250000
v 0.93750000 -1.00000000 0.25000000
v 0.81250000 -1.00000000 0.25000000
v 0.93750000 -1.00000000 0.31250000
v 0.87500000 -1.00000000 0.18750000
v 0.87500000 -1.00000000 0.31250000
v 0.75000000 -1.00000000 0.43750000
v 0.75000000 -1.00000000 0.31250000
v 0.81250000 -1.00000000 0.43750000
v 0.81250000 -1.00000000 0.37500000
v 0.75000000 -1.00000000 0.06250000
v 0.75000000 -1.00000000 0.18750000
v 0.68750000 -1.00000000 0.06250000
v 0.81250000 -1.00000000 0.12500000
v 0.68750000 -1.00000000 0.12500000
v 0.81250000 -1.00000000 0.18750000
v 0.50000000 -1.00000000 -0.43750000
v 0.50000000 -1.00000000 -0.31250000
v 0.56250000 -1.00000000 -0.37500000
v 0.50000000 -1.00000000 -0.06250000
v 0.50000000 -1.00000000 -0.18750000
v 0.56250000 -1.00000000 -0.06250000
v 0.68750000 -1.00000000 -0.25000000
v 0.56250000 -1.00000000 -0.25000000
v 0.62500000 -1.00000000 -0.31250000
v 0.68750000 -1.00000000 -0.18750000
v 0.56250000 -1.00000000 -0.31250000
v 0.68750000 -1.00000000 -0.06250000
v 0.56250000 -1.00000000 -0.18750000
v 0.62500000 -1.00000000 -0.06250000
v 0.68750000 -1.00000000 -0.12500000
v 0.56250000 -1.00000000 -0.12500000
v 0.62500000 -1.00000000 -0.18750000
v 0.50000000 -1.00000000 0.43750000
v 0.50000000 -1.00000000 0.31250000
v 0.43750000 -1.00000000 0.37500000
v 0.56250000 -1.00000000 0.43750000
v 0.50000000 -1.00000000 0.06250000
v 0.50000000 -1.00000000 0.18750000
v 0.43750000 -1.00000000 0.06250000
v 0.56250000 -1.00000000 0.12500000
v 0.31250000 -1.00000000 0.25000000
v 0.43750000 -1.00000000 0.25000000
v 0.37500000 -1.00000000 0.31250000
v 0.31250000 -1.00000000 0.18750000
v 0.43750000 -1.00000000 0.31250000
v 0.68750000 -1.00000000 0.43750000
v 0.56250000 -1.00000000 0.31250000
v 0.62500000 -1.00000000 0.43750000
v 0.68750000 -1.00000000 0.37500000
v 0.56250000 -1.00000000 0.37500000
v 0.31250000 -1.00000000 0.06250000
v 0.43750000 -1.00000000 0.18750000
v 0.37500000 -1.00000000 0.06250000
v 0.31250000 -1.00000000 0.12500000
v 0.43750000 -1.00000000 0.12500000
v 0.37500000 -1.00000000 0.18750000
v 0.68750000 -1.00000000 0.25000000
v 0.56250000 -1.00000000 0.25000000
v 0.62500000 -1.00000000 0.18750000
v 0.68750000 -1.00000000 0.31250000
v 0.56250000 -1.00000000 0.18750000
v 0.62500000 -1.00000000 0.31250000
v 0.00000000 -1.00000000 -0.93750000
v 0.00000000 -1.00000000 -0.81250000
v -0.06250000 -1.00000000 -0.93750000
v 0.06250000 -1.00000000 -0.87500000
v 0.00000000 -1.00000000 -0.56250000
v 0.00000000 -1.00000000 -0.68750000
v -0.18750000 -1.00000000 -0.93750000
v -0.06250000 -1.00000000 -0.81250000
v -0.12500000 -1.00000000 -0.93750000
v -0.06250000 -1.00000000 -0.87500000
v 0.18750000 -1.00000000 -0.75000000
v 0.06250000 -1.00000000 -0.75000000
v 0.12500000 -1.00000000 -0.81250000
v 0.06250000 -1.00000000 -0.81250000
v 0.00000000 -1.00000000 -0.06250000
v 0.00000000 -1.00000000 -0.18750000
v -0.06250000 -1.00000000 -0.12500000
v 0.06250000 -1.00000000 -0.06250000
v 0.00000000 -1.00000000 -0.43750000
v 0.00000000 -1.00000000 -0.31250000
v -0.18750000 -1.00000000 -0.25000000
v -0.06250000 -1.00000000 -0.25000000
v -0.12500000 -1.00000000 -0.18750000
v -0.06250000 -1.00000000 -0.18750000
v 0.18750000 -1.00000000 -0.06250000
v 0.06250000 -1.00000000 -0.18750000
v 0.12500000 -1.00000000 -0.06250000
v 0.06250000 -1.00000000 -0.12500000
v -0.43750000 -1.00000000 -0.93750000
v -0.31250000 -1.00000000 -0.81250000
v -0.37500000 -1.00000000 -0.93750000
v -0.43750000 -1.00000000 -0.87500000
v -0.06250000 -1.00000000 -0.56250000
v -0.18750000 -1.00000000 -0.68750000
v -0.06250000 -1.00000000 -0.62500000
v -0.25000000 -1.00000000 -0.93750000
v -0.25000000 -1.00000000 -0.81250000
v -0.31250000 -1.00000000 -0.93750000
v -0.18750000 -1.00000000 -0.87500000
v -0.31250000 -1.00000000 -0.87500000
v -0.43750000 -1.00000000 -0.75000000
v -0.31250000 -1.00000000 -0.75000000
v -0.43750000 -1.00000000 -0.81250000
v -0.37500000 -1.00000000 -0.81250000
v -0.06250000 -1.00000000 -0.75000000
v -0.18750000 -1.00000000 -0.75000000
v -0.06250000 -1.00000000 -0.68750000
v -0.12500000 -1.00000000 -0.81250000
v -0.12500000 -1.00000000 -0.68750000
v -0.18750000 -1.00000000 -0.81250000
v 0.43750000 -1.00000000 -0.50000000
v 0.31250000 -1.00000000 -0.50000000
v 0.37500000 -1.00000000 -0.56250000
v 0.43750000 -1.00000000 -0.43750000
v 0.06250000 -1.00000000 -0.50000000
v 0.18750000 -1.00000000 -0.50000000
v 0.06250000 -1.00000000 -0.56250000
v 0.25000000 -1.00000000 -0.68750000
v 0.25000000 -1.00000000 -0.56250000
v 0.31250000 -1.00000000 -0.62500000
v 0.18750000 -1.00000000 -0.68750000
v 0.31250000 -1.00000000 -0.56250000
v 0.43750000 -1.00000000 -0.31250000
v 0.31250000 -1.00000000 -0.43750000
v 0.43750000 -1.00000000 -0.37500000
v 0.37500000 -1.00000000 -0.43750000
v 0.06250000 -1.00000000 -0.68750000
v 0.18750000 -1.00000000 -0.56250000
v 0.06250000 -1.00000000 -0.62500000
v 0.12500000 -1.00000000 -0.68750000
v 0.12500000 -1.00000000 -0.56250000
v 0.18750000 -1.00000000 -0.62500000
v -0.43750000 -1.00000000 -0.50000000
v -0.31250000 -1.00000000 -0.50000000
v -0.37500000 -1.00000000 -0.43750000
v -0.43750000 -1.00000000 -0.56250000
v -0.06250000 -1.00000000 -0.50000000
v -0.18750000 -1.00000000 -0.50000000
v -0.06250000 -1.00000000 -0.43750000
v -0.12500000 -1.00000000 -0.56250000
v -0.25000000 -1.00000000 -0.31250000
v -0.25000000 -1.00000000 -0.43750000
v -0.31250000 -1.00000000 -0.37500000
v -0.18750000 -1.00000000 -0.31250000
v -0.31250000 -1.00000000 -0.43750000
v -0.43750000 -1.00000000 -0.68750000
v -0.31250000 -1.00000000 -0.56250000
v -0.43750000 -1.00000000 -0.62500000
v -0.37500000 -1.00000000 -0.68750000
v -0.37500000 -1.00000000 -0.56250000
v -0.06250000 -1.00000000 -0.31250000
v -0.18750000 -1.00000000 -0.43750000
v -0.06250000 -1.00000000 -0.37500000
v -0.12500000 -1.00000000 -0.31250000
v -0.12500000 -1.00000000 -0.43750000
v -0.18750000 -1.00000000 -0.37500000
v -0.25000000 -1.00000000 -0.68750000
v -0.25000000 -1.00000000 -0.56250000
v -0.18750000 -1.00000000 -0.62500000
v -0.31250000 -1.00000000 -0.68750000
v -0.18750000 -1.00000000 -0.56250000
v -0.31250000 -1.00000000 -0.62500000
v 0.43750000 -1.00000000 -0.06250000
v 0.31250000 -1.00000000 -0.18750000
v 0.37500000 -1.00000000 -0.06250000
v 0.43750000 -1.00000000 -0.12500000
v 0.06250000 -1.00000000 -0.43750000
v 0.18750000 -1.00000000 -0.31250000
v 0.06250000 -1.00000000 -0.37500000
v 0.12500000 -1.00000000 -0.43750000
v 0.25000000 -1.00000000 -0.06250000
v 0.25000000 -1.00000000 -0.18750000
v 0.31250000 -1.00000000 -0.06250000
v 0.18750000 -1.00000000 -0.12500000
v 0.31250000 -1.00000000 -0.12500000
v 0.43750000 -1.00000000 -0.25000000
v 0.31250000 -1.00000000 -0.25000000
v 0.43750000 -1.00000000 -0.18750000
v 0.37500000 -1.00000000 -0.31250000
v 0.37500000 -1.00000000 -0.18750000
v 0.06250000 -1.00000000 -0.25000000
v 0.18750000 -1.00000000 -0.25000000
v 0.06250000 -1.00000000 -0.31250000
v 0.12500000 -1.00000000 -0.18750000
v 0.12500000 -1.00000000 -0.31250000
v 0.18750000 -1.00000000 -0.18750000
v 0.25000000 -1.00000000 -0.43750000
v 0.25000000 -1.00000000 -0.31250000
v 0.18750000 -1.00000000 -0.43750000
v 0.31250000 -1.00000000 -0.37500000
v 0.18750000 -1.00000000 -0.37500000
v 0.31250000 -1.00000000 -0.31250000
v -1.00000000 0.93750000 -1.00000000
v -1.00000000 0.81250000 -1.00000000
v -1.00000000 0.56250000 -1.00000000
v -1.00000000 0.68750000 -1.00000000
v -1.00000000 0.06250000 -1.00000000
v -1.00000000 0.18750000 -1.00000000
v -1.00000000 0.43750000 -1.00000000
v -1.00000000 0.31250000 -1.00000000
v -1.00000000 -0.93750000 -1.00000000
v -1.00000000 -0.81250000 -1.00000000
v -1.00000000 -0.56250000 -1.00000000
v -1.00000000 -0.68750000 -1.00000000
v -1.00000000 -0.06250000 -1.00000000
v -1.00000000 -0.18750000 -1.00000000
v -1.00000000 -0.43750000 -1.00000000
v -1.00000000 -0.31250000 -1.00000000
v 0.93750000 0.93750000 -1.00000000
v 0.81250000 0.81250000 -1.00000000
v 0.93750000 0.87500000 -1.00000000
v 0.87500000 0.93750000 -1.00000000
v 0.56250000 0.56250000 -1.00000000
v 0.68750000 0.68750000 -1.00000000
v 0.93750000 0.75000000 -1.00000000
v 0.81250000 0.75000000 -1.00000000
v 0.93750000 0.81250000 -1.00000000
v 0.87500000 0.81250000 -1.00000000
v 0.75000000 0.93750000 -1.00000000
v 0.75000000 0.81250000 -1.00000000
v 0.81250000 0.93750000 -1.00000000
v 0.81250000 0.87500000 -1.00000000
v 0.06250000 0.06250000 -1.00000000
v 0.18750000 0.18750000 -1.00000000
v 0.43750000 0.43750000 -1.00000000
v 0.31250000 0.31250000 -1.00000000
v 0.93750000 0.50000000 -1.00000000
v 0.81250000 0.50000000 -1.00000000
v 0.93750000 0.56250000 -1.00000000
v 0.56250000 0.50000000 -1.00000000
v 0.68750000 0.50000000 -1.00000000
v 0.62500000 0.56250000 -1.00000000
v 0.93750000 0.68750000 -1.00000000
v 0.81250000 0.56250000 -1.00000000
v 0.93750000 0.62500000 -1.00000000
v 0.87500000 0.68750000 -1.00000000
v 0.87500000 0.56250000 -1.00000000
v 0.75000000 0.68750000 -1.00000000
v 0.75000000 0.56250000 -1.00000000
v 0.68750000 0.62500000 -1.00000000
v 0.81250000 0.68750000 -1.00000000
v 0.68750000 0.56250000 -1.00000000
v 0.81250000 0.62500000 -1.00000000
v 0.50000000 0.93750000 -1.00000000
v 0.50000000 0.81250000 -1.00000000
v 0.56250000 0.93750000 -1.00000000
v 0.50000000 0.56250000 -1.00000000
v 0.50000000 0.68750000 -1.00000000
v 0.56250000 0.62500000 -1.00000000
v 0.68750000 0.93750000 -1.00000000
v 0.56250000 0.81250000 -1.00000000
v 0.62500000 0.93750000 -1.00000000
v 0.68750000 0.87500000 -1.00000000
v 0.56250000 0.87500000 -1.00000000
v 0.68750000 0.75000000 -1.00000000
v 0.56250000 0.75000000 -1.00000000
v 0.62500000 0.68750000 -1.00000000
v 0.68750000 0.81250000 -1.00000000
v 0.56250000 0.68750000 -1.00000000
v 0.62500000 0.81250000 -1.00000000
v -0.93750000 -0.93750000 -1.00000000
v -0.81250000 -0.81250000 -1.00000000
v -0.56250000 -0.56250000 -1.00000000
v -0.68750000 -0.68750000 -1.00000000
v -0.06250000 -0.06250000 -1.00000000
v -0.18750000 -0.18750000 -1.00000000
v -0.43750000 -0.43750000 -1.00000000
v -0.31250000 -0.31250000 -1.00000000
v 0.93750000 0.00000000 -1.00000000
v 0.81250000 0.00000000 -1.00000000
v 0.93750000 0.06250000 -1.00000000
v 0.56250000 0.00000000 -1.00000000
v 0.68750000 0.00000000 -1.00000000
v 0.93750000 0.18750000 -1.00000000
v 0.81250000 0.06250000 -1.00000000
v 0.93750000 0.12500000 -1.00000000
v 0.87500000 0.06250000 -1.00000000
v 0.06250000 0.00000000 -1.00000000
v 0.18750000 0.00000000 -1.00000000
v 0.12500000 0.06250000 -1.00000000
v 0.43750000 0.00000000 -1.00000000
v 0.31250000 0.00000000 -1.00000000
v 0.25000000 0.18750000 -1.00000000
v 0.25000000 0.06250000 -1.00000000
v 0.18750000 0.12500000 -1.00000000
v 0.18750000 0.06250000 -1.00000000
v 0.93750000 0.43750000 -1.00000000
v 0.81250000 0.31250000 -1.00000000
v 0.93750000 0.37500000 -1.00000000
v 0.87500000 0.43750000 -1.00000000
v 0.56250000 0.06250000 -1.00000000
v 0.68750000 0.18750000 -1.00000000
v 0.62500000 0.06250000 -1.00000000
v 0.93750000 0.25000000 -1.00000000
v 0.81250000 0.25000000 -1.00000000
v 0.93750000 0.31250000 -1.00000000
v 0.87500000 0.18750000 -1.00000000
v 0.87500000 0.31250000 -1.00000000
v 0.75000000 0.43750000 -1.00000000
v 0.75000000 0.31250000 -1.00000000
v 0.81250000 0.43750000 -1.00000000
v 0.81250000 0.37500000 -1.00000000
v 0.75000000 0.06250000 -1.00000000
v 0.75000000 0.18750000 -1.00000000
v 0.68750000 0.06250000 -1.00000000
v 0.81250000 0.12500000 -1.00000000
v 0.68750000 0.12500000 -1.00000000
v 0.81250000 0.18750000 -1.00000000
v 0.50000000 0.43750000 -1.00000000
v 0.50000000 0.31250000 -1.00000000
v 0.43750000 0.37500000 -1.00000000
v 0.56250000 0.43750000 -1.00000000
v 0.50000000 0.06250000 -1.00000000
v 0.50000000 0.18750000 -1.00000000
v 0.43750000 0.06250000 -1.00000000
v 0.56250000 0.12500000 -1.00000000
v 0.31250000 0.25000000 -1.00000000
v 0.43750000 0.25000000 -1.00000000
v 0.37500000 0.31250000 -1.00000000
v 0.31250000 0.18750000 -1.00000000
v 0.43750000 0.31250000 -1.00000000
v 0.68750000 0.43750000 -1.00000000
v 0.56250000 0.31250000 -1.00000000
v 0.62500000 0.43750000 -1.00000000
v 0.68750000 0.37500000 -1.00000000
v 0.56250000 0.37500000 -1.00000000
v 0.31250000 0.06250000 -1.00000000
v 0.43750000 0.18750000 -1.00000000
v 0.37500000 0.06250000 -1.00000000
v 0.31250000 0.12500000 -1.00000000
v 0.43750000 0.12500000 -1.00000000
v 0.37500000 0.18750000 -1.00000000
v 0.68750000 0.25000000 -1.00000000
v 0.56250000 0.25000000 -1.00000000
v 0.62500000 0.18750000 -1.00000000
v 0.68750000 0.31250000 -1.00000000
v 0.56250000 0.18750000 -1.00000000
v 0.62500000 0.31250000 -1.00000000
v 0.00000000 0.93750000 -1.00000000
v 0.00000000 0.81250000 -1.00000000
v 0.06250000 0.93750000 -1.00000000
v 0.00000000 0.56250000 -1.00000000
v 0.00000000 0.68750000 -1.00000000
v 0.18750000 0.93750000 -1.00000000
v 0.06250000 0.81250000 -1.00000000
v 0.12500000 0.93750000 -1.00000000
v 0.06250000 0.87500000 -1.00000000
v 0.00000000 0.06250000 -1.00000000
v 0.00000000 0.18750000 -1.00000000
v 0.06250000 0.12500000 -1.00000000
v 0.00000000 0.43750000 -1.00000000
v 0.00000000 0.31250000 -1.00000000
v 0.18750000 0.25000000 -1.00000000
v 0.06250000 0.25000000 -1.00000000
v 0.12500000 0.18750000 -1.00000000
v 0.06250000 0.18750000 -1.00000000
v 0.43750000 0.93750000 -1.00000000
v 0.31250000 0.81250000 -1.00000000
v 0.37500000 0.93750000 -1.00000000
v 0.43750000 0.87500000 -1.00000000
v 0.06250000 0.56250000 -1.00000000
v 0.18750000 0.68750000 -1.00000000
v 0.06250000 0.62500000 -1.00000000
v 0.25000000 0.93750000 -1.00000000
v 0.25000000 0.81250000 -1.00000000
v 0.31250000 0.93750000 -1.00000000
v 0.18750000 0.87500000 -1.00000000
v 0.31250000 0.87500000 -1.00000000
v 0.43750000 0.75000000 -1.00000000
v 0.31250000 0.75000000 -1.00000000
v 0.43750000 0.81250000 -1.00000000
v 0.37500000 0.81250000 -1.00000000
v 0.06250000 0.75000000 -1.00000000
v 0.18750000 0.75000000 -1.00000000
v 0.06250000 0.68750000 -1.00000000
v 0.12500000 0.81250000 -1.00000000
v 0.12500000 0.68750000 -1.00000000
v 0.18750000 0.81250000 -1.00000000
v 0.43750000 0.50000000 -1.00000000
v 0.31250000 0.50000000 -1.00000000
v 0.37500000 0.43750000 -1.00000000
v 0.43750000 0.56250000 -1.00000000
v 0.06250000 0.50000000 -1.00000000
v 0.18750000 0.50000000 -1.00000000
v 0.06250000 0.43750000 -1.00000000
v 0.12500000 0.56250000 -1.00000000
v 0.25000000 0.31250000 -1.00000000
v 0.25000000 0.43750000 -1.00000000
v 0.31250000 0.37500000 -1.00000000
v 0.18750000 0.31250000 -1.00000000
v 0.31250000 0.43750000 -1.00000000
v 0.43750000 0.68750000 -1.00000000
v 0.31250000 0.56250000 -1.00000000
v 0.43750000 0.62500000 -1.00000000
v 0.37500000 0.68750000 -1.00000000
v 0.37500000 0.56250000 -1.00000000
v 0.06250000 0.31250000 -1.00000000
v 0.18750000 0.43750000 -1.00000000
v 0.06250000 0.37500000 -1.00000000
v 0.12500000 0.31250000 -1.00000000
v 0.12500000 0.43750000 -1.00000000
v 0.18750000 0.37500000 -1.00000000
v 0.25000000 0.68750000 -1.00000000
v 0.25000000 0.56250000 -1.00000000
v 0.18750000 0.62500000 -1.00000000
v 0.31250000 0.68750000 -1.00000000
v 0.18750000 0.56250000 -1.00000000
v 0.31250000 0.62500000 -1.00000000
v 0.93750000 -0.93750000 -1.00000000
v 0.93750000 -0.81250000 -1.00000000
v 0.81250000 -0.93750000 -1.00000000
v 0.93750000 -0.87500000 -1.00000000
v 0.87500000 -0.93750000 -1.00000000
v 0.93750000 -0.56250000 -1.00000000
v 0.81250000 -0.68750000 -1.00000000
v 0.93750000 -0.62500000 -1.00000000
v 0.56250000 -0.93750000 -1.00000000
v 0.68750000 -0.81250000 -1.00000000
v 0.62500000 -0.93750000 -1.00000000
v 0.93750000 -0.75000000 -1.00000000
v 0.81250000 -0.75000000 -1.00000000
v 0.93750000 -0.68750000 -1.00000000
v 0.87500000 -0.81250000 -1.00000000
v 0.87500000 -0.68750000 -1.00000000
v 0.75000000 -0.93750000 -1.00000000
v 0.75000000 -0.81250000 -1.00000000
v 0.68750000 -0.93750000 -1.00000000
v 0.81250000 -0.87500000 -1.00000000
v 0.68750000 -0.87500000 -1.00000000
v 0.81250000 -0.81250000 -1.00000000
v -0.87500000 -0.93750000 -1.00000000
v -0.75000000 -0.81250000 -1.00000000
v -0.75000000 -0.93750000 -1.00000000
v -0.81250000 -0.87500000 -1.00000000
v -0.81250000 -0.93750000 -1.00000000
v -0.50000000 -0.56250000 -1.00000000
v -0.50000000 -0.68750000 -1.00000000
v -0.56250000 -0.62500000 -1.00000000
v -0.50000000 -0.93750000 -1.00000000
v -0.50000000 -0.81250000 -1.00000000
v -0.56250000 -0.93750000 -1.00000000
v -0.68750000 -0.75000000 -1.00000000
v -0.56250000 -0.75000000 -1.00000000
v -0.62500000 -0.68750000 -1.00000000
v -0.68750000 -0.81250000 -1.00000000
v -0.56250000 -0.68750000 -1.00000000
v -0.68750000 -0.93750000 -1.00000000
v -0.56250000 -0.81250000 -1.00000000
v -0.62500000 -0.93750000 -1.00000000
v -0.68750000 -0.87500000 -1.00000000
v -0.56250000 -0.87500000 -1.00000000
v -0.62500000 -0.81250000 -1.00000000
v 0.93750000 -0.06250000 -1.00000000
v 0.81250000 -0.18750000 -1.00000000
v 0.93750000 -0.12500000 -1.00000000
v 0.87500000 -0.06250000 -1.00000000
v 0.56250000 -0.43750000 -1.00000000
v 0.68750000 -0.31250000 -1.00000000
v 0.93750000 -0.25000000 -1.00000000
v 0.81250000 -0.25000000 -1.00000000
v 0.93750000 -0.18750000 -1.00000000
v 0.87500000 -0.18750000 -1.00000000
v 0.75000000 -0.06250000 -1.00000000
v 0.75000000 -0.18750000 -1.00000000
v 0.81250000 -0.06250000 -1.00000000
v 0.81250000 -0.12500000 -1.00000000
v 0.06250000 -0.93750000 -1.00000000
v 0.18750000 -0.81250000 -1.00000000
v 0.12500000 -0.93750000 -1.00000000
v 0.43750000 -0.56250000 -1.00000000
v 0.31250000 -0.68750000 -1.00000000
v 0.25000000 -0.93750000 -1.00000000
v 0.25000000 -0.81250000 -1.00000000
v 0.18750000 -0.93750000 -1.00000000
v 0.18750000 -0.87500000 -1.00000000
v 0.93750000 -0.50000000 -1.00000000
v 0.81250000 -0.50000000 -1.00000000
v 0.93750000 -0.43750000 -1.00000000
v 0.87500000 -0.56250000 -1.00000000
v 0.56250000 -0.50000000 -1.00000000
v 0.68750000 -0.50000000 -1.00000000
v 0.62500000 -0.43750000 -1.00000000
v 0.93750000 -0.31250000 -1.00000000
v 0.81250000 -0.43750000 -1.00000000
v 0.93750000 -0.37500000 -1.00000000
v 0.87500000 -0.31250000 -1.00000000
v 0.87500000 -0.43750000 -1.00000000
v 0.75000000 -0.68750000 -1.00000000
v 0.75000000 -0.56250000 -1.00000000
v 0.81250000 -0.62500000 -1.00000000
v 0.81250000 -0.56250000 -1.00000000
v 0.75000000 -0.31250000 -1.00000000
v 0.75000000 -0.43750000 -1.00000000
v 0.68750000 -0.37500000 -1.00000000
v 0.81250000 -0.31250000 -1.00000000
v 0.68750000 -0.43750000 -1.00000000
v 0.81250000 -0.37500000 -1.00000000
v 0.50000000 -0.06250000 -1.00000000
v 0.50000000 -0.18750000 -1.00000000
v 0.56250000 -0.06250000 -1.00000000
v 0.50000000 -0.43750000 -1.00000000
v 0.50000000 -0.31250000 -1.00000000
v 0.56250000 -0.37500000 -1.00000000
v 0.68750000 -0.06250000 -1.00000000
v 0.56250000 -0.18750000 -1.00000000
v 0.62500000 -0.06250000 -1.00000000
v 0.68750000 -0.12500000 -1.00000000
v 0.56250000 -0.12500000 -1.00000000
v 0.68750000 -0.25000000 -1.00000000
v 0.56250000 -0.25000000 -1.00000000
v 0.62500000 -0.31250000 -1.00000000
v 0.68750000 -0.18750000 -1.00000000
v 0.56250000 -0.31250000 -1.00000000
v 0.62500000 -0.18750000 -1.00000000
v 0.50000000 -0.93750000 -1.00000000
v 0.50000000 -0.81250000 -1.00000000
v 0.43750000 -0.93750000 -1.00000000
v 0.56250000 -0.87500000 -1.00000000
v 0.50000000 -0.56250000 -1.00000000
v 0.50000000 -0.68750000 -1.00000000
v 0.43750000 -0.62500000 -1.00000000
v 0.56250000 -0.56250000 -1.00000000
v 0.31250000 -0.93750000 -1.00000000
v 0.43750000 -0.81250000 -1.00000000
v 0.37500000 -0.93750000 -1.00000000
v 0.31250000 -0.87500000 -1.00000000
v 0.43750000 -0.87500000 -1.00000000
v 0.68750000 -0.75000000 -1.00000000
v 0.56250000 -0.75000000 -1.00000000
v 0.62500000 -0.81250000 -1.00000000
v 0.68750000 -0.68750000 -1.00000000
v 0.56250000 -0.81250000 -1.00000000
v 0.31250000 -0.75000000 -1.00000000
v 0.43750000 -0.75000000 -1.00000000
v 0.37500000 -0.68750000 -1.00000000
v 0.31250000 -0.81250000 -1.00000000
v 0.43750000 -0.68750000 -1.00000000
v 0.37500000 -0.81250000 -1.00000000
v 0.68750000 -0.56250000 -1.00000000
v 0.56250000 -0.68750000 -1.00000000
v 0.62500000 -0.56250000 -1.00000000
v 0.68750000 -0.62500000 -1.00000000
v 0.56250000 -0.62500000 -1.00000000
v 0.62500000 -0.68750000 -1.00000000
v 0.00000000 -0.06250000 -1.00000000
v 0.00000000 -0.18750000 -1.00000000
v -0.06250000 -0.12500000 -1.00000000
v 0.06250000 -0.06250000 -1.00000000
v 0.00000000 -0.43750000 -1.00000000
v 0.00000000 -0.31250000 -1.00000000
v -0.18750000 -0.25000000 -1.00000000
v -0.06250000 -0.25000000 -1.00000000
v -0.12500000 -0.18750000 -1.00000000
v -0.06250000 -0.18750000 -1.00000000
v 0.18750000 -0.06250000 -1.00000000
v 0.06250000 -0.18750000 -1.00000000
v 0.12500000 -0.06250000 -1.00000000
v 0.06250000 -0.12500000 -1.00000000
v 0.00000000 -0.93750000 -1.00000000
v 0.00000000 -0.81250000 -1.00000000
v -0.06250000 -0.93750000 -1.00000000
v 0.06250000 -0.87500000 -1.00000000
v 0.00000000 -0.56250000 -1.00000000
v 0.00000000 -0.68750000 -1.00000000
v -0.18750000 -0.93750000 -1.00000000
v -0.06250000 -0.81250000 -1.00000000
v -0.12500000 -0.93750000 -1.00000000
v -0.06250000 -0.87500000 -1.00000000
v 0.18750000 -0.75000000 -1.00000000
v 0.06250000 -0.75000000 -1.00000000
v 0.12500000 -0.81250000 -1.00000000
v 0.06250000 -0.81250000 -1.00000000
v -0.43750000 -0.50000000 -1.00000000
v -0.31250000 -0.50000000 -1.00000000
v -0.37500000 -0.43750000 -1.00000000
v -0.43750000 -0.56250000 -1.00000000
v -0.06250000 -0.50000000 -1.00000000
v -0.18750000 -0.50000000 -1.00000000
v -0.06250000 -0.43750000 -1.00000000
v -0.25000000 -0.31250000 -1.00000000
v -0.25000000 -0.43750000 -1.00000000
v -0.31250000 -0.37500000 -1.00000000
v -0.18750000 -0.31250000 -1.00000000
v -0.31250000 -0.43750000 -1.00000000
v -0.43750000 -0.68750000 -1.00000000
v -0.31250000 -0.56250000 -1.00000000
v -0.43750000 -0.62500000 -1.00000000
v -0.37500000 -0.56250000 -1.00000000
v -0.06250000 -0.31250000 -1.00000000
v -0.18750000 -0.43750000 -1.00000000
v -0.06250000 -0.37500000 -1.00000000
v -0.12500000 -0.31250000 -1.00000000
v -0.12500000 -0.43750000 -1.00000000
v -0.18750000 -0.37500000 -1.00000000
v 0.43750000 -0.06250000 -1.00000000
v 0.31250000 -0.18750000 -1.00000000
v 0.37500000 -0.06250000 -1.00000000
v 0.43750000 -0.12500000 -1.00000000
v 0.06250000 -0.43750000 -1.00000000
v 0.18750000 -0.31250000 -1.00000000
v 0.06250000 -0.37500000 -1.00000000
v 0.25000000 -0.06250000 -1.00000000
v 0.25000000 -0.18750000 -1.00000000
v 0.31250000 -0.06250000 -1.00000000
v 0.18750000 -0.12500000 -1.00000000
v 0.31250000 -0.12500000 -1.00000000
v 0.43750000 -0.25000000 -1.00000000
v 0.31250000 -0.25000000 -1.00000000
v 0.43750000 -0.18750000 -1.00000000
v 0.37500000 -0.18750000 -1.00000000
v 0.06250000 -0.25000000 -1.00000000
v 0.18750000 -0.25000000 -1.00000000
v 0.06250000 -0.31250000 -1.00000000
v 0.12500000 -0.18750000 -1.00000000
v 0.12500000 -0.31250000 -1.00000000
v 0.18750000 -0.18750000 -1.00000000
v -0.43750000 -0.93750000 -1.00000000
v -0.31250000 -0.81250000 -1.00000000
v -0.37500000 -0.93750000 -1.00000000
v -0.43750000 -0.87500000 -1.00000000
v -0.06250000 -0.56250000 -1.00000000
v -0.18750000 -0.68750000 -1.00000000
v -0.06250000 -0.62500000 -1.00000000
v -0.12500000 -0.56250000 -1.00000000
v -0.25000000 -0.93750000 -1.00000000
v -0.25000000 -0.81250000 -1.00000000
v -0.31250000 -0.93750000 -1.00000000
v -0.18750000 -0.87500000 -1.00000000
v -0.31250000 -0.87500000 -1.00000000
v -0.43750000 -0.75000000 -1.00000000
v -0.31250000 -0.75000000 -1.00000000
v -0.43750000 -0.81250000 -1.00000000
v -0.37500000 -0.68750000 -1.00000000
v -0.37500000 -0.81250000 -1.00000000
v -0.06250000 -0.75000000 -1.00000000
v -0.18750000 -0.75000000 -1.00000000
v -0.06250000 -0.68750000 -1.00000000
v -0.12500000 -0.81250000 -1.00000000
v -0.12500000 -0.68750000 -1.00000000
v -0.18750000 -0.81250000 -1.00000000
v -0.25000000 -0.56250000 -1.00000000
v -0.25000000 -0.68750000 -1.00000000
v -0.18750000 -0.56250000 -1.00000000
v -0.31250000 -0.62500000 -1.00000000
v -0.18750000 -0.62500000 -1.00000000
v -0.31250000 -0.68750000 -1.00000000
v 0.43750000 -0.50000000 -1.00000000
v 0.31250000 -0.50000000 -1.00000000
v 0.37500000 -0.56250000 -1.00000000
v 0.43750000 -0.43750000 -1.00000000
v 0.06250000 -0.50000000 -1.00000000
v 0.18750000 -0.50000000 -1.00000000
v 0.06250000 -0.56250000 -1.00000000
v 0.12500000 -0.43750000 -1.00000000
v 0.25000000 -0.68750000 -1.00000000
v 0.25000000 -0.56250000 -1.00000000
v 0.31250000 -0.62500000 -1.00000000
v 0.18750000 -0.68750000 -1.00000000
v 0.31250000 -0.56250000 -1.00000000
v 0.43750000 -0.31250000 -1.00000000
v 0.31250000 -0.43750000 -1.00000000
v 0.43750000 -0.37500000 -1.00000000
v 0.37500000 -0.31250000 -1.00000000
v 0.37500000 -0.43750000 -1.00000000
v 0.06250000 -0.68750000 -1.00000000
v 0.18750000 -0.56250000 -1.00000000
v 0.06250000 -0.62500000 -1.00000000
v 0.12500000 -0.68750000 -1.00000000
v 0.12500000 -0.56250000 -1.00000000
v 0.18750000 -0.62500000 -1.00000000
v 0.25000000 -0.31250000 -1.00000000
v 0.25000000 -0.43750000 -1.00000000
v 0.18750000 -0.37500000 -1.00000000
v 0.31250000 -0.31250000 -1.00000000
v 0.18750000 -0.43750000 -1.00000000
v 0.31250000 -0.37500000 -1.00000000
v -0.93750000 0.93750000 -1.00000000
v -0.81250000 0.93750000 -1.00000000
v -0.93750000 0.81250000 -1.00000000
v -0.87500000 0.93750000 -1.00000000
v -0.93750000 0.87500000 -1.00000000
v -0.56250000 0.93750000 -1.00000000
v -0.68750000 0.81250000 -1.00000000
v -0.62500000 0.93750000 -1.00000000
v -0.93750000 0.56250000 -1.00000000
v -0.81250000 0.68750000 -1.00000000
v -0.93750000 0.62500000 -1.00000000
v -0.75000000 0.93750000 -1.00000000
v -0.75000000 0.81250000 -1.00000000
v -0.68750000 0.93750000 -1.00000000
v -0.81250000 0.87500000 -1.00000000
v -0.68750000 0.87500000 -1.00000000
v -0.93750000 0.75000000 -1.00000000
v -0.81250000 0.75000000 -1.00000000
v -0.93750000 0.68750000 -1.00000000
v -0.87500000 0.81250000 -1.00000000
v -0.87500000 0.68750000 -1.00000000
v -0.81250000 0.81250000 -1.00000000
v -0.93750000 -0.87500000 -1.00000000
v -0.81250000 -0.75000000 -1.00000000
v -0.93750000 -0.75000000 -1.00000000
v -0.87500000 -0.81250000 -1.00000000
v -0.93750000 -0.81250000 -1.00000000
v -0.56250000 -0.50000000 -1.00000000
v -0.68750000 -0.50000000 -1.00000000
v -0.62500000 -0.56250000 -1.00000000
v -0.93750000 -0.50000000 -1.00000000
v -0.81250000 -0.50000000 -1.00000000
v -0.93750000 -0.56250000 -1.00000000
v -0.75000000 -0.68750000 -1.00000000
v -0.75000000 -0.56250000 -1.00000000
v -0.68750000 -0.62500000 -1.00000000
v -0.81250000 -0.68750000 -1.00000000
v -0.68750000 -0.56250000 -1.00000000
v -0.93750000 -0.68750000 -1.00000000
v -0.81250000 -0.56250000 -1.00000000
v -0.93750000 -0.62500000 -1.00000000
v -0.87500000 -0.68750000 -1.00000000
v -0.87500000 -0.56250000 -1.00000000
v -0.81250000 -0.62500000 -1.00000000
v -0.06250000 0.93750000 -1.00000000
v -0.18750000 0.81250000 -1.00000000
v -0.12500000 0.93750000 -1.00000000
v -0.06250000 0.87500000 -1.00000000
v -0.43750000 0.56250000 -1.00000000
v -0.31250000 0.68750000 -1.00000000
v -0.25000000 0.93750000 -1.00000000
v -0.25000000 0.81250000 -1.00000000
v -0.18750000 0.93750000 -1.00000000
v -0.18750000 0.87500000 -1.00000000
v -0.06250000 0.75000000 -1.00000000
v -0.18750000 0.75000000 -1.00000000
v -0.06250000 0.81250000 -1.00000000
v -0.12500000 0.81250000 -1.00000000
v -0.93750000 0.06250000 -1.00000000
v -0.81250000 0.18750000 -1.00000000
v -0.93750000 0.12500000 -1.00000000
v -0.56250000 0.43750000 -1.00000000
v -0.68750000 0.31250000 -1.00000000
v -0.93750000 0.25000000 -1.00000000
v -0.81250000 0.25000000 -1.00000000
v -0.93750000 0.18750000 -1.00000000
v -0.87500000 0.18750000 -1.00000000
v -0.50000000 0.93750000 -1.00000000
v -0.50000000 0.81250000 -1.00000000
v -0.43750000 0.93750000 -1.00000000
v -0.56250000 0.87500000 -1.00000000
v -0.50000000 0.56250000 -1.00000000
v -0.50000000 0.68750000 -1.00000000
v -0.43750000 0.62500000 -1.00000000
v -0.31250000 0.93750000 -1.00000000
v -0.43750000 0.81250000 -1.00000000
v -0.37500000 0.93750000 -1.00000000
v -0.31250000 0.87500000 -1.00000000
v -0.43750000 0.87500000 -1.00000000
v -0.68750000 0.75000000 -1.00000000
v -0.56250000 0.75000000 -1.00000000
v -0.62500000 0.81250000 -1.00000000
v -0.56250000 0.81250000 -1.00000000
v -0.31250000 0.75000000 -1.00000000
v -0.43750000 0.75000000 -1.00000000
v -0.37500000 0.68750000 -1.00000000
v -0.31250000 0.81250000 -1.00000000
v -0.43750000 0.68750000 -1.00000000
v -0.37500000 0.81250000 -1.00000000
v -0.06250000 0.50000000 -1.00000000
v -0.18750000 0.50000000 -1.00000000
v -0.06250000 0.56250000 -1.00000000
v -0.43750000 0.50000000 -1.00000000
v -0.31250000 0.50000000 -1.00000000
v -0.37500000 0.56250000 -1.00000000
v -0.06250000 0.68750000 -1.00000000
v -0.18750000 0.56250000 -1.00000000
v -0.06250000 0.62500000 -1.00000000
v -0.12500000 0.68750000 -1.00000000
v -0.12500000 0.56250000 -1.00000000
v -0.25000000 0.68750000 -1.00000000
v -0.25000000 0.56250000 -1.00000000
v -0.31250000 0.62500000 -1.00000000
v -0.18750000 0.68750000 -1.00000000
v -0.31250000 0.56250000 -1.00000000
v -0.18750000 0.62500000 -1.00000000
v -0.93750000 0.50000000 -1.00000000
v -0.81250000 0.50000000 -1.00000000
v -0.93750000 0.43750000 -1.00000000
v -0.87500000 0.56250000 -1.00000000
v -0.56250000 0.50000000 -1.00000000
v -0.68750000 0.50000000 -1.00000000
v -0.62500000 0.43750000 -1.00000000
v -0.56250000 0.56250000 -1.00000000
v -0.93750000 0.31250000 -1.00000000
v -0.81250000 0.43750000 -1.00000000
v -0.93750000 0.37500000 -1.00000000
v -0.87500000 0.31250000 -1.00000000
v -0.87500000 0.43750000 -1.00000000
v -0.75000000 0.68750000 -1.00000000
v -0.75000000 0.56250000 -1.00000000
v -0.81250000 0.62500000 -1.00000000
v -0.68750000 0.68750000 -1.00000000
v -0.81250000 0.56250000 -1.00000000
v -0.75000000 0.31250000 -1.00000000
v -0.75000000 0.43750000 -1.00000000
v -0.68750000 0.37500000 -1.00000000
v -0.81250000 0.31250000 -1.00000000
v -0.68750000 0.43750000 -1.00000000
v -0.81250000 0.37500000 -1.00000000
v -0.56250000 0.68750000 -1.00000000
v -0.68750000 0.56250000 -1.00000000
v -0.56250000 0.62500000 -1.00000000
v -0.62500000 0.68750000 -1.00000000
v -0.62500000 0.56250000 -1.00000000
v -0.68750000 0.62500000 -1.00000000
v -0.06250000 0.00000000 -1.00000000
v -0.18750000 0.00000000 -1.00000000
v -0.12500000 -0.06250000 -1.00000000
v -0.06250000 0.06250000 -1.00000000
v -0.43750000 0.00000000 -1.00000000
v -0.31250000 0.00000000 -1.00000000
v -0.25000000 -0.18750000 -1.00000000
v -0.25000000 -0.06250000 -1.00000000
v -0.18750000 -0.12500000 -1.00000000
v -0.18750000 -0.06250000 -1.00000000
v -0.06250000 0.18750000 -1.00000000
v -0.18750000 0.06250000 -1.00000000
v -0.06250000 0.12500000 -1.00000000
v -0.12500000 0.06250000 -1.00000000
v -0.93750000 0.00000000 -1.00000000
v -0.81250000 0.00000000 -1.00000000
v -0.93750000 -0.06250000 -1.00000000
v -0.87500000 0.06250000 -1.00000000
v -0.56250000 0.00000000 -1.00000000
v -0.68750000 0.00000000 -1.00000000
v -0.93750000 -0.18750000 -1.00000000
v -0.81250000 -0.06250000 -1.00000000
v -0.93750000 -0.12500000 -1.00000000
v -0.87500000 -0.06250000 -1.00000000
v -0.75000000 0.18750000 -1.00000000
v -0.75000000 0.06250000 -1.00000000
v -0.81250000 0.12500000 -1.00000000
v -0.81250000 0.06250000 -1.00000000
v -0.50000000 -0.43750000 -1.00000000
v -0.50000000 -0.31250000 -1.00000000
v -0.43750000 -0.37500000 -1.00000000
v -0.56250000 -0.43750000 -1.00000000
v -0.50000000 -0.06250000 -1.00000000
v -0.50000000 -0.18750000 -1.00000000
v -0.43750000 -0.06250000 -1.00000000
v -0.31250000 -0.25000000 -1.00000000
v -0.43750000 -0.25000000 -1.00000000
v -0.37500000 -0.31250000 -1.00000000
v -0.31250000 -0.18750000 -1.00000000
v -0.43750000 -0.31250000 -1.00000000
v -0.68750000 -0.43750000 -1.00000000
v -0.56250000 -0.31250000 -1.00000000
v -0.62500000 -0.43750000 -1.00000000
v -0.56250000 -0.37500000 -1.00000000
v -0.31250000 -0.06250000 -1.00000000
v -0.43750000 -0.18750000 -1.00000000
v -0.37500000 -0.06250000 -1.00000000
v -0.31250000 -0.12500000 -1.00000000
v -0.43750000 -0.12500000 -1.00000000
v -0.37500000 -0.18750000 -1.00000000
v -0.06250000 0.43750000 -1.00000000
v -0.18750000 0.31250000 -1.00000000
v -0.06250000 0.37500000 -1.00000000
v -0.12500000 0.43750000 -1.00000000
v -0.43750000 0.06250000 -1.00000000
v -0.31250000 0.18750000 -1.00000000
v -0.37500000 0.06250000 -1.00000000
v -0.06250000 0.25000000 -1.00000000
v -0.18750000 0.25000000 -1.00000000
v -0.06250000 0.31250000 -1.00000000
v -0.12500000 0.18750000 -1.00000000
v -0.12500000 0.31250000 -1.00000000
v -0.25000000 0.43750000 -1.00000000
v -0.25000000 0.31250000 -1.00000000
v -0.18750000 0.43750000 -1.00000000
v -0.18750000 0.37500000 -1.00000000
v -0.25000000 0.06250000 -1.00000000
v -0.25000000 0.18750000 -1.00000000
v -0.31250000 0.06250000 -1.00000000
v -0.18750000 0.12500000 -1.00000000
v -0.31250000 0.12500000 -1.00000000
v -0.18750000 0.18750000 -1.00000000
v -0.93750000 -0.43750000 -1.00000000
v -0.81250000 -0.31250000 -1.00000000
v -0.93750000 -0.37500000 -1.00000000
v -0.87500000 -0.43750000 -1.00000000
v -0.56250000 -0.06250000 -1.00000000
v -0.68750000 -0.18750000 -1.00000000
v -0.62500000 -0.06250000 -1.00000000
v -0.56250000 -0.12500000 -1.00000000
v -0.93750000 -0.25000000 -1.00000000
v -0.81250000 -0.25000000 -1.00000000
v -0.93750000 -0.31250000 -1.00000000
v -0.87500000 -0.18750000 -1.00000000
v -0.87500000 -0.31250000 -1.00000000
v -0.75000000 -0.43750000 -1.00000000
v -0.75000000 -0.31250000 -1.00000000
v -0.81250000 -0.43750000 -1.00000000
v -0.68750000 -0.37500000 -1.00000000
v -0.81250000 -0.37500000 -1.00000000
v -0.75000000 -0.06250000 -1.00000000
v -0.75000000 -0.18750000 -1.00000000
v -0.68750000 -0.06250000 -1.00000000
v -0.81250000 -0.12500000 -1.00000000
v -0.68750000 -0.12500000 -1.00000000
v -0.81250000 -0.18750000 -1.00000000
v -0.56250000 -0.25000000 -1.00000000
v -0.68750000 -0.25000000 -1.00000000
v -0.56250000 -0.18750000 -1.00000000
v -0.62500000 -0.31250000 -1.00000000
v -0.62500000 -0.18750000 -1.00000000
v -0.68750000 -0.31250000 -1.00000000
v -0.50000000 0.43750000 -1.00000000
v -0.50000000 0.31250000 -1.00000000
v -0.56250000 0.37500000 -1.00000000
v -0.43750000 0.43750000 -1.00000000
v -0.50000000 0.06250000 -1.00000000
v -0.50000000 0.18750000 -1.00000000
v -0.56250000 0.06250000 -1.00000000
v -0.43750000 0.12500000 -1.00000000
v -0.68750000 0.25000000 -1.00000000
v -0.56250000 0.25000000 -1.00000000
v -0.62500000 0.31250000 -1.00000000
v -0.68750000 0.18750000 -1.00000000
v -0.56250000 0.31250000 -1.00000000
v -0.31250000 0.43750000 -1.00000000
v -0.43750000 0.31250000 -1.00000000
v -0.37500000 0.43750000 -1.00000000
v -0.31250000 0.37500000 -1.00000000
v -0.43750000 0.37500000 -1.00000000
v -0.68750000 0.06250000 -1.00000000
v -0.56250000 0.18750000 -1.00000000
v -0.62500000 0.06250000 -1.00000000
v -0.68750000 0.12500000 -1.00000000
v -0.56250000 0.12500000 -1.00000000
v -0.62500000 0.18750000 -1.00000000
v -0.31250000 0.25000000 -1.00000000
v -0.43750000 0.25000000 -1.00000000
v -0.37500000 0.18750000 -1.00000000
v -0.31250000 0.31250000 -1.00000000
v -0.43750000 0.18750000 -1.00000000
v -0.37500000 0.31250000 -1.00000000
v 0.93750000 1.00000000 1.00000000
v 0.81250000 1.00000000 1.00000000
v 0.93750000 0.93750000 1.00000000
v 0.56250000 1.00000000 1.00000000
v 0.68750000 1.00000000 1.00000000
v 0.93750000 0.81250000 1.00000000
v 0.81250000 0.93750000 1.00000000
v 0.93750000 0.87500000 1.00000000
v 0.87500000 0.93750000 1.00000000
v 0.06250000 1.00000000 1.00000000
v 0.18750000 1.00000000 1.00000000
v 0.43750000 1.00000000 1.00000000
v 0.31250000 1.00000000 1.00000000
v 0.93750000 0.56250000 1.00000000
v 0.81250000 0.68750000 1.00000000
v 0.93750000 0.62500000 1.00000000
v 0.56250000 0.93750000 1.00000000
v 0.68750000 0.81250000 1.00000000
v 0.62500000 0.93750000 1.00000000
v 0.93750000 0.75000000 1.00000000
v 0.81250000 0.75000000 1.00000000
v 0.93750000 0.68750000 1.00000000
v 0.87500000 0.81250000 1.00000000
v 0.87500000 0.68750000 1.00000000
v 0.75000000 0.93750000 1.00000000
v 0.75000000 0.81250000 1.00000000
v 0.68750000 0.93750000 1.00000000
v 0.81250000 0.87500000 1.00000000
v 0.68750000 0.87500000 1.00000000
v 0.81250000 0.81250000 1.00000000
v -0.93750000 1.00000000 1.00000000
v -0.81250000 1.00000000 1.00000000
v -0.56250000 1.00000000 1.00000000
v -0.68750000 1.00000000 1.00000000
v -0.06250000 1.00000000 1.00000000
v -0.18750000 1.00000000 1.00000000
v -0.43750000 1.00000000 1.00000000
v -0.31250000 1.00000000 1.00000000
v 0.93750000 0.06250000 1.00000000
v 0.81250000 0.18750000 1.00000000
v 0.93750000 0.12500000 1.00000000
v 0.56250000 0.43750000 1.00000000
v 0.68750000 0.31250000 1.00000000
v 0.93750000 0.25000000 1.00000000
v 0.81250000 0.25000000 1.00000000
v 0.93750000 0.18750000 1.00000000
v 0.87500000 0.18750000 1.00000000
v 0.06250000 0.93750000 1.00000000
v 0.18750000 0.81250000 1.00000000
v 0.12500000 0.93750000 1.00000000
v 0.43750000 0.56250000 1.00000000
v 0.31250000 0.68750000 1.00000000
v 0.25000000 0.93750000 1.00000000
v 0.25000000 0.81250000 1.00000000
v 0.18750000 0.93750000 1.00000000
v 0.18750000 0.87500000 1.00000000
v 0.93750000 0.50000000 1.00000000
v 0.81250000 0.50000000 1.00000000
v 0.93750000 0.43750000 1.00000000
v 0.87500000 0.56250000 1.00000000
v 0.56250000 0.50000000 1.00000000
v 0.68750000 0.50000000 1.00000000
v 0.62500000 0.43750000 1.00000000
v 0.93750000 0.31250000 1.00000000
v 0.81250000 0.43750000 1.00000000
v 0.93750000 0.37500000 1.00000000
v 0.87500000 0.31250000 1.00000000
v 0.87500000 0.43750000 1.00000000
v 0.75000000 0.68750000 1.00000000
v 0.75000000 0.56250000 1.00000000
v 0.81250000 0.62500000 1.00000000
v 0.81250000 0.56250000 1.00000000
v 0.75000000 0.31250000 1.00000000
v 0.75000000 0.43750000 1.00000000
v 0.68750000 0.37500000 1.00000000
v 0.81250000 0.31250000 1.00000000
v 0.68750000 0.43750000 1.00000000
v 0.81250000 0.37500000 1.00000000
v 0.50000000 0.93750000 1.00000000
v 0.50000000 0.81250000 1.00000000
v 0.43750000 0.93750000 1.00000000
v 0.56250000 0.87500000 1.00000000
v 0.50000000 0.56250000 1.00000000
v 0.50000000 0.68750000 1.00000000
v 0.43750000 0.62500000 1.00000000
v 0.56250000 0.56250000 1.00000000
v 0.31250000 0.93750000 1.00000000
v 0.43750000 0.81250000 1.00000000
v 0.37500000 0.93750000 1.00000000
v 0.31250000 0.87500000 1.00000000
v 0.43750000 0.87500000 1.00000000
v 0.68750000 0.75000000 1.00000000
v 0.56250000 0.75000000 1.00000000
v 0.62500000 0.81250000 1.00000000
v 0.68750000 0.68750000 1.00000000
v 0.56250000 0.81250000 1.00000000
v 0.31250000 0.75000000 1.00000000
v 0.43750000 0.75000000 1.00000000
v 0.37500000 0.68750000 1.00000000
v 0.31250000 0.81250000 1.00000000
v 0.43750000 0.68750000 1.00000000
v 0.37500000 0.81250000 1.00000000
v 0.68750000 0.56250000 1.00000000
v 0.56250000 0.68750000 1.00000000
v 0.62500000 0.56250000 1.00000000
v 0.68750000 0.62500000 1.00000000
v 0.56250000 0.62500000 1.00000000
v 0.62500000 0.68750000 1.00000000
v 0.93750000 -0.93750000 1.00000000
v 0.81250000 -0.81250000 1.00000000
v 0.93750000 -0.87500000 1.00000000
v 0.56250000 -0.56250000 1.00000000
v 0.68750000 -0.68750000 1.00000000
v 0.93750000 -0.75000000 1.00000000
v 0.81250000 -0.75000000 1.00000000
v 0.93750000 -0.81250000 1.00000000
v 0.87500000 -0.81250000 1.00000000
v 0.06250000 -0.06250000 1.00000000
v 0.18750000 -0.18750000 1.00000000
v 0.43750000 -0.43750000 1.00000000
v 0.31250000 -0.31250000 1.00000000
v 0.93750000 -0.50000000 1.00000000
v 0.81250000 -0.50000000 1.00000000
v 0.93750000 -0.56250000 1.00000000
v 0.56250000 -0.50000000 1.00000000
v 0.68750000 -0.50000000 1.00000000
v 0.62500000 -0.56250000 1.00000000
v 0.93750000 -0.68750000 1.00000000
v 0.81250000 -0.56250000 1.00000000
v 0.93750000 -0.62500000 1.00000000
v 0.87500000 -0.68750000 1.00000000
v 0.87500000 -0.56250000 1.00000000
v 0.75000000 -0.68750000 1.00000000
v 0.75000000 -0.56250000 1.00000000
v 0.68750000 -0.62500000 1.00000000
v 0.81250000 -0.68750000 1.00000000
v 0.68750000 -0.56250000 1.00000000
v 0.81250000 -0.62500000 1.00000000
v -0.93750000 0.93750000 1.00000000
v -0.81250000 0.81250000 1.00000000
v -0.87500000 0.93750000 1.00000000
v -0.56250000 0.56250000 1.00000000
v -0.68750000 0.68750000 1.00000000
v -0.75000000 0.93750000 1.00000000
v -0.75000000 0.81250000 1.00000000
v -0.81250000 0.93750000 1.00000000
v -0.81250000 0.87500000 1.00000000
v -0.06250000 0.06250000 1.00000000
v -0.18750000 0.18750000 1.00000000
v -0.43750000 0.43750000 1.00000000
v -0.31250000 0.31250000 1.00000000
v -0.50000000 0.93750000 1.00000000
v -0.50000000 0.81250000 1.00000000
v -0.56250000 0.93750000 1.00000000
v -0.50000000 0.56250000 1.00000000
v -0.50000000 0.68750000 1.00000000
v -0.56250000 0.62500000 1.00000000
v -0.68750000 0.93750000 1.00000000
v -0.56250000 0.81250000 1.00000000
v -0.62500000 0.93750000 1.00000000
v -0.68750000 0.87500000 1.00000000
v -0.56250000 0.87500000 1.00000000
v -0.68750000 0.75000000 1.00000000
v -0.56250000 0.75000000 1.00000000
v -0.62500000 0.68750000 1.00000000
v -0.68750000 0.81250000 1.00000000
v -0.56250000 0.68750000 1.00000000
v -0.62500000 0.81250000 1.00000000
v 0.93750000 0.00000000 1.00000000
v 0.81250000 0.00000000 1.00000000
v 0.93750000 -0.06250000 1.00000000
v 0.87500000 0.06250000 1.00000000
v 0.56250000 0.00000000 1.00000000
v 0.68750000 0.00000000 1.00000000
v 0.93750000 -0.18750000 1.00000000
v 0.81250000 -0.06250000 1.00000000
v 0.93750000 -0.12500000 1.00000000
v 0.87500000 -0.06250000 1.00000000
v 0.75000000 0.18750000 1.00000000
v 0.75000000 0.06250000 1.00000000
v 0.81250000 0.12500000 1.00000000
v 0.81250000 0.06250000 1.00000000
v 0.06250000 0.00000000 1.00000000
v 0.18750000 0.00000000 1.00000000
v 0.12500000 -0.06250000 1.00000000
v 0.43750000 0.00000000 1.00000000
v 0.31250000 0.00000000 1.00000000
v 0.25000000 -0.18750000 1.00000000
v 0.25000000 -0.06250000 1.00000000
v 0.18750000 -0.12500000 1.00000000
v 0.18750000 -0.06250000 1.00000000
v 0.93750000 -0.43750000 1.00000000
v 0.81250000 -0.31250000 1.00000000
v 0.93750000 -0.37500000 1.00000000
v 0.87500000 -0.43750000 1.00000000
v 0.56250000 -0.06250000 1.00000000
v 0.68750000 -0.18750000 1.00000000
v 0.62500000 -0.06250000 1.00000000
v 0.93750000 -0.25000000 1.00000000
v 0.81250000 -0.25000000 1.00000000
v 0.93750000 -0.31250000 1.00000000
v 0.87500000 -0.18750000 1.00000000
v 0.87500000 -0.31250000 1.00000000
v 0.75000000 -0.43750000 1.00000000
v 0.75000000 -0.31250000 1.00000000
v 0.81250000 -0.43750000 1.00000000
v 0.81250000 -0.37500000 1.00000000
v 0.75000000 -0.06250000 1.00000000
v 0.75000000 -0.18750000 1.00000000
v 0.68750000 -0.06250000 1.00000000
v 0.81250000 -0.12500000 1.00000000
v 0.68750000 -0.12500000 1.00000000
v 0.81250000 -0.18750000 1.00000000
v 0.50000000 0.43750000 1.00000000
v 0.50000000 0.31250000 1.00000000
v 0.56250000 0.37500000 1.00000000
v 0.50000000 0.06250000 1.00000000
v 0.50000000 0.18750000 1.00000000
v 0.56250000 0.06250000 1.00000000
v 0.68750000 0.25000000 1.00000000
v 0.56250000 0.25000000 1.00000000
v 0.62500000 0.31250000 1.00000000
v 0.68750000 0.18750000 1.00000000
v 0.56250000 0.31250000 1.00000000
v 0.68750000 0.06250000 1.00000000
v 0.56250000 0.18750000 1.00000000
v 0.62500000 0.06250000 1.00000000
v 0.68750000 0.12500000 1.00000000
v 0.56250000 0.12500000 1.00000000
v 0.62500000 0.18750000 1.00000000
v 0.50000000 -0.43750000 1.00000000
v 0.50000000 -0.31250000 1.00000000
v 0.43750000 -0.37500000 1.00000000
v 0.56250000 -0.43750000 1.00000000
v 0.50000000 -0.06250000 1.00000000
v 0.50000000 -0.18750000 1.00000000
v 0.43750000 -0.06250000 1.00000000
v 0.56250000 -0.12500000 1.00000000
v 0.31250000 -0.25000000 1.00000000
v 0.43750000 -0.25000000 1.00000000
v 0.37500000 -0.31250000 1.00000000
v 0.31250000 -0.18750000 1.00000000
v 0.43750000 -0.31250000 1.00000000
v 0.68750000 -0.43750000 1.00000000
v 0.56250000 -0.31250000 1.00000000
v 0.62500000 -0.43750000 1.00000000
v 0.68750000 -0.37500000 1.00000000
v 0.56250000 -0.37500000 1.00000000
v 0.31250000 -0.06250000 1.00000000
v 0.43750000 -0.18750000 1.00000000
v 0.37500000 -0.06250000 1.00000000
v 0.31250000 -0.12500000 1.00000000
v 0.43750000 -0.12500000 1.00000000
v 0.37500000 -0.18750000 1.00000000
v 0.68750000 -0.25000000 1.00000000
v 0.56250000 -0.25000000 1.00000000
v 0.62500000 -0.18750000 1.00000000
v 0.68750000 -0.31250000 1.00000000
v 0.56250000 -0.18750000 1.00000000
v 0.62500000 -0.31250000 1.00000000
v 0.00000000 0.93750000 1.00000000
v 0.00000000 0.81250000 1.00000000
v -0.06250000 0.93750000 1.00000000
v 0.06250000 0.87500000 1.00000000
v 0.00000000 0.56250000 1.00000000
v 0.00000000 0.68750000 1.00000000
v -0.18750000 0.93750000 1.00000000
v -0.06250000 0.81250000 1.00000000
v -0.12500000 0.93750000 1.00000000
v -0.06250000 0.87500000 1.00000000
v 0.18750000 0.75000000 1.00000000
v 0.06250000 0.75000000 1.00000000
v 0.12500000 0.81250000 1.00000000
v 0.06250000 0.81250000 1.00000000
v 0.00000000 0.06250000 1.00000000
v 0.00000000 0.18750000 1.00000000
v -0.06250000 0.12500000 1.00000000
v 0.06250000 0.06250000 1.00000000
v 0.00000000 0.43750000 1.00000000
v 0.00000000 0.31250000 1.00000000
v -0.18750000 0.25000000 1.00000000
v -0.06250000 0.25000000 1.00000000
v -0.12500000 0.18750000 1.00000000
v -0.06250000 0.18750000 1.00000000
v 0.18750000 0.06250000 1.00000000
v 0.06250000 0.18750000 1.00000000
v 0.12500000 0.06250000 1.00000000
v 0.06250000 0.12500000 1.00000000
v -0.43750000 0.93750000 1.00000000
v -0.31250000 0.81250000 1.00000000
v -0.37500000 0.93750000 1.00000000
v -0.43750000 0.87500000 1.00000000
v -0.06250000 0.56250000 1.00000000
v -0.18750000 0.68750000 1.00000000
v -0.06250000 0.62500000 1.00000000
v -0.25000000 0.93750000 1.00000000
v -0.25000000 0.81250000 1.00000000
v -0.31250000 0.93750000 1.00000000
v -0.18750000 0.87500000 1.00000000
v -0.31250000 0.87500000 1.00000000
v -0.43750000 0.75000000 1.00000000
v -0.31250000 0.75000000 1.00000000
v -0.43750000 0.81250000 1.00000000
v -0.37500000 0.81250000 1.00000000
v -0.06250000 0.75000000 1.00000000
v -0.18750000 0.75000000 1.00000000
v -0.06250000 0.68750000 1.00000000
v -0.12500000 0.81250000 1.00000000
v -0.12500000 0.68750000 1.00000000
v -0.18750000 0.81250000 1.00000000
v 0.43750000 0.50000000 1.00000000
v 0.31250000 0.50000000 1.00000000
v 0.37500000 0.56250000 1.00000000
v 0.43750000 0.43750000 1.00000000
v 0.06250000 0.50000000 1.00000000
v 0.18750000 0.50000000 1.00000000
v 0.06250000 0.56250000 1.00000000
v 0.25000000 0.68750000 1.00000000
v 0.25000000 0.56250000 1.00000000
v 0.31250000 0.62500000 1.00000000
v 0.18750000 0.68750000 1.00000000
v 0.31250000 0.56250000 1.00000000
v 0.43750000 0.31250000 1.00000000
v 0.31250000 0.43750000 1.00000000
v 0.43750000 0.37500000 1.00000000
v 0.37500000 0.43750000 1.00000000
v 0.06250000 0.68750000 1.00000000
v 0.18750000 0.56250000 1.00000000
v 0.06250000 0.62500000 1.00000000
v 0.12500000 0.68750000 1.00000000
v 0.12500000 0.56250000 1.00000000
v 0.18750000 0.62500000 1.00000000
v -0.43750000 0.50000000 1.00000000
v -0.31250000 0.50000000 1.00000000
v -0.37500000 0.43750000 1.00000000
v -0.43750000 0.56250000 1.00000000
v -0.06250000 0.50000000 1.00000000
v -0.18750000 0.50000000 1.00000000
v -0.06250000 0.43750000 1.00000000
v -0.12500000 0.56250000 1.00000000
v -0.25000000 0.31250000 1.00000000
v -0.25000000 0.43750000 1.00000000
v -0.31250000 0.37500000 1.00000000
v -0.18750000 0.31250000 1.00000000
v -0.31250000 0.43750000 1.00000000
v -0.43750000 0.68750000 1.00000000
v -0.31250000 0.56250000 1.00000000
v -0.43750000 0.62500000 1.00000000
v -0.37500000 0.68750000 1.00000000
v -0.37500000 0.56250000 1.00000000
v -0.06250000 0.31250000 1.00000000
v -0.18750000 0.43750000 1.00000000
v -0.06250000 0.37500000 1.00000000
v -0.12500000 0.31250000 1.00000000
v -0.12500000 0.43750000 1.00000000
v -0.18750000 0.37500000 1.00000000
v -0.25000000 0.68750000 1.00000000
v -0.25000000 0.56250000 1.00000000
v -0.18750000 0.62500000 1.00000000
v -0.31250000 0.68750000 1.00000000
v -0.18750000 0.56250000 1.00000000
v -0.31250000 0.62500000 1.00000000
v 0.43750000 0.06250000 1.00000000
v 0.31250000 0.18750000 1.00000000
v 0.37500000 0.06250000 1.00000000
v 0.43750000 0.12500000 1.00000000
v 0.06250000 0.43750000 1.00000000
v 0.18750000 0.31250000 1.00000000
v 0.06250000 0.37500000 1.00000000
v 0.12500000 0.43750000 1.00000000
v 0.25000000 0.06250000 1.00000000
v 0.25000000 0.18750000 1.00000000
v 0.31250000 0.06250000 1.00000000
v 0.18750000 0.12500000 1.00000000
v 0.31250000 0.12500000 1.00000000
v 0.43750000 0.25000000 1.00000000
v 0.31250000 0.25000000 1.00000000
v 0.43750000 0.18750000 1.00000000
v 0.37500000 0.31250000 1.00000000
v 0.37500000 0.18750000 1.00000000
v 0.06250000 0.25000000 1.00000000
v 0.18750000 0.25000000 1.00000000
v 0.06250000 0.31250000 1.00000000
v 0.12500000 0.18750000 1.00000000
v 0.12500000 0.31250000 1.00000000
v 0.18750000 0.18750000 1.00000000
v 0.25000000 0.43750000 1.00000000
v 0.25000000 0.31250000 1.00000000
v 0.18750000 0.43750000 1.00000000
v 0.31250000 0.37500000 1.00000000
v 0.18750000 0.37500000 1.00000000
v 0.31250000 0.31250000 1.00000000
v 0.93750000 1.00000000 -0.93750000
v 0.81250000 1.00000000 -0.81250000
v 0.93750000 1.00000000 -0.87500000
v 0.87500000 1.00000000 -0.93750000
v 0.56250000 1.00000000 -0.56250000
v 0.68750000 1.00000000 -0.68750000
v 0.93750000 1.00000000 -0.75000000
v 0.81250000 1.00000000 -0.75000000
v 0.93750000 1.00000000 -0.81250000
v 0.87500000 1.00000000 -0.81250000
v 0.75000000 1.00000000 -0.93750000
v 0.75000000 1.00000000 -0.81250000
v 0.81250000 1.00000000 -0.93750000
v 0.81250000 1.00000000 -0.87500000
v 0.06250000 1.00000000 -0.06250000
v 0.18750000 1.00000000 -0.18750000
v 0.43750000 1.00000000 -0.43750000
v 0.31250000 1.00000000 -0.31250000
v 0.93750000 1.00000000 -0.50000000
v 0.81250000 1.00000000 -0.50000000
v 0.93750000 1.00000000 -0.56250000
v 0.56250000 1.00000000 -0.50000000
v 0.68750000 1.00000000 -0.50000000
v 0.62500000 1.00000000 -0.56250000
v 0.93750000 1.00000000 -0.68750000
v 0.81250000 1.00000000 -0.56250000
v 0.93750000 1.00000000 -0.62500000
v 0.87500000 1.00000000 -0.68750000
v 0.87500000 1.00000000 -0.56250000
v 0.75000000 1.00000000 -0.68750000
v 0.75000000 1.00000000 -0.56250000
v 0.68750000 1.00000000 -0.62500000
v 0.81250000 1.00000000 -0.68750000
v 0.68750000 1.00000000 -0.56250000
v 0.81250000 1.00000000 -0.62500000
v 0.50000000 1.00000000 -0.93750000
v 0.50000000 1.00000000 -0.81250000
v 0.56250000 1.00000000 -0.93750000
v 0.50000000 1.00000000 -0.56250000
v 0.50000000 1.00000000 -0.68750000
v 0.56250000 1.00000000 -0.62500000
v 0.68750000 1.00000000 -0.93750000
v 0.56250000 1.00000000 -0.81250000
v 0.62500000 1.00000000 -0.93750000
v 0.68750000 1.00000000 -0.87500000
v 0.56250000 1.00000000 -0.87500000
v 0.68750000 1.00000000 -0.75000000
v 0.56250000 1.00000000 -0.75000000
v 0.62500000 1.00000000 -0.68750000
v 0.68750000 1.00000000 -0.81250000
v 0.56250000 1.00000000 -0.68750000
v 0.62500000 1.00000000 -0.81250000
v -0.93750000 1.00000000 0.93750000
v -0.81250000 1.00000000 0.81250000
v -0.56250000 1.00000000 0.56250000
v -0.68750000 1.00000000 0.68750000
v -0.06250000 1.00000000 0.06250000
v -0.18750000 1.00000000 0.18750000
v -0.43750000 1.00000000 0.43750000
v -0.31250000 1.00000000 0.31250000
v 0.93750000 1.00000000 0.00000000
v 0.81250000 1.00000000 0.00000000
v 0.93750000 1.00000000 -0.06250000
v 0.56250000 1.00000000 0.00000000
v 0.68750000 1.00000000 0.00000000
v 0.93750000 1.00000000 -0.18750000
v 0.81250000 1.00000000 -0.06250000
v 0.93750000 1.00000000 -0.12500000
v 0.87500000 1.00000000 -0.06250000
v 0.06250000 1.00000000 0.00000000
v 0.18750000 1.00000000 0.00000000
v 0.12500000 1.00000000 -0.06250000
v 0.43750000 1.00000000 0.00000000
v 0.31250000 1.00000000 0.00000000
v 0.25000000 1.00000000 -0.18750000
v 0.25000000 1.00000000 -0.06250000
v 0.18750000 1.00000000 -0.12500000
v 0.18750000 1.00000000 -0.06250000
v 0.93750000 1.00000000 -0.43750000
v 0.81250000 1.00000000 -0.31250000
v 0.93750000 1.00000000 -0.37500000
v 0.87500000 1.00000000 -0.43750000
v 0.56250000 1.00000000 -0.06250000
v 0.68750000 1.00000000 -0.18750000
v 0.62500000 1.00000000 -0.06250000
v 0.93750000 1.00000000 -0.25000000
v 0.81250000 1.00000000 -0.25000000
v 0.93750000 1.00000000 -0.31250000
v 0.87500000 1.00000000 -0.18750000
v 0.87500000 1.00000000 -0.31250000
v 0.75000000 1.00000000 -0.43750000
v 0.75000000 1.00000000 -0.31250000
v 0.81250000 1.00000000 -0.43750000
v 0.81250000 1.00000000 -0.37500000
v 0.75000000 1.00000000 -0.06250000
v 0.75000000 1.00000000 -0.18750000
v 0.68750000 1.00000000 -0.06250000
v 0.81250000 1.00000000 -0.12500000
v 0.68750000 1.00000000 -0.12500000
v 0.81250000 1.00000000 -0.18750000
v 0.50000000 1.00000000 -0.43750000
v 0.50000000 1.00000000 -0.31250000
v 0.43750000 1.00000000 -0.37500000
v 0.56250000 1.00000000 -0.43750000
v 0.50000000 1.00000000 -0.06250000
v 0.50000000 1.00000000 -0.18750000
v 0.43750000 1.00000000 -0.06250000
v 0.56250000 1.00000000 -0.12500000
v 0.31250000 1.00000000 -0.25000000
v 0.43750000 1.00000000 -0.25000000
v 0.37500000 1.00000000 -0.31250000
v 0.31250000 1.00000000 -0.18750000
v 0.43750000 1.00000000 -0.31250000
v 0.68750000 1.00000000 -0.43750000
v 0.56250000 1.00000000 -0.31250000
v 0.62500000 1.00000000 -0.43750000
v 0.68750000 1.00000000 -0.37500000
v 0.56250000 1.00000000 -0.37500000
v 0.31250000 1.00000000 -0.06250000
v 0.43750000 1.00000000 -0.18750000
v 0.37500000 1.00000000 -0.06250000
v 0.31250000 1.00000000 -0.12500000
v 0.43750000 1.00000000 -0.12500000
v 0.37500000 1.00000000 -0.18750000
v 0.68750000 1.00000000 -0.25000000
v 0.56250000 1.00000000 -0.25000000
v 0.62500000 1.00000000 -0.18750000
v 0.68750000 1.00000000 -0.31250000
v 0.56250000 1.00000000 -0.18750000
v 0.62500000 1.00000000 -0.31250000
v 0.00000000 1.00000000 -0.93750000
v 0.00000000 1.00000000 -0.81250000
v 0.06250000 1.00000000 -0.93750000
v 0.00000000 1.00000000 -0.56250000
v 0.00000000 1.00000000 -0.68750000
v 0.18750000 1.00000000 -0.93750000
v 0.06250000 1.00000000 -0.81250000
v 0.12500000 1.00000000 -0.93750000
v 0.06250000 1.00000000 -0.87500000
v 0.00000000 1.00000000 -0.06250000
v 0.00000000 1.00000000 -0.18750000
v 0.06250000 1.00000000 -0.12500000
v 0.00000000 1.00000000 -0.43750000
v 0.00000000 1.00000000 -0.31250000
v 0.18750000 1.00000000 -0.25000000
v 0.06250000 1.00000000 -0.25000000
v 0.12500000 1.00000000 -0.18750000
v 0.06250000 1.00000000 -0.18750000
v 0.43750000 1.00000000 -0.93750000
v 0.31250000 1.00000000 -0.81250000
v 0.37500000 1.00000000 -0.93750000
v 0.43750000 1.00000000 -0.87500000
v 0.06250000 1.00000000 -0.56250000
v 0.18750000 1.00000000 -0.68750000
v 0.06250000 1.00000000 -0.62500000
v 0.25000000 1.00000000 -0.93750000
v 0.25000000 1.00000000 -0.81250000
v 0.31250000 1.00000000 -0.93750000
v 0.18750000 1.00000000 -0.87500000
v 0.31250000 1.00000000 -0.87500000
v 0.43750000 1.00000000 -0.75000000
v 0.31250000 1.00000000 -0.75000000
v 0.43750000 1.00000000 -0.81250000
v 0.37500000 1.00000000 -0.81250000
v 0.06250000 1.00000000 -0.75000000
v 0.18750000 1.00000000 -0.75000000
v 0.06250000 1.00000000 -0.68750000
v 0.12500000 1.00000000 -0.81250000
v 0.12500000 1.00000000 -0.68750000
v 0.18750000 1.00000000 -0.81250000
v 0.43750000 1.00000000 -0.50000000
v 0.31250000 1.00000000 -0.50000000
v 0.37500000 1.00000000 -0.43750000
v 0.43750000 1.00000000 -0.56250000
v 0.06250000 1.00000000 -0.50000000
v 0.18750000 1.00000000 -0.50000000
v 0.06250000 1.00000000 -0.43750000
v 0.12500000 1.00000000 -0.56250000
v 0.25000000 1.00000000 -0.31250000
v 0.25000000 1.00000000 -0.43750000
v 0.31250000 1.00000000 -0.37500000
v 0.18750000 1.00000000 -0.31250000
v 0.31250000 1.00000000 -0.43750000
v 0.43750000 1.00000000 -0.68750000
v 0.31250000 1.00000000 -0.56250000
v 0.43750000 1.00000000 -0.62500000
v 0.37500000 1.00000000 -0.68750000
v 0.37500000 1.00000000 -0.56250000
v 0.06250000 1.00000000 -0.31250000
v 0.18750000 1.00000000 -0.43750000
v 0.06250000 1.00000000 -0.37500000
v 0.12500000 1.00000000 -0.31250000
v 0.12500000 1.00000000 -0.43750000
v 0.18750000 1.00000000 -0.37500000
v 0.25000000 1.00000000 -0.68750000
v 0.25000000 1.00000000 -0.56250000
v 0.18750000 1.00000000 -0.62500000
v 0.31250000 1.00000000 -0.68750000
v 0.18750000 1.00000000 -0.56250000
v 0.31250000 1.00000000 -0.62500000
v 0.93750000 1.00000000 0.93750000
v 0.93750000 1.00000000 0.81250000
v 0.81250000 1.00000000 0.93750000
v 0.93750000 1.00000000 0.87500000
v 0.87500000 1.00000000 0.93750000
v 0.93750000 1.00000000 0.56250000
v 0.81250000 1.00000000 0.68750000
v 0.93750000 1.00000000 0.62500000
v 0.56250000 1.00000000 0.93750000
v 0.68750000 1.00000000 0.81250000
v 0.62500000 1.00000000 0.93750000
v 0.93750000 1.00000000 0.75000000
v 0.81250000 1.00000000 0.75000000
v 0.93750000 1.00000000 0.68750000
v 0.87500000 1.00000000 0.81250000
v 0.87500000 1.00000000 0.68750000
v 0.75000000 1.00000000 0.93750000
v 0.75000000 1.00000000 0.81250000
v 0.68750000 1.00000000 0.93750000
v 0.81250000 1.00000000 0.87500000
v 0.68750000 1.00000000 0.87500000
v 0.81250000 1.00000000 0.81250000
v -0.87500000 1.00000000 0.93750000
v -0.75000000 1.00000000 0.81250000
v -0.75000000 1.00000000 0.93750000
v -0.81250000 1.00000000 0.87500000
v -0.81250000 1.00000000 0.93750000
v -0.50000000 1.00000000 0.56250000
v -0.50000000 1.00000000 0.68750000
v -0.56250000 1.00000000 0.62500000
v -0.50000000 1.00000000 0.93750000
v -0.50000000 1.00000000 0.81250000
v -0.56250000 1.00000000 0.93750000
v -0.68750000 1.00000000 0.75000000
v -0.56250000 1.00000000 0.75000000
v -0.62500000 1.00000000 0.68750000
v -0.68750000 1.00000000 0.81250000
v -0.56250000 1.00000000 0.68750000
v -0.68750000 1.00000000 0.93750000
v -0.56250000 1.00000000 0.81250000
v -0.62500000 1.00000000 0.93750000
v -0.68750000 1.00000000 0.87500000
v -0.56250000 1.00000000 0.87500000
v -0.62500000 1.00000000 0.81250000
v 0.93750000 1.00000000 0.06250000
v 0.81250000 1.00000000 0.18750000
v 0.93750000 1.00000000 0.12500000
v 0.87500000 1.00000000 0.06250000
v 0.56250000 1.00000000 0.43750000
v 0.68750000 1.00000000 0.31250000
v 0.93750000 1.00000000 0.25000000
v 0.81250000 1.00000000 0.25000000
v 0.93750000 1.00000000 0.18750000
v 0.87500000 1.00000000 0.18750000
v 0.75000000 1.00000000 0.06250000
v 0.75000000 1.00000000 0.18750000
v 0.81250000 1.00000000 0.06250000
v 0.81250000 1.00000000 0.12500000
v 0.06250000 1.00000000 0.93750000
v 0.18750000 1.00000000 0.81250000
v 0.12500000 1.00000000 0.93750000
v 0.43750000 1.00000000 0.56250000
v 0.31250000 1.00000000 0.68750000
v 0.25000000 1.00000000 0.93750000
v 0.25000000 1.00000000 0.81250000
v 0.18750000 1.00000000 0.93750000
v 0.18750000 1.00000000 0.87500000
v 0.93750000 1.00000000 0.50000000
v 0.81250000 1.00000000 0.50000000
v 0.93750000 1.00000000 0.43750000
v 0.87500000 1.00000000 0.56250000
v 0.56250000 1.00000000 0.50000000
v 0.68750000 1.00000000 0.50000000
v 0.62500000 1.00000000 0.43750000
v 0.93750000 1.00000000 0.31250000
v 0.81250000 1.00000000 0.43750000
v 0.93750000 1.00000000 0.37500000
v 0.87500000 1.00000000 0.31250000
v 0.87500000 1.00000000 0.43750000
v 0.75000000 1.00000000 0.68750000
v 0.75000000 1.00000000 0.56250000
v 0.81250000 1.00000000 0.62500000
v 0.81250000 1.00000000 0.56250000
v 0.75000000 1.00000000 0.31250000
v 0.75000000 1.00000000 0.43750000
v 0.68750000 1.00000000 0.37500000
v 0.81250000 1.00000000 0.31250000
v 0.68750000 1.00000000 0.43750000
v 0.81250000 1.00000000 0.37500000
v 0.50000000 1.00000000 0.06250000
v 0.50000000 1.00000000 0.18750000
v 0.56250000 1.00000000 0.06250000
v 0.50000000 1.00000000 0.43750000
v 0.50000000 1.00000000 0.31250000
v 0.56250000 1.00000000 0.37500000
v 0.68750000 1.00000000 0.06250000
v 0.56250000 1.00000000 0.18750000
v 0.62500000 1.00000000 0.06250000
v 0.68750000 1.00000000 0.12500000
v 0.56250000 1.00000000 0.12500000
v 0.68750000 1.00000000 0.25000000
v 0.56250000 1.00000000 0.25000000
v 0.62500000 1.00000000 0.31250000
v 0.68750000 1.00000000 0.18750000
v 0.56250000 1.00000000 0.31250000
v 0.62500000 1.00000000 0.18750000
v 0.50000000 1.00000000 0.93750000
v 0.50000000 1.00000000 0.81250000
v 0.43750000 1.00000000 0.93750000
v 0.56250000 1.00000000 0.87500000
v 0.50000000 1.00000000 0.56250000
v 0.50000000 1.00000000 0.68750000
v 0.43750000 1.00000000 0.62500000
v 0.56250000 1.00000000 0.56250000
v 0.31250000 1.00000000 0.93750000
v 0.43750000 1.00000000 0.81250000
v 0.37500000 1.00000000 0.93750000
v 0.31250000 1.00000000 0.87500000
v 0.43750000 1.00000000 0.87500000
v 0.68750000 1.00000000 0.75000000
v 0.56250000 1.00000000 0.75000000
v 0.62500000 1.00000000 0.81250000
v 0.68750000 1.00000000 0.68750000
v 0.56250000 1.00000000 0.81250000
v 0.31250000 1.00000000 0.75000000
v 0.43750000 1.00000000 0.75000000
v 0.37500000 1.00000000 0.68750000
v 0.31250000 1.00000000 0.81250000
v 0.43750000 1.00000000 0.68750000
v 0.37500000 1.00000000 0.81250000
v 0.68750000 1.00000000 0.56250000
v 0.56250000 1.00000000 0.68750000
v 0.62500000 1.00000000 0.56250000
v 0.68750000 1.00000000 0.62500000
v 0.56250000 1.00000000 0.62500000
v 0.62500000 1.00000000 0.68750000
v 0.00000000 1.00000000 0.06250000
v 0.00000000 1.00000000 0.18750000
v -0.06250000 1.00000000 0.12500000
v 0.06250000 1.00000000 0.06250000
v 0.00000000 1.00000000 0.43750000
v 0.00000000 1.00000000 0.31250000
v -0.18750000 1.00000000 0.25000000
v -0.06250000 1.00000000 0.25000000
v -0.12500000 1.00000000 0.18750000
v -0.06250000 1.00000000 0.18750000
v 0.18750000 1.00000000 0.06250000
v 0.06250000 1.00000000 0.18750000
v 0.12500000 1.00000000 0.06250000
v 0.06250000 1.00000000 0.12500000
v 0.00000000 1.00000000 0.93750000
v 0.00000000 1.00000000 0.81250000
v -0.06250000 1.00000000 0.93750000
v 0.06250000 1.00000000 0.87500000
v 0.00000000 1.00000000 0.56250000
v 0.00000000 1.00000000 0.68750000
v -0.18750000 1.00000000 0.93750000
v -0.06250000 1.00000000 0.81250000
v -0.12500000 1.00000000 0.93750000
v -0.06250000 1.00000000 0.87500000
v 0.18750000 1.00000000 0.75000000
v 0.06250000 1.00000000 0.75000000
v 0.12500000 1.00000000 0.81250000
v 0.06250000 1.00000000 0.81250000
v -0.43750000 1.00000000 0.50000000
v -0.31250000 1.00000000 0.50000000
v -0.37500000 1.00000000 0.43750000
v -0.43750000 1.00000000 0.56250000
v -0.06250000 1.00000000 0.50000000
v -0.18750000 1.00000000 0.50000000
v -0.06250000 1.00000000 0.43750000
v -0.25000000 1.00000000 0.31250000
v -0.25000000 1.00000000 0.43750000
v -0.31250000 1.00000000 0.37500000
v -0.18750000 1.00000000 0.31250000
v -0.31250000 1.00000000 0.43750000
v -0.43750000 1.00000000 0.68750000
v -0.31250000 1.00000000 0.56250000
v -0.43750000 1.00000000 0.62500000
v -0.37500000 1.00000000 0.56250000
v -0.06250000 1.00000000 0.31250000
v -0.18750000 1.00000000 0.43750000
v -0.06250000 1.00000000 0.37500000
v -0.12500000 1.00000000 0.31250000
v -0.12500000 1.00000000 0.43750000
v -0.18750000 1.00000000 0.37500000
v 0.43750000 1.00000000 0.06250000
v 0.31250000 1.00000000 0.18750000
v 0.37500000 1.00000000 0.06250000
v 0.43750000 1.00000000 0.12500000
v 0.06250000 1.00000000 0.43750000
v 0.18750000 1.00000000 0.31250000
v 0.06250000 1.00000000 0.37500000
v 0.25000000 1.00000000 0.06250000
v 0.25000000 1.00000000 0.18750000
v 0.31250000 1.00000000 0.06250000
v 0.18750000 1.00000000 0.12500000
v 0.31250000 1.00000000 0.12500000
v 0.43750000 1.00000000 0.25000000
v 0.31250000 1.00000000 0.25000000
v 0.43750000 1.00000000 0.18750000
v 0.37500000 1.00000000 0.18750000
v 0.06250000 1.00000000 0.25000000
v 0.18750000 1.00000000 0.25000000
v 0.06250000 1.00000000 0.31250000
v 0.12500000 1.00000000 0.18750000
v 0.12500000 1.00000000 0.31250000
v 0.18750000 1.00000000 0.18750000
v -0.43750000 1.00000000 0.93750000
v -0.31250000 1.00000000 0.81250000
v -0.37500000 1.00000000 0.93750000
v -0.43750000 1.00000000 0.87500000
v -0.06250000 1.00000000 0.56250000
v -0.18750000 1.00000000 0.68750000
v -0.06250000 1.00000000 0.62500000
v -0.12500000 1.00000000 0.56250000
v -0.25000000 1.00000000 0.93750000
v -0.25000000 1.00000000 0.81250000
v -0.31250000 1.00000000 0.93750000
v -0.18750000 1.00000000 0.87500000
v -0.31250000 1.00000000 0.87500000
v -0.43750000 1.00000000 0.75000000
v -0.31250000 1.00000000 0.75000000
v -0.43750000 1.00000000 0.81250000
v -0.37500000 1.00000000 0.68750000
v -0.37500000 1.00000000 0.81250000
v -0.06250000 1.00000000 0.75000000
v -0.18750000 1.00000000 0.75000000
v -0.06250000 1.00000000 0.68750000
v -0.12500000 1.00000000 0.81250000
v -0.12500000 1.00000000 0.68750000
v -0.18750000 1.00000000 0.81250000
v -0.25000000 1.00000000 0.56250000
v -0.25000000 1.00000000 0.68750000
v -0.18750000 1.00000000 0.56250000
v -0.31250000 1.00000000 0.62500000
v -0.18750000 1.00000000 0.62500000
v -0.31250000 1.00000000 0.68750000
v 0.43750000 1.00000000 0.50000000
v 0.31250000 1.00000000 0.50000000
v 0.37500000 1.00000000 0.56250000
v 0.43750000 1.00000000 0.43750000
v 0.06250000 1.00000000 0.50000000
v 0.18750000 1.00000000 0.50000000
v 0.06250000 1.00000000 0.56250000
v 0.12500000 1.00000000 0.43750000
v 0.25000000 1.00000000 0.68750000
v 0.25000000 1.00000000 0.56250000
v 0.31250000 1.00000000 0.62500000
v 0.18750000 1.00000000 0.68750000
v 0.31250000 1.00000000 0.56250000
v 0.43750000 1.00000000 0.31250000
v 0.31250000 1.00000000 0.43750000
v 0.43750000 1.00000000 0.37500000
v 0.37500000 1.00000000 0.31250000
v 0.37500000 1.00000000 0.43750000
v 0.06250000 1.00000000 0.68750000
v 0.18750000 1.00000000 0.56250000
v 0.06250000 1.00000000 0.62500000
v 0.12500000 1.00000000 0.68750000
v 0.12500000 1.00000000 0.56250000
v 0.18750000 1.00000000 0.62500000
v 0.25000000 1.00000000 0.31250000
v 0.25000000 1.00000000 0.43750000
v 0.18750000 1.00000000 0.37500000
v 0.31250000 1.00000000 0.31250000
v 0.18750000 1.00000000 0.43750000
v 0.31250000 1.00000000 0.37500000
v -1.00000000 1.00000000 -0.93750000
v -1.00000000 1.00000000 -0.81250000
v -0.93750000 1.00000000 -0.93750000
v -1.00000000 1.00000000 -0.56250000
v -1.00000000 1.00000000 -0.68750000
v -0.81250000 1.00000000 -0.93750000
v -0.93750000 1.00000000 -0.81250000
v -0.87500000 1.00000000 -0.93750000
v -0.93750000 1.00000000 -0.87500000
v -1.00000000 1.00000000 -0.06250000
v -1.00000000 1.00000000 -0.18750000
v -1.00000000 1.00000000 -0.43750000
v -1.00000000 1.00000000 -0.31250000
v -0.56250000 1.00000000 -0.93750000
v -0.68750000 1.00000000 -0.81250000
v -0.62500000 1.00000000 -0.93750000
v -0.93750000 1.00000000 -0.56250000
v -0.81250000 1.00000000 -0.68750000
v -0.93750000 1.00000000 -0.62500000
v -0.75000000 1.00000000 -0.93750000
v -0.75000000 1.00000000 -0.81250000
v -0.68750000 1.00000000 -0.93750000
v -0.81250000 1.00000000 -0.87500000
v -0.68750000 1.00000000 -0.87500000
v -0.93750000 1.00000000 -0.75000000
v -0.81250000 1.00000000 -0.75000000
v -0.93750000 1.00000000 -0.68750000
v -0.87500000 1.00000000 -0.81250000
v -0.87500000 1.00000000 -0.68750000
v -0.81250000 1.00000000 -0.81250000
v -1.00000000 1.00000000 0.93750000
v -1.00000000 1.00000000 0.81250000
v -0.93750000 1.00000000 0.87500000
v -1.00000000 1.00000000 0.56250000
v -1.00000000 1.00000000 0.68750000
v -0.81250000 1.00000000 0.75000000
v -0.93750000 1.00000000 0.75000000
v -0.87500000 1.00000000 0.81250000
v -0.93750000 1.00000000 0.81250000
v -1.00000000 1.00000000 0.06250000
v -1.00000000 1.00000000 0.18750000
v -1.00000000 1.00000000 0.43750000
v -1.00000000 1.00000000 0.31250000
v -0.56250000 1.00000000 0.50000000
v -0.68750000 1.00000000 0.50000000
v -0.62500000 1.00000000 0.56250000
v -0.93750000 1.00000000 0.50000000
v -0.81250000 1.00000000 0.50000000
v -0.93750000 1.00000000 0.56250000
v -0.75000000 1.00000000 0.68750000
v -0.75000000 1.00000000 0.56250000
v -0.68750000 1.00000000 0.62500000
v -0.81250000 1.00000000 0.68750000
v -0.68750000 1.00000000 0.56250000
v -0.93750000 1.00000000 0.68750000
v -0.81250000 1.00000000 0.56250000
v -0.93750000 1.00000000 0.62500000
v -0.87500000 1.00000000 0.68750000
v -0.87500000 1.00000000 0.56250000
v -0.81250000 1.00000000 0.62500000
v -0.06250000 1.00000000 -0.93750000
v -0.18750000 1.00000000 -0.81250000
v -0.12500000 1.00000000 -0.93750000
v -0.06250000 1.00000000 -0.87500000
v -0.43750000 1.00000000 -0.56250000
v -0.31250000 1.00000000 -0.68750000
v -0.25000000 1.00000000 -0.93750000
v -0.25000000 1.00000000 -0.81250000
v -0.18750000 1.00000000 -0.93750000
v -0.18750000 1.00000000 -0.87500000
v -0.06250000 1.00000000 -0.75000000
v -0.18750000 1.00000000 -0.75000000
v -0.06250000 1.00000000 -0.81250000
v -0.12500000 1.00000000 -0.81250000
v -0.93750000 1.00000000 -0.06250000
v -0.81250000 1.00000000 -0.18750000
v -0.93750000 1.00000000 -0.12500000
v -0.56250000 1.00000000 -0.43750000
v -0.68750000 1.00000000 -0.31250000
v -0.93750000 1.00000000 -0.25000000
v -0.81250000 1.00000000 -0.25000000
v -0.93750000 1.00000000 -0.18750000
v -0.87500000 1.00000000 -0.18750000
v -0.50000000 1.00000000 -0.93750000
v -0.50000000 1.00000000 -0.81250000
v -0.43750000 1.00000000 -0.93750000
v -0.56250000 1.00000000 -0.87500000
v -0.50000000 1.00000000 -0.56250000
v -0.50000000 1.00000000 -0.68750000
v -0.43750000 1.00000000 -0.62500000
v -0.31250000 1.00000000 -0.93750000
v -0.43750000 1.00000000 -0.81250000
v -0.37500000 1.00000000 -0.93750000
v -0.31250000 1.00000000 -0.87500000
v -0.43750000 1.00000000 -0.87500000
v -0.68750000 1.00000000 -0.75000000
v -0.56250000 1.00000000 -0.75000000
v -0.62500000 1.00000000 -0.81250000
v -0.56250000 1.00000000 -0.81250000
v -0.31250000 1.00000000 -0.75000000
v -0.43750000 1.00000000 -0.75000000
v -0.37500000 1.00000000 -0.68750000
v -0.31250000 1.00000000 -0.81250000
v -0.43750000 1.00000000 -0.68750000
v -0.37500000 1.00000000 -0.81250000
v -0.06250000 1.00000000 -0.50000000
v -0.18750000 1.00000000 -0.50000000
v -0.06250000 1.00000000 -0.56250000
v -0.43750000 1.00000000 -0.50000000
v -0.31250000 1.00000000 -0.50000000
v -0.37500000 1.00000000 -0.56250000
v -0.06250000 1.00000000 -0.68750000
v -0.18750000 1.00000000 -0.56250000
v -0.06250000 1.00000000 -0.62500000
v -0.12500000 1.00000000 -0.68750000
v -0.12500000 1.00000000 -0.56250000
v -0.25000000 1.00000000 -0.68750000
v -0.25000000 1.00000000 -0.56250000
v -0.31250000 1.00000000 -0.62500000
v -0.18750000 1.00000000 -0.68750000
v -0.31250000 1.00000000 -0.56250000
v -0.18750000 1.00000000 -0.62500000
v -0.93750000 1.00000000 -0.50000000
v -0.81250000 1.00000000 -0.50000000
v -0.93750000 1.00000000 -0.43750000
v -0.87500000 1.00000000 -0.56250000
v -0.56250000 1.00000000 -0.50000000
v -0.68750000 1.00000000 -0.50000000
v -0.62500000 1.00000000 -0.43750000
v -0.56250000 1.00000000 -0.56250000
v -0.93750000 1.00000000 -0.31250000
v -0.81250000 1.00000000 -0.43750000
v -0.93750000 1.00000000 -0.37500000
v -0.87500000 1.00000000 -0.31250000
v -0.87500000 1.00000000 -0.43750000
v -0.75000000 1.00000000 -0.68750000
v -0.75000000 1.00000000 -0.56250000
v -0.81250000 1.00000000 -0.62500000
v -0.68750000 1.00000000 -0.68750000
v -0.81250000 1.00000000 -0.56250000
v -0.75000000 1.00000000 -0.31250000
v -0.75000000 1.00000000 -0.43750000
v -0.68750000 1.00000000 -0.37500000
v -0.81250000 1.00000000 -0.31250000
v -0.68750000 1.00000000 -0.43750000
v -0.81250000 1.00000000 -0.37500000
v -0.56250000 1.00000000 -0.68750000
v -0.68750000 1.00000000 -0.56250000
v -0.56250000 1.00000000 -0.62500000
v -0.62500000 1.00000000 -0.68750000
v -0.62500000 1.00000000 -0.56250000
v -0.68750000 1.00000000 -0.62500000
v -0.06250000 1.00000000 0.00000000
v -0.18750000 1.00000000 0.00000000
v -0.12500000 1.00000000 0.06250000
v -0.06250000 1.00000000 -0.06250000
v -0.43750000 1.00000000 0.00000000
v -0.31250000 1.00000000 0.00000000
v -0.25000000 1.00000000 0.18750000
v -0.25000000 1.00000000 0.06250000
v -0.18750000 1.00000000 0.12500000
v -0.18750000 1.00000000 0.06250000
v -0.06250000 1.00000000 -0.18750000
v -0.18750000 1.00000000 -0.06250000
v -0.06250000 1.00000000 -0.12500000
v -0.12500000 1.00000000 -0.06250000
v -0.93750000 1.00000000 0.00000000
v -0.81250000 1.00000000 0.00000000
v -0.93750000 1.00000000 0.06250000
v -0.87500000 1.00000000 -0.06250000
v -0.56250000 1.00000000 0.00000000
v -0.68750000 1.00000000 0.00000000
v -0.93750000 1.00000000 0.18750000
v -0.81250000 1.00000000 0.06250000
v -0.93750000 1.00000000 0.12500000
v -0.87500000 1.00000000 0.06250000
v -0.75000000 1.00000000 -0.18750000
v -0.75000000 1.00000000 -0.06250000
v -0.81250000 1.00000000 -0.12500000
v -0.81250000 1.00000000 -0.06250000
v -0.50000000 1.00000000 0.43750000
v -0.50000000 1.00000000 0.31250000
v -0.43750000 1.00000000 0.37500000
v -0.56250000 1.00000000 0.43750000
v -0.50000000 1.00000000 0.06250000
v -0.50000000 1.00000000 0.18750000
v -0.43750000 1.00000000 0.06250000
v -0.31250000 1.00000000 0.25000000
v -0.43750000 1.00000000 0.25000000
v -0.37500000 1.00000000 0.31250000
v -0.31250000 1.00000000 0.18750000
v -0.43750000 1.00000000 0.31250000
v -0.68750000 1.00000000 0.43750000
v -0.56250000 1.00000000 0.31250000
v -0.62500000 1.00000000 0.43750000
v -0.56250000 1.00000000 0.37500000
v -0.31250000 1.00000000 0.06250000
v -0.43750000 1.00000000 0.18750000
v -0.37500000 1.00000000 0.06250000
v -0.31250000 1.00000000 0.12500000
v -0.43750000 1.00000000 0.12500000
v -0.37500000 1.00000000 0.18750000
v -0.06250000 1.00000000 -0.43750000
v -0.18750000 1.00000000 -0.31250000
v -0.06250000 1.00000000 -0.37500000
v -0.12500000 1.00000000 -0.43750000
v -0.43750000 1.00000000 -0.06250000
v -0.31250000 1.00000000 -0.18750000
v -0.37500000 1.00000000 -0.06250000
v -0.06250000 1.00000000 -0.25000000
v -0.18750000 1.00000000 -0.25000000
v -0.06250000 1.00000000 -0.31250000
v -0.12500000 1.00000000 -0.18750000
v -0.12500000 1.00000000 -0.31250000
v -0.25000000 1.00000000 -0.43750000
v -0.25000000 1.00000000 -0.31250000
v -0.18750000 1.00000000 -0.43750000
v -0.18750000 1.00000000 -0.37500000
v -0.25000000 1.00000000 -0.06250000
v -0.25000000 1.00000000 -0.18750000
v -0.31250000 1.00000000 -0.06250000
v -0.18750000 1.00000000 -0.12500000
v -0.31250000 1.00000000 -0.12500000
v -0.18750000 1.00000000 -0.18750000
v -0.93750000 1.00000000 0.43750000
v -0.81250000 1.00000000 0.31250000
v -0.93750000 1.00000000 0.37500000
v -0.87500000 1.00000000 0.43750000
v -0.56250000 1.00000000 0.06250000
v -0.68750000 1.00000000 0.18750000
v -0.62500000 1.00000000 0.06250000
v -0.56250000 1.00000000 0.12500000
v -0.93750000 1.00000000 0.25000000
v -0.81250000 1.00000000 0.25000000
v -0.93750000 1.00000000 0.31250000
v -0.87500000 1.00000000 0.18750000
v -0.87500000 1.00000000 0.31250000
v -0.75000000 1.00000000 0.43750000
v -0.75000000 1.00000000 0.31250000
v -0.81250000 1.00000000 0.43750000
v -0.68750000 1.00000000 0.37500000
v -0.81250000 1.00000000 0.37500000
v -0.75000000 1.00000000 0.06250000
v -0.75000000 1.00000000 0.18750000
v -0.68750000 1.00000000 0.06250000
v -0.81250000 1.00000000 0.12500000
v -0.68750000 1.00000000 0.12500000
v -0.81250000 1.00000000 0.18750000
v -0.56250000 1.00000000 0.25000000
v -0.68750000 1.00000000 0.25000000
v -0.56250000 1.00000000 0.18750000
v -0.62500000 1.00000000 0.31250000
v -0.62500000 1.00000000 0.18750000
v -0.68750000 1.00000000 0.31250000
v -0.50000000 1.00000000 -0.43750000
v -0.50000000 1.00000000 -0.31250000
v -0.56250000 1.00000000 -0.37500000
v -0.43750000 1.00000000 -0.43750000
v -0.50000000 1.00000000 -0.06250000
v -0.50000000 1.00000000 -0.18750000
v -0.56250000 1.00000000 -0.06250000
v -0.43750000 1.00000000 -0.12500000
v -0.68750000 1.00000000 -0.25000000
v -0.56250000 1.00000000 -0.25000000
v -0.62500000 1.00000000 -0.31250000
v -0.68750000 1.00000000 -0.18750000
v -0.56250000 1.00000000 -0.31250000
v -0.31250000 1.00000000 -0.43750000
v -0.43750000 1.00000000 -0.31250000
v -0.37500000 1.00000000 -0.43750000
v -0.31250000 1.00000000 -0.37500000
v -0.43750000 1.00000000 -0.37500000
v -0.68750000 1.00000000 -0.06250000
v -0.56250000 1.00000000 -0.18750000
v -0.62500000 1.00000000 -0.06250000
v -0.68750000 1.00000000 -0.12500000
v -0.56250000 1.00000000 -0.12500000
v -0.62500000 1.00000000 -0.18750000
v -0.31250000 1.00000000 -0.25000000
v -0.43750000 1.00000000 -0.25000000
v -0.37500000 1.00000000 -0.18750000
v -0.31250000 1.00000000 -0.31250000
v -0.43750000 1.00000000 -0.18750000
v -0.37500000 1.00000000 -0.31250000
v 0.93750000 -1.00000000 1.00000000
v 0.81250000 -1.00000000 1.00000000
v 0.87500000 -1.00000000 0.93750000
v 0.56250000 -1.00000000 1.00000000
v 0.68750000 -1.00000000 1.00000000
v 0.75000000 -1.00000000 0.81250000
v 0.75000000 -1.00000000 0.93750000
v 0.81250000 -1.00000000 0.87500000
v 0.81250000 -1.00000000 0.93750000
v 0.06250000 -1.00000000 1.00000000
v 0.18750000 -1.00000000 1.00000000
v 0.43750000 -1.00000000 1.00000000
v 0.31250000 -1.00000000 1.00000000
v 0.50000000 -1.00000000 0.56250000
v 0.50000000 -1.00000000 0.68750000
v 0.56250000 -1.00000000 0.62500000
v 0.50000000 -1.00000000 0.93750000
v 0.50000000 -1.00000000 0.81250000
v 0.56250000 -1.00000000 0.93750000
v 0.68750000 -1.00000000 0.75000000
v 0.56250000 -1.00000000 0.75000000
v 0.62500000 -1.00000000 0.68750000
v 0.68750000 -1.00000000 0.81250000
v 0.56250000 -1.00000000 0.68750000
v 0.68750000 -1.00000000 0.93750000
v 0.56250000 -1.00000000 0.81250000
v 0.62500000 -1.00000000 0.93750000
v 0.68750000 -1.00000000 0.87500000
v 0.56250000 -1.00000000 0.87500000
v 0.62500000 -1.00000000 0.81250000
v -0.93750000 -1.00000000 1.00000000
v -0.81250000 -1.00000000 1.00000000
v -0.56250000 -1.00000000 1.00000000
v -0.68750000 -1.00000000 1.00000000
v -0.06250000 -1.00000000 1.00000000
v -0.18750000 -1.00000000 1.00000000
v -0.43750000 -1.00000000 1.00000000
v -0.31250000 -1.00000000 1.00000000
v 0.00000000 -1.00000000 0.06250000
v 0.00000000 -1.00000000 0.18750000
v 0.06250000 -1.00000000 0.12500000
v 0.00000000 -1.00000000 0.43750000
v 0.00000000 -1.00000000 0.31250000
v 0.18750000 -1.00000000 0.25000000
v 0.06250000 -1.00000000 0.25000000
v 0.12500000 -1.00000000 0.18750000
v 0.06250000 -1.00000000 0.18750000
v 0.00000000 -1.00000000 0.93750000
v 0.00000000 -1.00000000 0.81250000
v 0.06250000 -1.00000000 0.93750000
v 0.00000000 -1.00000000 0.56250000
v 0.00000000 -1.00000000 0.68750000
v 0.18750000 -1.00000000 0.93750000
v 0.06250000 -1.00000000 0.81250000
v 0.12500000 -1.00000000 0.93750000
v 0.06250000 -1.00000000 0.87500000
v 0.43750000 -1.00000000 0.50000000
v 0.31250000 -1.00000000 0.50000000
v 0.37500000 -1.00000000 0.43750000
v 0.43750000 -1.00000000 0.56250000
v 0.06250000 -1.00000000 0.50000000
v 0.18750000 -1.00000000 0.50000000
v 0.06250000 -1.00000000 0.43750000
v 0.25000000 -1.00000000 0.31250000
v 0.25000000 -1.00000000 0.43750000
v 0.31250000 -1.00000000 0.37500000
v 0.18750000 -1.00000000 0.31250000
v 0.31250000 -1.00000000 0.43750000
v 0.43750000 -1.00000000 0.68750000
v 0.31250000 -1.00000000 0.56250000
v 0.43750000 -1.00000000 0.62500000
v 0.37500000 -1.00000000 0.56250000
v 0.06250000 -1.00000000 0.31250000
v 0.18750000 -1.00000000 0.43750000
v 0.06250000 -1.00000000 0.37500000
v 0.12500000 -1.00000000 0.31250000
v 0.12500000 -1.00000000 0.43750000
v 0.18750000 -1.00000000 0.37500000
v 0.43750000 -1.00000000 0.93750000
v 0.31250000 -1.00000000 0.81250000
v 0.37500000 -1.00000000 0.93750000
v 0.43750000 -1.00000000 0.87500000
v 0.06250000 -1.00000000 0.56250000
v 0.18750000 -1.00000000 0.68750000
v 0.06250000 -1.00000000 0.62500000
v 0.12500000 -1.00000000 0.56250000
v 0.25000000 -1.00000000 0.93750000
v 0.25000000 -1.00000000 0.81250000
v 0.31250000 -1.00000000 0.93750000
v 0.18750000 -1.00000000 0.87500000
v 0.31250000 -1.00000000 0.87500000
v 0.43750000 -1.00000000 0.75000000
v 0.31250000 -1.00000000 0.75000000
v 0.43750000 -1.00000000 0.81250000
v 0.37500000 -1.00000000 0.68750000
v 0.37500000 -1.00000000 0.81250000
v 0.06250000 -1.00000000 0.75000000
v 0.18750000 -1.00000000 0.75000000
v 0.06250000 -1.00000000 0.68750000
v 0.12500000 -1.00000000 0.81250000
v 0.12500000 -1.00000000 0.68750000
v 0.18750000 -1.00000000 0.81250000
v 0.25000000 -1.00000000 0.56250000
v 0.25000000 -1.00000000 0.68750000
v 0.18750000 -1.00000000 0.56250000
v 0.31250000 -1.00000000 0.62500000
v 0.18750000 -1.00000000 0.62500000
v 0.31250000 -1.00000000 0.68750000
v -1.00000000 -1.00000000 -0.93750000
v -1.00000000 -1.00000000 -0.81250000
v -0.93750000 -1.00000000 -0.87500000
v -1.00000000 -1.00000000 -0.56250000
v -1.00000000 -1.00000000 -0.68750000
v -0.81250000 -1.00000000 -0.75000000
v -0.93750000 -1.00000000 -0.75000000
v -0.87500000 -1.00000000 -0.81250000
v -0.93750000 -1.00000000 -0.81250000
v -1.00000000 -1.00000000 -0.06250000
v -1.00000000 -1.00000000 -0.18750000
v -1.00000000 -1.00000000 -0.43750000
v -1.00000000 -1.00000000 -0.31250000
v -0.56250000 -1.00000000 -0.50000000
v -0.68750000 -1.00000000 -0.50000000
v -0.62500000 -1.00000000 -0.56250000
v -0.93750000 -1.00000000 -0.50000000
v -0.81250000 -1.00000000 -0.50000000
v -0.93750000 -1.00000000 -0.56250000
v -0.75000000 -1.00000000 -0.68750000
v -0.75000000 -1.00000000 -0.56250000
v -0.68750000 -1.00000000 -0.62500000
v -0.81250000 -1.00000000 -0.68750000
v -0.68750000 -1.00000000 -0.56250000
v -0.93750000 -1.00000000 -0.68750000
v -0.81250000 -1.00000000 -0.56250000
v -0.93750000 -1.00000000 -0.62500000
v -0.87500000 -1.00000000 -0.68750000
v -0.87500000 -1.00000000 -0.56250000
v -0.81250000 -1.00000000 -0.62500000
v -1.00000000 -1.00000000 0.93750000
v -1.00000000 -1.00000000 0.81250000
v -0.93750000 -1.00000000 0.93750000
v -1.00000000 -1.00000000 0.56250000
v -1.00000000 -1.00000000 0.68750000
v -0.81250000 -1.00000000 0.93750000
v -0.93750000 -1.00000000 0.81250000
v -0.87500000 -1.00000000 0.93750000
v -0.93750000 -1.00000000 0.87500000
v -1.00000000 -1.00000000 0.06250000
v -1.00000000 -1.00000000 0.18750000
v -1.00000000 -1.00000000 0.43750000
v -1.00000000 -1.00000000 0.31250000
v -0.56250000 -1.00000000 0.93750000
v -0.68750000 -1.00000000 0.81250000
v -0.62500000 -1.00000000 0.93750000
v -0.93750000 -1.00000000 0.56250000
v -0.81250000 -1.00000000 0.68750000
v -0.93750000 -1.00000000 0.62500000
v -0.75000000 -1.00000000 0.93750000
v -0.75000000 -1.00000000 0.81250000
v -0.68750000 -1.00000000 0.93750000
v -0.81250000 -1.00000000 0.87500000
v -0.68750000 -1.00000000 0.87500000
v -0.93750000 -1.00000000 0.75000000
v -0.81250000 -1.00000000 0.75000000
v -0.93750000 -1.00000000 0.68750000
v -0.87500000 -1.00000000 0.81250000
v -0.87500000 -1.00000000 0.68750000
v -0.81250000 -1.00000000 0.81250000
v -0.06250000 -1.00000000 0.00000000
v -0.18750000 -1.00000000 0.00000000
v -0.12500000 -1.00000000 -0.06250000
v -0.06250000 -1.00000000 0.06250000
v -0.43750000 -1.00000000 0.00000000
v -0.31250000 -1.00000000 0.00000000
v -0.25000000 -1.00000000 -0.18750000
v -0.25000000 -1.00000000 -0.06250000
v -0.18750000 -1.00000000 -0.12500000
v -0.18750000 -1.00000000 -0.06250000
v -0.06250000 -1.00000000 0.18750000
v -0.18750000 -1.00000000 0.06250000
v -0.06250000 -1.00000000 0.12500000
v -0.12500000 -1.00000000 0.06250000
v -0.93750000 -1.00000000 0.00000000
v -0.81250000 -1.00000000 0.00000000
v -0.93750000 -1.00000000 -0.06250000
v -0.56250000 -1.00000000 0.00000000
v -0.68750000 -1.00000000 0.00000000
v -0.93750000 -1.00000000 -0.18750000
v -0.81250000 -1.00000000 -0.06250000
v -0.93750000 -1.00000000 -0.12500000
v -0.87500000 -1.00000000 -0.06250000
v -0.50000000 -1.00000000 -0.43750000
v -0.50000000 -1.00000000 -0.31250000
v -0.43750000 -1.00000000 -0.37500000
v -0.56250000 -1.00000000 -0.43750000
v -0.50000000 -1.00000000 -0.06250000
v -0.50000000 -1.00000000 -0.18750000
v -0.43750000 -1.00000000 -0.06250000
v -0.31250000 -1.00000000 -0.25000000
v -0.43750000 -1.00000000 -0.25000000
v -0.37500000 -1.00000000 -0.31250000
v -0.31250000 -1.00000000 -0.18750000
v -0.43750000 -1.00000000 -0.31250000
v -0.68750000 -1.00000000 -0.43750000
v -0.56250000 -1.00000000 -0.31250000
v -0.62500000 -1.00000000 -0.43750000
v -0.56250000 -1.00000000 -0.37500000
v -0.31250000 -1.00000000 -0.06250000
v -0.43750000 -1.00000000 -0.18750000
v -0.37500000 -1.00000000 -0.06250000
v -0.31250000 -1.00000000 -0.12500000
v -0.43750000 -1.00000000 -0.12500000
v -0.37500000 -1.00000000 -0.18750000
v -0.06250000 -1.00000000 0.43750000
v -0.18750000 -1.00000000 0.31250000
v -0.06250000 -1.00000000 0.37500000
v -0.43750000 -1.00000000 0.06250000
v -0.31250000 -1.00000000 0.18750000
v -0.37500000 -1.00000000 0.06250000
v -0.06250000 -1.00000000 0.25000000
v -0.18750000 -1.00000000 0.25000000
v -0.06250000 -1.00000000 0.31250000
v -0.12500000 -1.00000000 0.18750000
v -0.12500000 -1.00000000 0.31250000
v -0.25000000 -1.00000000 0.06250000
v -0.25000000 -1.00000000 0.18750000
v -0.31250000 -1.00000000 0.06250000
v -0.18750000 -1.00000000 0.12500000
v -0.31250000 -1.00000000 0.12500000
v -0.18750000 -1.00000000 0.18750000
v -0.93750000 -1.00000000 -0.43750000
v -0.81250000 -1.00000000 -0.31250000
v -0.93750000 -1.00000000 -0.37500000
v -0.87500000 -1.00000000 -0.43750000
v -0.56250000 -1.00000000 -0.06250000
v -0.68750000 -1.00000000 -0.18750000
v -0.62500000 -1.00000000 -0.06250000
v -0.56250000 -1.00000000 -0.12500000
v -0.93750000 -1.00000000 -0.25000000
v -0.81250000 -1.00000000 -0.25000000
v -0.93750000 -1.00000000 -0.31250000
v -0.87500000 -1.00000000 -0.18750000
v -0.87500000 -1.00000000 -0.31250000
v -0.75000000 -1.00000000 -0.43750000
v -0.75000000 -1.00000000 -0.31250000
v -0.81250000 -1.00000000 -0.43750000
v -0.68750000 -1.00000000 -0.37500000
v -0.81250000 -1.00000000 -0.37500000
v -0.75000000 -1.00000000 -0.06250000
v -0.75000000 -1.00000000 -0.18750000
v -0.68750000 -1.00000000 -0.06250000
v -0.81250000 -1.00000000 -0.12500000
v -0.68750000 -1.00000000 -0.12500000
v -0.81250000 -1.00000000 -0.18750000
v -0.56250000 -1.00000000 -0.25000000
v -0.68750000 -1.00000000 -0.25000000
v -0.56250000 -1.00000000 -0.18750000
v -0.62500000 -1.00000000 -0.31250000
v -0.62500000 -1.00000000 -0.18750000
v -0.68750000 -1.00000000 -0.31250000
v -0.06250000 -1.00000000 0.93750000
v -0.18750000 -1.00000000 0.81250000
v -0.12500000 -1.00000000 0.93750000
v -0.06250000 -1.00000000 0.87500000
v -0.43750000 -1.00000000 0.56250000
v -0.31250000 -1.00000000 0.68750000
v -0.25000000 -1.00000000 0.93750000
v -0.25000000 -1.00000000 0.81250000
v -0.18750000 -1.00000000 0.93750000
v -0.18750000 -1.00000000 0.87500000
v -0.06250000 -1.00000000 0.75000000
v -0.18750000 -1.00000000 0.75000000
v -0.06250000 -1.00000000 0.81250000
v -0.12500000 -1.00000000 0.81250000
v -0.93750000 -1.00000000 0.06250000
v -0.81250000 -1.00000000 0.18750000
v -0.93750000 -1.00000000 0.12500000
v -0.87500000 -1.00000000 0.06250000
v -0.56250000 -1.00000000 0.43750000
v -0.68750000 -1.00000000 0.31250000
v -0.93750000 -1.00000000 0.25000000
v -0.81250000 -1.00000000 0.25000000
v -0.93750000 -1.00000000 0.18750000
v -0.87500000 -1.00000000 0.18750000
v -0.75000000 -1.00000000 0.06250000
v -0.75000000 -1.00000000 0.18750000
v -0.81250000 -1.00000000 0.06250000
v -0.81250000 -1.00000000 0.12500000
v -0.50000000 -1.00000000 0.93750000
v -0.50000000 -1.00000000 0.81250000
v -0.43750000 -1.00000000 0.93750000
v -0.56250000 -1.00000000 0.87500000
v -0.50000000 -1.00000000 0.56250000
v -0.50000000 -1.00000000 0.68750000
v -0.43750000 -1.00000000 0.62500000
v -0.31250000 -1.00000000 0.93750000
v -0.43750000 -1.00000000 0.81250000
v -0.37500000 -1.00000000 0.93750000
v -0.31250000 -1.00000000 0.87500000
v -0.43750000 -1.00000000 0.87500000
v -0.68750000 -1.00000000 0.75000000
v -0.56250000 -1.00000000 0.75000000
v -0.62500000 -1.00000000 0.81250000
v -0.56250000 -1.00000000 0.81250000
v -0.31250000 -1.00000000 0.75000000
v -0.43750000 -1.00000000 0.75000000
v -0.37500000 -1.00000000 0.68750000
v -0.31250000 -1.00000000 0.81250000
v -0.43750000 -1.00000000 0.68750000
v -0.37500000 -1.00000000 0.81250000
v -0.06250000 -1.00000000 0.50000000
v -0.18750000 -1.00000000 0.50000000
v -0.06250000 -1.00000000 0.56250000
v -0.12500000 -1.00000000 0.43750000
v -0.43750000 -1.00000000 0.50000000
v -0.31250000 -1.00000000 0.50000000
v -0.37500000 -1.00000000 0.56250000
v -0.06250000 -1.00000000 0.68750000
v -0.18750000 -1.00000000 0.56250000
v -0.06250000 -1.00000000 0.62500000
v -0.12500000 -1.00000000 0.68750000
v -0.12500000 -1.00000000 0.56250000
v -0.25000000 -1.00000000 0.31250000
v -0.25000000 -1.00000000 0.43750000
v -0.18750000 -1.00000000 0.37500000
v -0.18750000 -1.00000000 0.43750000
v -0.25000000 -1.00000000 0.68750000
v -0.25000000 -1.00000000 0.56250000
v -0.31250000 -1.00000000 0.62500000
v -0.18750000 -1.00000000 0.68750000
v -0.31250000 -1.00000000 0.56250000
v -0.18750000 -1.00000000 0.62500000
v -0.93750000 -1.00000000 0.50000000
v -0.81250000 -1.00000000 0.50000000
v -0.93750000 -1.00000000 0.43750000
v -0.87500000 -1.00000000 0.56250000
v -0.56250000 -1.00000000 0.50000000
v -0.68750000 -1.00000000 0.50000000
v -0.62500000 -1.00000000 0.43750000
v -0.56250000 -1.00000000 0.56250000
v -0.93750000 -1.00000000 0.31250000
v -0.81250000 -1.00000000 0.43750000
v -0.93750000 -1.00000000 0.37500000
v -0.87500000 -1.00000000 0.31250000
v -0.87500000 -1.00000000 0.43750000
v -0.75000000 -1.00000000 0.68750000
v -0.75000000 -1.00000000 0.56250000
v -0.81250000 -1.00000000 0.62500000
v -0.68750000 -1.00000000 0.68750000
v -0.81250000 -1.00000000 0.56250000
v -0.75000000 -1.00000000 0.31250000
v -0.75000000 -1.00000000 0.43750000
v -0.68750000 -1.00000000 0.37500000
v -0.81250000 -1.00000000 0.31250000
v -0.68750000 -1.00000000 0.43750000
v -0.81250000 -1.00000000 0.37500000
v -0.56250000 -1.00000000 0.68750000
v -0.68750000 -1.00000000 0.56250000
v -0.56250000 -1.00000000 0.62500000
v -0.62500000 -1.00000000 0.68750000
v -0.62500000 -1.00000000 0.56250000
v -0.68750000 -1.00000000 0.62500000
v -0.50000000 -1.00000000 0.06250000
v -0.50000000 -1.00000000 0.18750000
v -0.56250000 -1.00000000 0.06250000
v -0.43750000 -1.00000000 0.12500000
v -0.50000000 -1.00000000 0.43750000
v -0.50000000 -1.00000000 0.31250000
v -0.56250000 -1.00000000 0.37500000
v -0.43750000 -1.00000000 0.43750000
v -0.68750000 -1.00000000 0.06250000
v -0.56250000 -1.00000000 0.18750000
v -0.62500000 -1.00000000 0.06250000
v -0.68750000 -1.00000000 0.12500000
v -0.56250000 -1.00000000 0.12500000
v -0.31250000 -1.00000000 0.25000000
v -0.43750000 -1.00000000 0.25000000
v -0.37500000 -1.00000000 0.18750000
v -0.31250000 -1.00000000 0.31250000
v -0.43750000 -1.00000000 0.18750000
v -0.68750000 -1.00000000 0.25000000
v -0.56250000 -1.00000000 0.25000000
v -0.62500000 -1.00000000 0.31250000
v -0.68750000 -1.00000000 0.18750000
v -0.56250000 -1.00000000 0.31250000
v -0.62500000 -1.00000000 0.18750000
v -0.31250000 -1.00000000 0.43750000
v -0.43750000 -1.00000000 0.31250000
v -0.37500000 -1.00000000 0.43750000
v -0.31250000 -1.00000000 0.37500000
v -0.43750000 -1.00000000 0.37500000
v -0.37500000 -1.00000000 0.31250000
v 0.87500000 -0.93750000 1.00000000
v 0.75000000 -0.81250000 1.00000000
v 0.75000000 -0.93750000 1.00000000
v 0.81250000 -0.87500000 1.00000000
v 0.81250000 -0.93750000 1.00000000
v 0.50000000 -0.56250000 1.00000000
v 0.50000000 -0.68750000 1.00000000
v 0.56250000 -0.62500000 1.00000000
v 0.50000000 -0.93750000 1.00000000
v 0.50000000 -0.81250000 1.00000000
v 0.56250000 -0.93750000 1.00000000
v 0.68750000 -0.75000000 1.00000000
v 0.56250000 -0.75000000 1.00000000
v 0.62500000 -0.68750000 1.00000000
v 0.68750000 -0.81250000 1.00000000
v 0.56250000 -0.68750000 1.00000000
v 0.68750000 -0.93750000 1.00000000
v 0.56250000 -0.81250000 1.00000000
v 0.62500000 -0.93750000 1.00000000
v 0.68750000 -0.87500000 1.00000000
v 0.56250000 -0.87500000 1.00000000
v 0.62500000 -0.81250000 1.00000000
v 0.00000000 -0.06250000 1.00000000
v 0.00000000 -0.18750000 1.00000000
v 0.06250000 -0.12500000 1.00000000
v 0.00000000 -0.43750000 1.00000000
v 0.00000000 -0.31250000 1.00000000
v 0.18750000 -0.25000000 1.00000000
v 0.06250000 -0.25000000 1.00000000
v 0.12500000 -0.18750000 1.00000000
v 0.06250000 -0.18750000 1.00000000
v 0.00000000 -0.93750000 1.00000000
v 0.00000000 -0.81250000 1.00000000
v 0.06250000 -0.93750000 1.00000000
v 0.00000000 -0.56250000 1.00000000
v 0.00000000 -0.68750000 1.00000000
v 0.18750000 -0.93750000 1.00000000
v 0.06250000 -0.81250000 1.00000000
v 0.12500000 -0.93750000 1.00000000
v 0.06250000 -0.87500000 1.00000000
v 0.43750000 -0.50000000 1.00000000
v 0.31250000 -0.50000000 1.00000000
v 0.37500000 -0.43750000 1.00000000
v 0.43750000 -0.56250000 1.00000000
v 0.06250000 -0.50000000 1.00000000
v 0.18750000 -0.50000000 1.00000000
v 0.06250000 -0.43750000 1.00000000
v 0.25000000 -0.31250000 1.00000000
v 0.25000000 -0.43750000 1.00000000
v 0.31250000 -0.37500000 1.00000000
v 0.18750000 -0.31250000 1.00000000
v 0.31250000 -0.43750000 1.00000000
v 0.43750000 -0.68750000 1.00000000
v 0.31250000 -0.56250000 1.00000000
v 0.43750000 -0.62500000 1.00000000
v 0.37500000 -0.56250000 1.00000000
v 0.06250000 -0.31250000 1.00000000
v 0.18750000 -0.43750000 1.00000000
v 0.06250000 -0.37500000 1.00000000
v 0.12500000 -0.31250000 1.00000000
v 0.12500000 -0.43750000 1.00000000
v 0.18750000 -0.37500000 1.00000000
v 0.43750000 -0.93750000 1.00000000
v 0.31250000 -0.81250000 1.00000000
v 0.37500000 -0.93750000 1.00000000
v 0.43750000 -0.87500000 1.00000000
v 0.06250000 -0.56250000 1.00000000
v 0.18750000 -0.68750000 1.00000000
v 0.06250000 -0.62500000 1.00000000
v 0.12500000 -0.56250000 1.00000000
v 0.25000000 -0.93750000 1.00000000
v 0.25000000 -0.81250000 1.00000000
v 0.31250000 -0.93750000 1.00000000
v 0.18750000 -0.87500000 1.00000000
v 0.31250000 -0.87500000 1.00000000
v 0.43750000 -0.75000000 1.00000000
v 0.31250000 -0.75000000 1.00000000
v 0.43750000 -0.81250000 1.00000000
v 0.37500000 -0.68750000 1.00000000
v 0.37500000 -0.81250000 1.00000000
v 0.06250000 -0.75000000 1.00000000
v 0.18750000 -0.75000000 1.00000000
v 0.06250000 -0.68750000 1.00000000
v 0.12500000 -0.81250000 1.00000000
v 0.12500000 -0.68750000 1.00000000
v 0.18750000 -0.81250000 1.00000000
v 0.25000000 -0.56250000 1.00000000
v 0.25000000 -0.68750000 1.00000000
v 0.18750000 -0.56250000 1.00000000
v 0.31250000 -0.62500000 1.00000000
v 0.18750000 -0.62500000 1.00000000
v 0.31250000 -0.68750000 1.00000000
v -1.00000000 0.93750000 1.00000000
v -1.00000000 0.81250000 1.00000000
v -0.93750000 0.87500000 1.00000000
v -1.00000000 0.56250000 1.00000000
v -1.00000000 0.68750000 1.00000000
v -0.81250000 0.75000000 1.00000000
v -0.93750000 0.75000000 1.00000000
v -0.87500000 0.81250000 1.00000000
v -0.93750000 0.81250000 1.00000000
v -1.00000000 0.06250000 1.00000000
v -1.00000000 0.18750000 1.00000000
v -1.00000000 0.43750000 1.00000000
v -1.00000000 0.31250000 1.00000000
v -0.56250000 0.50000000 1.00000000
v -0.68750000 0.50000000 1.00000000
v -0.62500000 0.56250000 1.00000000
v -0.93750000 0.50000000 1.00000000
v -0.81250000 0.50000000 1.00000000
v -0.93750000 0.56250000 1.00000000
v -0.75000000 0.68750000 1.00000000
v -0.75000000 0.56250000 1.00000000
v -0.68750000 0.62500000 1.00000000
v -0.81250000 0.68750000 1.00000000
v -0.68750000 0.56250000 1.00000000
v -0.93750000 0.68750000 1.00000000
v -0.81250000 0.56250000 1.00000000
v -0.93750000 0.62500000 1.00000000
v -0.87500000 0.68750000 1.00000000
v -0.87500000 0.56250000 1.00000000
v -0.81250000 0.62500000 1.00000000
v -1.00000000 -0.93750000 1.00000000
v -1.00000000 -0.81250000 1.00000000
v -0.93750000 -0.93750000 1.00000000
v -1.00000000 -0.56250000 1.00000000
v -1.00000000 -0.68750000 1.00000000
v -0.81250000 -0.93750000 1.00000000
v -0.93750000 -0.81250000 1.00000000
v -0.87500000 -0.93750000 1.00000000
v -0.93750000 -0.87500000 1.00000000
v -1.00000000 -0.06250000 1.00000000
v -1.00000000 -0.18750000 1.00000000
v -1.00000000 -0.43750000 1.00000000
v -1.00000000 -0.31250000 1.00000000
v -0.56250000 -0.93750000 1.00000000
v -0.68750000 -0.81250000 1.00000000
v -0.62500000 -0.93750000 1.00000000
v -0.93750000 -0.56250000 1.00000000
v -0.81250000 -0.68750000 1.00000000
v -0.93750000 -0.62500000 1.00000000
v -0.75000000 -0.93750000 1.00000000
v -0.75000000 -0.81250000 1.00000000
v -0.68750000 -0.93750000 1.00000000
v -0.81250000 -0.87500000 1.00000000
v -0.68750000 -0.87500000 1.00000000
v -0.93750000 -0.75000000 1.00000000
v -0.81250000 -0.75000000 1.00000000
v -0.93750000 -0.68750000 1.00000000
v -0.87500000 -0.81250000 1.00000000
v -0.87500000 -0.68750000 1.00000000
v -0.81250000 -0.81250000 1.00000000
v -0.06250000 0.00000000 1.00000000
v -0.18750000 0.00000000 1.00000000
v -0.12500000 0.06250000 1.00000000
v -0.06250000 -0.06250000 1.00000000
v -0.43750000 0.00000000 1.00000000
v -0.31250000 0.00000000 1.00000000
v -0.25000000 0.18750000 1.00000000
v -0.25000000 0.06250000 1.00000000
v -0.18750000 0.12500000 1.00000000
v -0.18750000 0.06250000 1.00000000
v -0.06250000 -0.18750000 1.00000000
v -0.18750000 -0.06250000 1.00000000
v -0.06250000 -0.12500000 1.00000000
v -0.12500000 -0.06250000 1.00000000
v -0.93750000 0.00000000 1.00000000
v -0.81250000 0.00000000 1.00000000
v -0.93750000 0.06250000 1.00000000
v -0.56250000 0.00000000 1.00000000
v -0.68750000 0.00000000 1.00000000
v -0.93750000 0.18750000 1.00000000
v -0.81250000 0.06250000 1.00000000
v -0.93750000 0.12500000 1.00000000
v -0.87500000 0.06250000 1.00000000
v -0.50000000 0.43750000 1.00000000
v -0.50000000 0.31250000 1.00000000
v -0.43750000 0.37500000 1.00000000
v -0.56250000 0.43750000 1.00000000
v -0.50000000 0.06250000 1.00000000
v -0.50000000 0.18750000 1.00000000
v -0.43750000 0.06250000 1.00000000
v -0.31250000 0.25000000 1.00000000
v -0.43750000 0.25000000 1.00000000
v -0.37500000 0.31250000 1.00000000
v -0.31250000 0.18750000 1.00000000
v -0.43750000 0.31250000 1.00000000
v -0.68750000 0.43750000 1.00000000
v -0.56250000 0.31250000 1.00000000
v -0.62500000 0.43750000 1.00000000
v -0.56250000 0.37500000 1.00000000
v -0.31250000 0.06250000 1.00000000
v -0.43750000 0.18750000 1.00000000
v -0.37500000 0.06250000 1.00000000
v -0.31250000 0.12500000 1.00000000
v -0.43750000 0.12500000 1.00000000
v -0.37500000 0.18750000 1.00000000
v -0.06250000 -0.43750000 1.00000000
v -0.18750000 -0.31250000 1.00000000
v -0.06250000 -0.37500000 1.00000000
v -0.43750000 -0.06250000 1.00000000
v -0.31250000 -0.18750000 1.00000000
v -0.37500000 -0.06250000 1.00000000
v -0.06250000 -0.25000000 1.00000000
v -0.18750000 -0.25000000 1.00000000
v -0.06250000 -0.31250000 1.00000000
v -0.12500000 -0.18750000 1.00000000
v -0.12500000 -0.31250000 1.00000000
v -0.25000000 -0.06250000 1.00000000
v -0.25000000 -0.18750000 1.00000000
v -0.31250000 -0.06250000 1.00000000
v -0.18750000 -0.12500000 1.00000000
v -0.31250000 -0.12500000 1.00000000
v -0.18750000 -0.18750000 1.00000000
v -0.93750000 0.43750000 1.00000000
v -0.81250000 0.31250000 1.00000000
v -0.93750000 0.37500000 1.00000000
v -0.87500000 0.43750000 1.00000000
v -0.56250000 0.06250000 1.00000000
v -0.68750000 0.18750000 1.00000000
v -0.62500000 0.06250000 1.00000000
v -0.56250000 0.12500000 1.00000000
v -0.93750000 0.25000000 1.00000000
v -0.81250000 0.25000000 1.00000000
v -0.93750000 0.31250000 1.00000000
v -0.87500000 0.18750000 1.00000000
v -0.87500000 0.31250000 1.00000000
v -0.75000000 0.43750000 1.00000000
v -0.75000000 0.31250000 1.00000000
v -0.81250000 0.43750000 1.00000000
v -0.68750000 0.37500000 1.00000000
v -0.81250000 0.37500000 1.00000000
v -0.75000000 0.06250000 1.00000000
v -0.75000000 0.18750000 1.00000000
v -0.68750000 0.06250000 1.00000000
v -0.81250000 0.12500000 1.00000000
v -0.68750000 0.12500000 1.00000000
v -0.81250000 0.18750000 1.00000000
v -0.56250000 0.25000000 1.00000000
v -0.68750000 0.25000000 1.00000000
v -0.56250000 0.18750000 1.00000000
v -0.62500000 0.31250000 1.00000000
v -0.62500000 0.18750000 1.00000000
v -0.68750000 0.31250000 1.00000000
v -0.06250000 -0.93750000 1.00000000
v -0.18750000 -0.81250000 1.00000000
v -0.12500000 -0.93750000 1.00000000
v -0.06250000 -0.87500000 1.00000000
v -0.43750000 -0.56250000 1.00000000
v -0.31250000 -0.68750000 1.00000000
v -0.25000000 -0.93750000 1.00000000
v -0.25000000 -0.81250000 1.00000000
v -0.18750000 -0.93750000 1.00000000
v -0.18750000 -0.87500000 1.00000000
v -0.06250000 -0.75000000 1.00000000
v -0.18750000 -0.75000000 1.00000000
v -0.06250000 -0.81250000 1.00000000
v -0.12500000 -0.81250000 1.00000000
v -0.93750000 -0.06250000 1.00000000
v -0.81250000 -0.18750000 1.00000000
v -0.93750000 -0.12500000 1.00000000
v -0.87500000 -0.06250000 1.00000000
v -0.56250000 -0.43750000 1.00000000
v -0.68750000 -0.31250000 1.00000000
v -0.93750000 -0.25000000 1.00000000
v -0.81250000 -0.25000000 1.00000000
v -0.93750000 -0.18750000 1.00000000
v -0.87500000 -0.18750000 1.00000000
v -0.75000000 -0.06250000 1.00000000
v -0.75000000 -0.18750000 1.00000000
v -0.81250000 -0.06250000 1.00000000
v -0.81250000 -0.12500000 1.00000000
v -0.50000000 -0.93750000 1.00000000
v -0.50000000 -0.81250000 1.00000000
v -0.43750000 -0.93750000 1.00000000
v -0.56250000 -0.87500000 1.00000000
v -0.50000000 -0.56250000 1.00000000
v -0.50000000 -0.68750000 1.00000000
v -0.43750000 -0.62500000 1.00000000
v -0.31250000 -0.93750000 1.00000000
v -0.43750000 -0.81250000 1.00000000
v -0.37500000 -0.93750000 1.00000000
v -0.31250000 -0.87500000 1.00000000
v -0.43750000 -0.87500000 1.00000000
v -0.68750000 -0.75000000 1.00000000
v -0.56250000 -0.75000000 1.00000000
v -0.62500000 -0.81250000 1.00000000
v -0.56250000 -0.81250000 1.00000000
v -0.31250000 -0.75000000 1.00000000
v -0.43750000 -0.75000000 1.00000000
v -0.37500000 -0.68750000 1.00000000
v -0.31250000 -0.81250000 1.00000000
v -0.43750000 -0.68750000 1.00000000
v -0.37500000 -0.81250000 1.00000000
v -0.06250000 -0.50000000 1.00000000
v -0.18750000 -0.50000000 1.00000000
v -0.06250000 -0.56250000 1.00000000
v -0.12500000 -0.43750000 1.00000000
v -0.43750000 -0.50000000 1.00000000
v -0.31250000 -0.50000000 1.00000000
v -0.37500000 -0.56250000 1.00000000
v -0.06250000 -0.68750000 1.00000000
v -0.18750000 -0.56250000 1.00000000
v -0.06250000 -0.62500000 1.00000000
v -0.12500000 -0.68750000 1.00000000
v -0.12500000 -0.56250000 1.00000000
v -0.25000000 -0.31250000 1.00000000
v -0.25000000 -0.43750000 1.00000000
v -0.18750000 -0.37500000 1.00000000
v -0.18750000 -0.43750000 1.00000000
v -0.25000000 -0.68750000 1.00000000
v -0.25000000 -0.56250000 1.00000000
v -0.31250000 -0.62500000 1.00000000
v -0.18750000 -0.68750000 1.00000000
v -0.31250000 -0.56250000 1.00000000
v -0.18750000 -0.62500000 1.00000000
v -0.93750000 -0.50000000 1.00000000
v -0.81250000 -0.50000000 1.00000000
v -0.93750000 -0.43750000 1.00000000
v -0.87500000 -0.56250000 1.00000000
v -0.56250000 -0.50000000 1.00000000
v -0.68750000 -0.50000000 1.00000000
v -0.62500000 -0.43750000 1.00000000
v -0.56250000 -0.56250000 1.00000000
v -0.93750000 -0.31250000 1.00000000
v -0.81250000 -0.43750000 1.00000000
v -0.93750000 -0.37500000 1.00000000
v -0.87500000 -0.31250000 1.00000000
v -0.87500000 -0.43750000 1.00000000
v -0.75000000 -0.68750000 1.00000000
v -0.75000000 -0.56250000 1.00000000
v -0.81250000 -0.62500000 1.00000000
v -0.68750000 -0.68750000 1.00000000
v -0.81250000 -0.56250000 1.00000000
v -0.75000000 -0.31250000 1.00000000
v -0.75000000 -0.43750000 1.00000000
v -0.68750000 -0.37500000 1.00000000
v -0.81250000 -0.31250000 1.00000000
v -0.68750000 -0.43750000 1.00000000
v -0.81250000 -0.37500000 1.00000000
v -0.56250000 -0.68750000 1.00000000
v -0.68750000 -0.56250000 1.00000000
v -0.56250000 -0.62500000 1.00000000
v -0.62500000 -0.68750000 1.00000000
v -0.62500000 -0.56250000 1.00000000
v -0.68750000 -0.62500000 1.00000000
v -0.50000000 -0.06250000 1.00000000
v -0.50000000 -0.18750000 1.00000000
v -0.56250000 -0.06250000 1.00000000
v -0.43750000 -0.12500000 1.00000000
v -0.50000000 -0.43750000 1.00000000
v -0.50000000 -0.31250000 1.00000000
v -0.56250000 -0.37500000 1.00000000
v -0.43750000 -0.43750000 1.00000000
v -0.68750000 -0.06250000 1.00000000
v -0.56250000 -0.18750000 1.00000000
v -0.62500000 -0.06250000 1.00000000
v -0.68750000 -0.12500000 1.00000000
v -0.56250000 -0.12500000 1.00000000
v -0.31250000 -0.25000000 1.00000000
v -0.43750000 -0.25000000 1.00000000
v -0.37500000 -0.18750000 1.00000000
v -0.31250000 -0.31250000 1.00000000
v -0.43750000 -0.18750000 1.00000000
v -0.68750000 -0.25000000 1.00000000
v -0.56250000 -0.25000000 1.00000000
v -0.62500000 -0.31250000 1.00000000
v -0.68750000 -0.18750000 1.00000000
v -0.56250000 -0.31250000 1.00000000
v -0.62500000 -0.18750000 1.00000000
v -0.31250000 -0.43750000 1.00000000
v -0.43750000 -0.31250000 1.00000000
v -0.37500000 -0.43750000 1.00000000
v -0.31250000 -0.37500000 1.00000000
v -0.43750000 -0.37500000 1.00000000
v -0.37500000 -0.31250000 1.00000000
v -1.00000000 0.93750000 -0.93750000
v -1.00000000 0.81250000 -0.81250000
v -1.00000000 0.87500000 -0.93750000
v -1.00000000 0.93750000 -0.87500000
v -1.00000000 0.56250000 -0.56250000
v -1.00000000 0.68750000 -0.68750000
v -1.00000000 0.75000000 -0.93750000
v -1.00000000 0.75000000 -0.81250000
v -1.00000000 0.81250000 -0.93750000
v -1.00000000 0.81250000 -0.87500000
v -1.00000000 0.93750000 -0.75000000
v -1.00000000 0.81250000 -0.75000000
v -1.00000000 0.93750000 -0.81250000
v -1.00000000 0.87500000 -0.81250000
v -1.00000000 0.06250000 -0.06250000
v -1.00000000 0.18750000 -0.18750000
v -1.00000000 0.43750000 -0.43750000
v -1.00000000 0.31250000 -0.31250000
v -1.00000000 0.50000000 -0.93750000
v -1.00000000 0.50000000 -0.81250000
v -1.00000000 0.56250000 -0.93750000
v -1.00000000 0.50000000 -0.56250000
v -1.00000000 0.50000000 -0.68750000
v -1.00000000 0.56250000 -0.62500000
v -1.00000000 0.68750000 -0.93750000
v -1.00000000 0.56250000 -0.81250000
v -1.00000000 0.62500000 -0.93750000
v -1.00000000 0.68750000 -0.87500000
v -1.00000000 0.56250000 -0.87500000
v -1.00000000 0.68750000 -0.75000000
v -1.00000000 0.56250000 -0.75000000
v -1.00000000 0.62500000 -0.68750000
v -1.00000000 0.68750000 -0.81250000
v -1.00000000 0.56250000 -0.68750000
v -1.00000000 0.62500000 -0.81250000
v -1.00000000 0.93750000 -0.50000000
v -1.00000000 0.81250000 -0.50000000
v -1.00000000 0.93750000 -0.56250000
v -1.00000000 0.56250000 -0.50000000
v -1.00000000 0.68750000 -0.50000000
v -1.00000000 0.62500000 -0.56250000
v -1.00000000 0.93750000 -0.68750000
v -1.00000000 0.81250000 -0.56250000
v -1.00000000 0.93750000 -0.62500000
v -1.00000000 0.87500000 -0.68750000
v -1.00000000 0.87500000 -0.56250000
v -1.00000000 0.75000000 -0.68750000
v -1.00000000 0.75000000 -0.56250000
v -1.00000000 0.68750000 -0.62500000
v -1.00000000 0.81250000 -0.68750000
v -1.00000000 0.68750000 -0.56250000
v -1.00000000 0.81250000 -0.62500000
v -1.00000000 -0.93750000 0.93750000
v -1.00000000 -0.81250000 0.81250000
v -1.00000000 -0.56250000 0.56250000
v -1.00000000 -0.68750000 0.68750000
v -1.00000000 -0.06250000 0.06250000
v -1.00000000 -0.18750000 0.18750000
v -1.00000000 -0.43750000 0.43750000
v -1.00000000 -0.31250000 0.31250000
v -1.00000000 0.00000000 -0.93750000
v -1.00000000 0.00000000 -0.81250000
v -1.00000000 0.06250000 -0.93750000
v -1.00000000 0.00000000 -0.56250000
v -1.00000000 0.00000000 -0.68750000
v -1.00000000 0.18750000 -0.93750000
v -1.00000000 0.06250000 -0.81250000
v -1.00000000 0.12500000 -0.93750000
v -1.00000000 0.06250000 -0.87500000
v -1.00000000 0.00000000 -0.06250000
v -1.00000000 0.00000000 -0.18750000
v -1.00000000 0.06250000 -0.12500000
v -1.00000000 0.00000000 -0.43750000
v -1.00000000 0.00000000 -0.31250000
v -1.00000000 0.18750000 -0.25000000
v -1.00000000 0.06250000 -0.25000000
v -1.00000000 0.12500000 -0.18750000
v -1.00000000 0.06250000 -0.18750000
v -1.00000000 0.43750000 -0.93750000
v -1.00000000 0.31250000 -0.81250000
v -1.00000000 0.37500000 -0.93750000
v -1.00000000 0.43750000 -0.87500000
v -1.00000000 0.06250000 -0.56250000
v -1.00000000 0.18750000 -0.68750000
v -1.00000000 0.06250000 -0.62500000
v -1.00000000 0.25000000 -0.93750000
v -1.00000000 0.25000000 -0.81250000
v -1.00000000 0.31250000 -0.93750000
v -1.00000000 0.18750000 -0.87500000
v -1.00000000 0.31250000 -0.87500000
v -1.00000000 0.43750000 -0.75000000
v -1.00000000 0.31250000 -0.75000000
v -1.00000000 0.43750000 -0.81250000
v -1.00000000 0.37500000 -0.81250000
v -1.00000000 0.06250000 -0.75000000
v -1.00000000 0.18750000 -0.75000000
v -1.00000000 0.06250000 -0.68750000
v -1.00000000 0.12500000 -0.81250000
v -1.00000000 0.12500000 -0.68750000
v -1.00000000 0.18750000 -0.81250000
v -1.00000000 0.43750000 -0.50000000
v -1.00000000 0.31250000 -0.50000000
v -1.00000000 0.37500000 -0.43750000
v -1.00000000 0.43750000 -0.56250000
v -1.00000000 0.06250000 -0.50000000
v -1.00000000 0.18750000 -0.50000000
v -1.00000000 0.06250000 -0.43750000
v -1.00000000 0.12500000 -0.56250000
v -1.00000000 0.25000000 -0.31250000
v -1.00000000 0.25000000 -0.43750000
v -1.00000000 0.31250000 -0.37500000
v -1.00000000 0.18750000 -0.31250000
v -1.00000000 0.31250000 -0.43750000
v -1.00000000 0.43750000 -0.68750000
v -1.00000000 0.31250000 -0.56250000
v -1.00000000 0.43750000 -0.62500000
v -1.00000000 0.37500000 -0.68750000
v -1.00000000 0.37500000 -0.56250000
v -1.00000000 0.06250000 -0.31250000
v -1.00000000 0.18750000 -0.43750000
v -1.00000000 0.06250000 -0.37500000
v -1.00000000 0.12500000 -0.31250000
v -1.00000000 0.12500000 -0.43750000
v -1.00000000 0.18750000 -0.37500000
v -1.00000000 0.25000000 -0.68750000
v -1.00000000 0.25000000 -0.56250000
v -1.00000000 0.18750000 -0.62500000
v -1.00000000 0.31250000 -0.68750000
v -1.00000000 0.18750000 -0.56250000
v -1.00000000 0.31250000 -0.62500000
v -1.00000000 0.93750000 0.00000000
v -1.00000000 0.81250000 0.00000000
v -1.00000000 0.93750000 -0.06250000
v -1.00000000 0.56250000 0.00000000
v -1.00000000 0.68750000 0.00000000
v -1.00000000 0.93750000 -0.18750000
v -1.00000000 0.81250000 -0.06250000
v -1.00000000 0.93750000 -0.12500000
v -1.00000000 0.87500000 -0.06250000
v -1.00000000 0.06250000 0.00000000
v -1.00000000 0.18750000 0.00000000
v -1.00000000 0.12500000 -0.06250000
v -1.00000000 0.43750000 0.00000000
v -1.00000000 0.31250000 0.00000000
v -1.00000000 0.25000000 -0.18750000
v -1.00000000 0.25000000 -0.06250000
v -1.00000000 0.18750000 -0.12500000
v -1.00000000 0.18750000 -0.06250000
v -1.00000000 0.93750000 -0.43750000
v -1.00000000 0.81250000 -0.31250000
v -1.00000000 0.93750000 -0.37500000
v -1.00000000 0.87500000 -0.43750000
v -1.00000000 0.56250000 -0.06250000
v -1.00000000 0.68750000 -0.18750000
v -1.00000000 0.62500000 -0.06250000
v -1.00000000 0.93750000 -0.25000000
v -1.00000000 0.81250000 -0.25000000
v -1.00000000 0.93750000 -0.31250000
v -1.00000000 0.87500000 -0.18750000
v -1.00000000 0.87500000 -0.31250000
v -1.00000000 0.75000000 -0.43750000
v -1.00000000 0.75000000 -0.31250000
v -1.00000000 0.81250000 -0.43750000
v -1.00000000 0.81250000 -0.37500000
v -1.00000000 0.75000000 -0.06250000
v -1.00000000 0.75000000 -0.18750000
v -1.00000000 0.68750000 -0.06250000
v -1.00000000 0.81250000 -0.12500000
v -1.00000000 0.68750000 -0.12500000
v -1.00000000 0.81250000 -0.18750000
v -1.00000000 0.50000000 -0.43750000
v -1.00000000 0.50000000 -0.31250000
v -1.00000000 0.43750000 -0.37500000
v -1.00000000 0.56250000 -0.43750000
v -1.00000000 0.50000000 -0.06250000
v -1.00000000 0.50000000 -0.18750000
v -1.00000000 0.43750000 -0.06250000
v -1.00000000 0.56250000 -0.12500000
v -1.00000000 0.31250000 -0.25000000
v -1.00000000 0.43750000 -0.25000000
v -1.00000000 0.37500000 -0.31250000
v -1.00000000 0.31250000 -0.18750000
v -1.00000000 0.43750000 -0.31250000
v -1.00000000 0.68750000 -0.43750000
v -1.00000000 0.56250000 -0.31250000
v -1.00000000 0.62500000 -0.43750000
v -1.00000000 0.68750000 -0.37500000
v -1.00000000 0.56250000 -0.37500000
v -1.00000000 0.31250000 -0.06250000
v -1.00000000 0.43750000 -0.18750000
v -1.00000000 0.37500000 -0.06250000
v -1.00000000 0.31250000 -0.12500000
v -1.00000000 0.43750000 -0.12500000
v -1.00000000 0.37500000 -0.18750000
v -1.00000000 0.68750000 -0.25000000
v -1.00000000 0.56250000 -0.25000000
v -1.00000000 0.62500000 -0.18750000
v -1.00000000 0.68750000 -0.31250000
v -1.00000000 0.56250000 -0.18750000
v -1.00000000 0.62500000 -0.31250000
v -1.00000000 -0.93750000 -0.93750000
v -1.00000000 -0.81250000 -0.93750000
v -1.00000000 -0.93750000 -0.81250000
v -1.00000000 -0.87500000 -0.93750000
v -1.00000000 -0.93750000 -0.87500000
v -1.00000000 -0.56250000 -0.93750000
v -1.00000000 -0.68750000 -0.81250000
v -1.00000000 -0.62500000 -0.93750000
v -1.00000000 -0.93750000 -0.56250000
v -1.00000000 -0.81250000 -0.68750000
v -1.00000000 -0.93750000 -0.62500000
v -1.00000000 -0.75000000 -0.93750000
v -1.00000000 -0.75000000 -0.81250000
v -1.00000000 -0.68750000 -0.93750000
v -1.00000000 -0.81250000 -0.87500000
v -1.00000000 -0.68750000 -0.87500000
v -1.00000000 -0.93750000 -0.75000000
v -1.00000000 -0.81250000 -0.75000000
v -1.00000000 -0.93750000 -0.68750000
v -1.00000000 -0.87500000 -0.81250000
v -1.00000000 -0.87500000 -0.68750000
v -1.00000000 -0.81250000 -0.81250000
v -1.00000000 -0.93750000 0.87500000
v -1.00000000 -0.81250000 0.75000000
v -1.00000000 -0.93750000 0.75000000
v -1.00000000 -0.87500000 0.81250000
v -1.00000000 -0.93750000 0.81250000
v -1.00000000 -0.56250000 0.50000000
v -1.00000000 -0.68750000 0.50000000
v -1.00000000 -0.62500000 0.56250000
v -1.00000000 -0.93750000 0.50000000
v -1.00000000 -0.81250000 0.50000000
v -1.00000000 -0.93750000 0.56250000
v -1.00000000 -0.75000000 0.68750000
v -1.00000000 -0.75000000 0.56250000
v -1.00000000 -0.68750000 0.62500000
v -1.00000000 -0.81250000 0.68750000
v -1.00000000 -0.68750000 0.56250000
v -1.00000000 -0.93750000 0.68750000
v -1.00000000 -0.81250000 0.56250000
v -1.00000000 -0.93750000 0.62500000
v -1.00000000 -0.87500000 0.68750000
v -1.00000000 -0.87500000 0.56250000
v -1.00000000 -0.81250000 0.62500000
v -1.00000000 -0.06250000 -0.93750000
v -1.00000000 -0.18750000 -0.81250000
v -1.00000000 -0.12500000 -0.93750000
v -1.00000000 -0.06250000 -0.87500000
v -1.00000000 -0.43750000 -0.56250000
v -1.00000000 -0.31250000 -0.68750000
v -1.00000000 -0.25000000 -0.93750000
v -1.00000000 -0.25000000 -0.81250000
v -1.00000000 -0.18750000 -0.93750000
v -1.00000000 -0.18750000 -0.87500000
v -1.00000000 -0.06250000 -0.75000000
v -1.00000000 -0.18750000 -0.75000000
v -1.00000000 -0.06250000 -0.81250000
v -1.00000000 -0.12500000 -0.81250000
v -1.00000000 -0.93750000 -0.06250000
v -1.00000000 -0.81250000 -0.18750000
v -1.00000000 -0.93750000 -0.12500000
v -1.00000000 -0.56250000 -0.43750000
v -1.00000000 -0.68750000 -0.31250000
v -1.00000000 -0.93750000 -0.25000000
v -1.00000000 -0.81250000 -0.25000000
v -1.00000000 -0.93750000 -0.18750000
v -1.00000000 -0.87500000 -0.18750000
v -1.00000000 -0.50000000 -0.93750000
v -1.00000000 -0.50000000 -0.81250000
v -1.00000000 -0.43750000 -0.93750000
v -1.00000000 -0.56250000 -0.87500000
v -1.00000000 -0.50000000 -0.56250000
v -1.00000000 -0.50000000 -0.68750000
v -1.00000000 -0.43750000 -0.62500000
v -1.00000000 -0.31250000 -0.93750000
v -1.00000000 -0.43750000 -0.81250000
v -1.00000000 -0.37500000 -0.93750000
v -1.00000000 -0.31250000 -0.87500000
v -1.00000000 -0.43750000 -0.87500000
v -1.00000000 -0.68750000 -0.75000000
v -1.00000000 -0.56250000 -0.75000000
v -1.00000000 -0.62500000 -0.81250000
v -1.00000000 -0.56250000 -0.81250000
v -1.00000000 -0.31250000 -0.75000000
v -1.00000000 -0.43750000 -0.75000000
v -1.00000000 -0.37500000 -0.68750000
v -1.00000000 -0.31250000 -0.81250000
v -1.00000000 -0.43750000 -0.68750000
v -1.00000000 -0.37500000 -0.81250000
v -1.00000000 -0.06250000 -0.50000000
v -1.00000000 -0.18750000 -0.50000000
v -1.00000000 -0.06250000 -0.56250000
v -1.00000000 -0.43750000 -0.50000000
v -1.00000000 -0.31250000 -0.50000000
v -1.00000000 -0.37500000 -0.56250000
v -1.00000000 -0.06250000 -0.68750000
v -1.00000000 -0.18750000 -0.56250000
v -1.00000000 -0.06250000 -0.62500000
v -1.00000000 -0.12500000 -0.68750000
v -1.00000000 -0.12500000 -0.56250000
v -1.00000000 -0.25000000 -0.68750000
v -1.00000000 -0.25000000 -0.56250000
v -1.00000000 -0.31250000 -0.62500000
v -1.00000000 -0.18750000 -0.68750000
v -1.00000000 -0.31250000 -0.56250000
v -1.00000000 -0.18750000 -0.62500000
v -1.00000000 -0.93750000 -0.50000000
v -1.00000000 -0.81250000 -0.50000000
v -1.00000000 -0.93750000 -0.43750000
v -1.00000000 -0.87500000 -0.56250000
v -1.00000000 -0.56250000 -0.50000000
v -1.00000000 -0.68750000 -0.50000000
v -1.00000000 -0.62500000 -0.43750000
v -1.00000000 -0.56250000 -0.56250000
v -1.00000000 -0.93750000 -0.31250000
v -1.00000000 -0.81250000 -0.43750000
v -1.00000000 -0.93750000 -0.37500000
v -1.00000000 -0.87500000 -0.31250000
v -1.00000000 -0.87500000 -0.43750000
v -1.00000000 -0.75000000 -0.68750000
v -1.00000000 -0.75000000 -0.56250000
v -1.00000000 -0.81250000 -0.62500000
v -1.00000000 -0.68750000 -0.68750000
v -1.00000000 -0.81250000 -0.56250000
v -1.00000000 -0.75000000 -0.31250000
v -1.00000000 -0.75000000 -0.43750000
v -1.00000000 -0.68750000 -0.37500000
v -1.00000000 -0.81250000 -0.31250000
v -1.00000000 -0.68750000 -0.43750000
v -1.00000000 -0.81250000 -0.37500000
v -1.00000000 -0.56250000 -0.68750000
v -1.00000000 -0.68750000 -0.56250000
v -1.00000000 -0.56250000 -0.62500000
v -1.00000000 -0.62500000 -0.68750000
v -1.00000000 -0.62500000 -0.56250000
v -1.00000000 -0.68750000 -0.62500000
v -1.00000000 -0.06250000 0.00000000
v -1.00000000 -0.18750000 0.00000000
v -1.00000000 -0.12500000 0.06250000
v -1.00000000 -0.06250000 -0.06250000
v -1.00000000 -0.43750000 0.00000000
v -1.00000000 -0.31250000 0.00000000
v -1.00000000 -0.25000000 0.18750000
v -1.00000000 -0.25000000 0.06250000
v -1.00000000 -0.18750000 0.12500000
v -1.00000000 -0.18750000 0.06250000
v -1.00000000 -0.06250000 -0.18750000
v -1.00000000 -0.18750000 -0.06250000
v -1.00000000 -0.06250000 -0.12500000
v -1.00000000 -0.12500000 -0.06250000
v -1.00000000 -0.93750000 0.00000000
v -1.00000000 -0.81250000 0.00000000
v -1.00000000 -0.93750000 0.06250000
v -1.00000000 -0.87500000 -0.06250000
v -1.00000000 -0.56250000 0.00000000
v -1.00000000 -0.68750000 0.00000000
v -1.00000000 -0.93750000 0.18750000
v -1.00000000 -0.81250000 0.06250000
v -1.00000000 -0.93750000 0.12500000
v -1.00000000 -0.87500000 0.06250000
v -1.00000000 -0.75000000 -0.18750000
v -1.00000000 -0.75000000 -0.06250000
v -1.00000000 -0.81250000 -0.12500000
v -1.00000000 -0.81250000 -0.06250000
v -1.00000000 -0.50000000 0.43750000
v -1.00000000 -0.50000000 0.31250000
v -1.00000000 -0.43750000 0.37500000
v -1.00000000 -0.56250000 0.43750000
v -1.00000000 -0.50000000 0.06250000
v -1.00000000 -0.50000000 0.18750000
v -1.00000000 -0.43750000 0.06250000
v -1.00000000 -0.31250000 0.25000000
v -1.00000000 -0.43750000 0.25000000
v -1.00000000 -0.37500000 0.31250000
v -1.00000000 -0.31250000 0.18750000
v -1.00000000 -0.43750000 0.31250000
v -1.00000000 -0.68750000 0.43750000
v -1.00000000 -0.56250000 0.31250000
v -1.00000000 -0.62500000 0.43750000
v -1.00000000 -0.56250000 0.37500000
v -1.00000000 -0.31250000 0.06250000
v -1.00000000 -0.43750000 0.18750000
v -1.00000000 -0.37500000 0.06250000
v -1.00000000 -0.31250000 0.12500000
v -1.00000000 -0.43750000 0.12500000
v -1.00000000 -0.37500000 0.18750000
v -1.00000000 -0.06250000 -0.43750000
v -1.00000000 -0.18750000 -0.31250000
v -1.00000000 -0.06250000 -0.37500000
v -1.00000000 -0.12500000 -0.43750000
v -1.00000000 -0.43750000 -0.06250000
v -1.00000000 -0.31250000 -0.18750000
v -1.00000000 -0.37500000 -0.06250000
v -1.00000000 -0.06250000 -0.25000000
v -1.00000000 -0.18750000 -0.25000000
v -1.00000000 -0.06250000 -0.31250000
v -1.00000000 -0.12500000 -0.18750000
v -1.00000000 -0.12500000 -0.31250000
v -1.00000000 -0.25000000 -0.43750000
v -1.00000000 -0.25000000 -0.31250000
v -1.00000000 -0.18750000 -0.43750000
v -1.00000000 -0.18750000 -0.37500000
v -1.00000000 -0.25000000 -0.06250000
v -1.00000000 -0.25000000 -0.18750000
v -1.00000000 -0.31250000 -0.06250000
v -1.00000000 -0.18750000 -0.12500000
v -1.00000000 -0.31250000 -0.12500000
v -1.00000000 -0.18750000 -0.18750000
v -1.00000000 -0.93750000 0.43750000
v -1.00000000 -0.81250000 0.31250000
v -1.00000000 -0.93750000 0.37500000
v -1.00000000 -0.87500000 0.43750000
v -1.00000000 -0.56250000 0.06250000
v -1.00000000 -0.68750000 0.18750000
v -1.00000000 -0.62500000 0.06250000
v -1.00000000 -0.56250000 0.12500000
v -1.00000000 -0.93750000 0.25000000
v -1.00000000 -0.81250000 0.25000000
v -1.00000000 -0.93750000 0.31250000
v -1.00000000 -0.87500000 0.18750000
v -1.00000000 -0.87500000 0.31250000
v -1.00000000 -0.75000000 0.43750000
v -1.00000000 -0.75000000 0.31250000
v -1.00000000 -0.81250000 0.43750000
v -1.00000000 -0.68750000 0.37500000
v -1.00000000 -0.81250000 0.37500000
v -1.00000000 -0.75000000 0.06250000
v -1.00000000 -0.75000000 0.18750000
v -1.00000000 -0.68750000 0.06250000
v -1.00000000 -0.81250000 0.12500000
v -1.00000000 -0.68750000 0.12500000
v -1.00000000 -0.81250000 0.18750000
v -1.00000000 -0.56250000 0.25000000
v -1.00000000 -0.68750000 0.25000000
v -1.00000000 -0.56250000 0.18750000
v -1.00000000 -0.62500000 0.31250000
v -1.00000000 -0.62500000 0.18750000
v -1.00000000 -0.68750000 0.31250000
v -1.00000000 -0.50000000 -0.43750000
v -1.00000000 -0.50000000 -0.31250000
v -1.00000000 -0.56250000 -0.37500000
v -1.00000000 -0.43750000 -0.43750000
v -1.00000000 -0.50000000 -0.06250000
v -1.00000000 -0.50000000 -0.18750000
v -1.00000000 -0.56250000 -0.06250000
v -1.00000000 -0.43750000 -0.12500000
v -1.00000000 -0.68750000 -0.25000000
v -1.00000000 -0.56250000 -0.25000000
v -1.00000000 -0.62500000 -0.31250000
v -1.00000000 -0.68750000 -0.18750000
v -1.00000000 -0.56250000 -0.31250000
v -1.00000000 -0.31250000 -0.43750000
v -1.00000000 -0.43750000 -0.31250000
v -1.00000000 -0.37500000 -0.43750000
v -1.00000000 -0.31250000 -0.37500000
v -1.00000000 -0.43750000 -0.37500000
v -1.00000000 -0.68750000 -0.06250000
v -1.00000000 -0.56250000 -0.18750000
v -1.00000000 -0.62500000 -0.06250000
v -1.00000000 -0.68750000 -0.12500000
v -1.00000000 -0.56250000 -0.12500000
v -1.00000000 -0.62500000 -0.18750000
v -1.00000000 -0.31250000 -0.25000000
v -1.00000000 -0.43750000 -0.25000000
v -1.00000000 -0.37500000 -0.18750000
v -1.00000000 -0.31250000 -0.31250000
v -1.00000000 -0.43750000 -0.18750000
v -1.00000000 -0.37500000 -0.31250000
v -1.00000000 0.93750000 0.93750000
v -1.00000000 0.93750000 0.81250000
v -1.00000000 0.81250000 0.93750000
v -1.00000000 0.93750000 0.87500000
v -1.00000000 0.87500000 0.93750000
v -1.00000000 0.93750000 0.56250000
v -1.00000000 0.81250000 0.68750000
v -1.00000000 0.93750000 0.62500000
v -1.00000000 0.56250000 0.93750000
v -1.00000000 0.68750000 0.81250000
v -1.00000000 0.62500000 0.93750000
v -1.00000000 0.93750000 0.75000000
v -1.00000000 0.81250000 0.75000000
v -1.00000000 0.93750000 0.68750000
v -1.00000000 0.87500000 0.81250000
v -1.00000000 0.87500000 0.68750000
v -1.00000000 0.75000000 0.93750000
v -1.00000000 0.75000000 0.81250000
v -1.00000000 0.68750000 0.93750000
v -1.00000000 0.81250000 0.87500000
v -1.00000000 0.68750000 0.87500000
v -1.00000000 0.81250000 0.81250000
v -1.00000000 -0.87500000 0.93750000
v -1.00000000 -0.75000000 0.81250000
v -1.00000000 -0.75000000 0.93750000
v -1.00000000 -0.81250000 0.87500000
v -1.00000000 -0.81250000 0.93750000
v -1.00000000 -0.50000000 0.56250000
v -1.00000000 -0.50000000 0.68750000
v -1.00000000 -0.56250000 0.62500000
v -1.00000000 -0.50000000 0.93750000
v -1.00000000 -0.50000000 0.81250000
v -1.00000000 -0.56250000 0.93750000
v -1.00000000 -0.68750000 0.75000000
v -1.00000000 -0.56250000 0.75000000
v -1.00000000 -0.62500000 0.68750000
v -1.00000000 -0.68750000 0.81250000
v -1.00000000 -0.56250000 0.68750000
v -1.00000000 -0.68750000 0.93750000
v -1.00000000 -0.56250000 0.81250000
v -1.00000000 -0.62500000 0.93750000
v -1.00000000 -0.68750000 0.87500000
v -1.00000000 -0.56250000 0.87500000
v -1.00000000 -0.62500000 0.81250000
v -1.00000000 0.93750000 0.06250000
v -1.00000000 0.81250000 0.18750000
v -1.00000000 0.93750000 0.12500000
v -1.00000000 0.87500000 0.06250000
v -1.00000000 0.56250000 0.43750000
v -1.00000000 0.68750000 0.31250000
v -1.00000000 0.93750000 0.25000000
v -1.00000000 0.81250000 0.25000000
v -1.00000000 0.93750000 0.18750000
v -1.00000000 0.87500000 0.18750000
v -1.00000000 0.75000000 0.06250000
v -1.00000000 0.75000000 0.18750000
v -1.00000000 0.81250000 0.06250000
v -1.00000000 0.81250000 0.12500000
v -1.00000000 0.06250000 0.93750000
v -1.00000000 0.18750000 0.81250000
v -1.00000000 0.12500000 0.93750000
v -1.00000000 0.43750000 0.56250000
v -1.00000000 0.31250000 0.68750000
v -1.00000000 0.25000000 0.93750000
v -1.00000000 0.25000000 0.81250000
v -1.00000000 0.18750000 0.93750000
v -1.00000000 0.18750000 0.87500000
v -1.00000000 0.93750000 0.50000000
v -1.00000000 0.81250000 0.50000000
v -1.00000000 0.93750000 0.43750000
v -1.00000000 0.87500000 0.56250000
v -1.00000000 0.56250000 0.50000000
v -1.00000000 0.68750000 0.50000000
v -1.00000000 0.62500000 0.43750000
v -1.00000000 0.93750000 0.31250000
v -1.00000000 0.81250000 0.43750000
v -1.00000000 0.93750000 0.37500000
v -1.00000000 0.87500000 0.31250000
v -1.00000000 0.87500000 0.43750000
v -1.00000000 0.75000000 0.68750000
v -1.00000000 0.75000000 0.56250000
v -1.00000000 0.81250000 0.62500000
v -1.00000000 0.81250000 0.56250000
v -1.00000000 0.75000000 0.31250000
v -1.00000000 0.75000000 0.43750000
v -1.00000000 0.68750000 0.37500000
v -1.00000000 0.81250000 0.31250000
v -1.00000000 0.68750000 0.43750000
v -1.00000000 0.81250000 0.37500000
v -1.00000000 0.50000000 0.06250000
v -1.00000000 0.50000000 0.18750000
v -1.00000000 0.56250000 0.06250000
v -1.00000000 0.50000000 0.43750000
v -1.00000000 0.50000000 0.31250000
v -1.00000000 0.56250000 0.37500000
v -1.00000000 0.68750000 0.06250000
v -1.00000000 0.56250000 0.18750000
v -1.00000000 0.62500000 0.06250000
v -1.00000000 0.68750000 0.12500000
v -1.00000000 0.56250000 0.12500000
v -1.00000000 0.68750000 0.25000000
v -1.00000000 0.56250000 0.25000000
v -1.00000000 0.62500000 0.31250000
v -1.00000000 0.68750000 0.18750000
v -1.00000000 0.56250000 0.31250000
v -1.00000000 0.62500000 0.18750000
v -1.00000000 0.50000000 0.93750000
v -1.00000000 0.50000000 0.81250000
v -1.00000000 0.43750000 0.93750000
v -1.00000000 0.56250000 0.87500000
v -1.00000000 0.50000000 0.56250000
v -1.00000000 0.50000000 0.68750000
v -1.00000000 0.43750000 0.62500000
v -1.00000000 0.56250000 0.56250000
v -1.00000000 0.31250000 0.93750000
v -1.00000000 0.43750000 0.81250000
v -1.00000000 0.37500000 0.93750000
v -1.00000000 0.31250000 0.87500000
v -1.00000000 0.43750000 0.87500000
v -1.00000000 0.68750000 0.75000000
v -1.00000000 0.56250000 0.75000000
v -1.00000000 0.62500000 0.81250000
v -1.00000000 0.68750000 0.68750000
v -1.00000000 0.56250000 0.81250000
v -1.00000000 0.31250000 0.75000000
v -1.00000000 0.43750000 0.75000000
v -1.00000000 0.37500000 0.68750000
v -1.00000000 0.31250000 0.81250000
v -1.00000000 0.43750000 0.68750000
v -1.00000000 0.37500000 0.81250000
v -1.00000000 0.68750000 0.56250000
v -1.00000000 0.56250000 0.68750000
v -1.00000000 0.62500000 0.56250000
v -1.00000000 0.68750000 0.62500000
v -1.00000000 0.56250000 0.62500000
v -1.00000000 0.62500000 0.68750000
v -1.00000000 0.00000000 0.06250000
v -1.00000000 0.00000000 0.18750000
v -1.00000000 -0.06250000 0.12500000
v -1.00000000 0.06250000 0.06250000
v -1.00000000 0.00000000 0.43750000
v -1.00000000 0.00000000 0.31250000
v -1.00000000 -0.18750000 0.25000000
v -1.00000000 -0.06250000 0.25000000
v -1.00000000 -0.12500000 0.18750000
v -1.00000000 -0.06250000 0.18750000
v -1.00000000 0.18750000 0.06250000
v -1.00000000 0.06250000 0.18750000
v -1.00000000 0.12500000 0.06250000
v -1.00000000 0.06250000 0.12500000
v -1.00000000 0.00000000 0.93750000
v -1.00000000 0.00000000 0.81250000
v -1.00000000 -0.06250000 0.93750000
v -1.00000000 0.06250000 0.87500000
v -1.00000000 0.00000000 0.56250000
v -1.00000000 0.00000000 0.68750000
v -1.00000000 -0.18750000 0.93750000
v -1.00000000 -0.06250000 0.81250000
v -1.00000000 -0.12500000 0.93750000
v -1.00000000 -0.06250000 0.87500000
v -1.00000000 0.18750000 0.75000000
v -1.00000000 0.06250000 0.75000000
v -1.00000000 0.12500000 0.81250000
v -1.00000000 0.06250000 0.81250000
v -1.00000000 -0.43750000 0.50000000
v -1.00000000 -0.31250000 0.50000000
v -1.00000000 -0.37500000 0.43750000
v -1.00000000 -0.43750000 0.56250000
v -1.00000000 -0.06250000 0.50000000
v -1.00000000 -0.18750000 0.50000000
v -1.00000000 -0.06250000 0.43750000
v -1.00000000 -0.25000000 0.31250000
v -1.00000000 -0.25000000 0.43750000
v -1.00000000 -0.31250000 0.37500000
v -1.00000000 -0.18750000 0.31250000
v -1.00000000 -0.31250000 0.43750000
v -1.00000000 -0.43750000 0.68750000
v -1.00000000 -0.31250000 0.56250000
v -1.00000000 -0.43750000 0.62500000
v -1.00000000 -0.37500000 0.56250000
v -1.00000000 -0.06250000 0.31250000
v -1.00000000 -0.18750000 0.43750000
v -1.00000000 -0.06250000 0.37500000
v -1.00000000 -0.12500000 0.31250000
v -1.00000000 -0.12500000 0.43750000
v -1.00000000 -0.18750000 0.37500000
v -1.00000000 0.43750000 0.06250000
v -1.00000000 0.31250000 0.18750000
v -1.00000000 0.37500000 0.06250000
v -1.00000000 0.43750000 0.12500000
v -1.00000000 0.06250000 0.43750000
v -1.00000000 0.18750000 0.31250000
v -1.00000000 0.06250000 0.37500000
v -1.00000000 0.25000000 0.06250000
v -1.00000000 0.25000000 0.18750000
v -1.00000000 0.31250000 0.06250000
v -1.00000000 0.18750000 0.12500000
v -1.00000000 0.31250000 0.12500000
v -1.00000000 0.43750000 0.25000000
v -1.00000000 0.31250000 0.25000000
v -1.00000000 0.43750000 0.18750000
v -1.00000000 0.37500000 0.18750000
v -1.00000000 0.06250000 0.25000000
v -1.00000000 0.18750000 0.25000000
v -1.00000000 0.06250000 0.31250000
v -1.00000000 0.12500000 0.18750000
v -1.00000000 0.12500000 0.31250000
v -1.00000000 0.18750000 0.18750000
v -1.00000000 -0.43750000 0.93750000
v -1.00000000 -0.31250000 0.81250000
v -1.00000000 -0.37500000 0.93750000
v -1.00000000 -0.43750000 0.87500000
v -1.00000000 -0.06250000 0.56250000
v -1.00000000 -0.18750000 0.68750000
v -1.00000000 -0.06250000 0.62500000
v -1.00000000 -0.12500000 0.56250000
v -1.00000000 -0.25000000 0.93750000
v -1.00000000 -0.25000000 0.81250000
v -1.00000000 -0.31250000 0.93750000
v -1.00000000 -0.18750000 0.87500000
v -1.00000000 -0.31250000 0.87500000
v -1.00000000 -0.43750000 0.75000000
v -1.00000000 -0.31250000 0.75000000
v -1.00000000 -0.43750000 0.81250000
v -1.00000000 -0.37500000 0.68750000
v -1.00000000 -0.37500000 0.81250000
v -1.00000000 -0.06250000 0.75000000
v -1.00000000 -0.18750000 0.75000000
v -1.00000000 -0.06250000 0.68750000
v -1.00000000 -0.12500000 0.81250000
v -1.00000000 -0.12500000 0.68750000
v -1.00000000 -0.18750000 0.81250000
v -1.00000000 -0.25000000 0.56250000
v -1.00000000 -0.25000000 0.68750000
v -1.00000000 -0.18750000 0.56250000
v -1.00000000 -0.31250000 0.62500000
v -1.00000000 -0.18750000 0.62500000
v -1.00000000 -0.31250000 0.68750000
v -1.00000000 0.43750000 0.50000000
v -1.00000000 0.31250000 0.50000000
v -1.00000000 0.37500000 0.56250000
v -1.00000000 0.43750000 0.43750000
v -1.00000000 0.06250000 0.50000000
v -1.00000000 0.18750000 0.50000000
v -1.00000000 0.06250000 0.56250000
v -1.00000000 0.12500000 0.43750000
v -1.00000000 0.25000000 0.68750000
v -1.00000000 0.25000000 0.56250000
v -1.00000000 0.31250000 0.62500000
v -1.00000000 0.18750000 0.68750000
v -1.00000000 0.31250000 0.56250000
v -1.00000000 0.43750000 0.31250000
v -1.00000000 0.31250000 0.43750000
v -1.00000000 0.43750000 0.37500000
v -1.00000000 0.37500000 0.31250000
v -1.00000000 0.37500000 0.43750000
v -1.00000000 0.06250000 0.68750000
v -1.00000000 0.18750000 0.56250000
v -1.00000000 0.06250000 0.62500000
v -1.00000000 0.12500000 0.68750000
v -1.00000000 0.12500000 0.56250000
v -1.00000000 0.18750000 0.62500000
v -1.00000000 0.25000000 0.31250000
v -1.00000000 0.25000000 0.43750000
v -1.00000000 0.18750000 0.37500000
v -1.00000000 0.31250000 0.31250000
v -1.00000000 0.18750000 0.43750000
v -1.00000000 0.31250000 0.37500000
f 1 2339 3891
f 2339 595 3894
f 3891 3894 987
f 2339 3894 3891
f 595 2340 3903
f 2340 155 3901
f 3903 3901 990
f 2340 3901 3903
f 987 3904 3892
f 3904 990 3902
f 3892 3902 255
f 3904 3902 3892
f 595 3903 3894
f 3903 990 3904
f 3894 3904 987
f 3903 3904 3894
f 155 2342 3932
f 2342 596 3934
f 3932 3934 999
f 2342 3934 3932
f 596 2341 3928
f 2341 43 3926
f 3928 3926 997
f 2341 3926 3928
f 999 3936 3933
f 3936 997 3927
f 3933 3927 258
f 3936 3927 3933
f 596 3928 3934
f 3928 997 3936
f 3934 3936 999
f 3928 3936 3934
f 255 3937 3896
f 3937 1000 3939
f 3896 3939 988
f 3937 3939 3896
f 1000 3938 3941
f 3938 258 3930
f 3941 3930 998
f 3938 3930 3941
f 988 3931 3895
f 3931 998 3929
f 3895 3929 69
f 3931 3929 3895
f 1000 3941 3939
f 3941 998 3931
f 3939 3931 988
f 3941 3931 3939
f 155 3932 3901
f 3932 999 3935
f 3901 3935 990
f 3932 3935 3901
f 999 3933 3942
f 3933 258 3938
f 3942 3938 1000
f 3933 3938 3942
f 990 3940 3902
f 3940 1000 3937
f 3902 3937 255
f 3940 3937 3902
f 999 3942 3935
f 3942 1000 3940
f 3935 3940 990
f 3942 3940 3935
f 43 2345 4039
f 2345 598 4041
f 4039 4041 1028
f 2345 4041 4039
f 598 2346 4048
f 2346 156 4046
f 4048 4046 1030
f 2346 4046 4048
f 1028 4050 4040
f 4050 1030 4047
f 4040 4047 267
f 4050 4047 4040
f 598 4048 4041
f 4048 1030 4050
f 4041 4050 1028
f 4048 4050 4041
f 156 2344 4026
f 2344 597 4028
f 4026 4028 1024
f 2344 4028 4026
f 597 2343 4023
f 2343 14 4021
f 4023 4021 1022
f 2343 4021 4023
f 1024 4029 4027
f 4029 1022 4022
f 4027 4022 265
f 4029 4022 4027
f 597 4023 4028
f 4023 1022 4029
f 4028 4029 1024
f 4023 4029 4028
f 267 4056 4044
f 4056 1032 4059
f 4044 4059 1029
f 4056 4059 4044
f 1032 4055 4057
f 4055 265 4025
f 4057 4025 1023
f 4055 4025 4057
f 1029 4045 4043
f 4045 1023 4024
f 4043 4024 72
f 4045 4024 4043
f 1032 4057 4059
f 4057 1023 4045
f 4059 4045 1029
f 4057 4045 4059
f 156 4026 4046
f 4026 1024 4049
f 4046 4049 1030
f 4026 4049 4046
f 1024 4027 4058
f 4027 265 4055
f 4058 4055 1032
f 4027 4055 4058
f 1030 4060 4047
f 4060 1032 4056
f 4047 4056 267
f 4060 4056 4047
f 1024 4058 4049
f 4058 1032 4060
f 4049 4060 1030
f 4058 4060 4049
f 69 4061 3907
f 4061 1033 4063
f 3907 4063 992
f 4061 4063 3907
f 1033 4062 4073
f 4062 268 4070
f 4073 4070 1035
f 4062 4070 4073
f 992 4071 3908
f 4071 1035 4069
f 3908 4069 256
f 4071 4069 3908
f 1033 4073 4063
f 4073 1035 4071
f 4063 4071 992
f 4073 4071 4063
f 268 4066 4080
f 4066 1034 4083
f 4080 4083 1037
f 4066 4083 4080
f 1034 4065 4067
f 4065 72 4033
f 4067 4033 1026
f 4065 4033 4067
f 1037 4081 4079
f 4081 1026 4034
f 4079 4034 266
f 4081 4034 4079
f 1034 4067 4083
f 4067 1026 4081
f 4083 4081 1037
f 4067 4081 4083
f 256 4035 3906
f 4035 1027 4037
f 3906 4037 991
f 4035 4037 3906
f 1027 4036 4038
f 4036 266 4031
f 4038 4031 1025
f 4036 4031 4038
f 991 4032 3905
f 4032 1025 4030
f 3905 4030 21
f 4032 4030 3905
f 1027 4038 4037
f 4038 1025 4032
f 4037 4032 991
f 4038 4032 4037
f 268 4080 4070
f 4080 1037 4084
f 4070 4084 1035
f 4080 4084 4070
f 1037 4079 4082
f 4079 266 4036
f 4082 4036 1027
f 4079 4036 4082
f 1035 4072 4069
f 4072 1027 4035
f 4069 4035 256
f 4072 4035 4069
f 1037 4082 4084
f 4082 1027 4072
f 4084 4072 1035
f 4082 4072 4084
f 43 4039 3926
f 4039 1028 4042
f 3926 4042 997
f 4039 4042 3926
f 1028 4040 4054
f 4040 267 4052
f 4054 4052 1031
f 4040 4052 4054
f 997 4053 3927
f 4053 1031 4051
f 3927 4051 258
f 4053 4051 3927
f 1028 4054 4042
f 4054 1031 4053
f 4042 4053 997
f 4054 4053 4042
f 267 4044 4085
f 4044 1029 4087
f 4085 4087 1038
f 4044 4087 4085
f 1029 4043 4068
f 4043 72 4065
f 4068 4065 1034
f 4043 4065 4068
f 1038 4089 4086
f 4089 1034 4066
f 4086 4066 268
f 4089 4066 4086
f 1029 4068 4087
f 4068 1034 4089
f 4087 4089 1038
f 4068 4089 4087
f 258 4074 3930
f 4074 1036 4076
f 3930 4076 998
f 4074 4076 3930
f 1036 4075 4078
f 4075 268 4062
f 4078 4062 1033
f 4075 4062 4078
f 998 4064 3929
f 4064 1033 4061
f 3929 4061 69
f 4064 4061 3929
f 1036 4078 4076
f 4078 1033 4064
f 4076 4064 998
f 4078 4064 4076
f 267 4085 4052
f 4085 1038 4088
f 4052 4088 1031
f 4085 4088 4052
f 1038 4086 4090
f 4086 268 4075
f 4090 4075 1036
f 4086 4075 4090
f 1031 4077 4051
f 4077 1036 4074
f 4051 4074 258
f 4077 4074 4051
f 1038 4090 4088
f 4090 1036 4077
f 4088 4077 1031
f 4090 4077 4088
f 14 2351 4419
f 2351 601 4421
f 4419 4421 1119
f 2351 4421 4419
f 601 2352 4427
f 2352 158 4425
f 4427 4425 1121
f 2352 4425 4427
f 1119 4428 4420
f 4428 1121 4426
f 4420 4426 288
f 4428 4426 4420
f 601 4427 4421
f 4427 1121 4428
f 4421 4428 1119
f 4427 4428 4421
f 158 2354 4449
f 2354 602 4451
f 4449 4451 1128
f 2354 4451 4449
f 602 2353 4444
f 2353 44 4442
f 4444 4442 1126
f 2353 4442 4444
f 1128 4453 4450
f 4453 1126 4443
f 4450 4443 290
f 4453 4443 4450
f 602 4444 4451
f 4444 1126 4453
f 4451 4453 1128
f 4444 4453 4451
f 288 4458 4424
f 4458 1130 4460
f 4424 4460 1120
f 4458 4460 4424
f 1130 4459 4462
f 4459 290 4447
f 4462 4447 1127
f 4459 4447 4462
f 1120 4448 4423
f 4448 1127 4446
f 4423 4446 77
f 4448 4446 4423
f 1130 4462 4460
f 4462 1127 4448
f 4460 4448 1120
f 4462 4448 4460
f 158 4449 4425
f 4449 1128 4452
f 4425 4452 1121
f 4449 4452 4425
f 1128 4450 4463
f 4450 290 4459
f 4463 4459 1130
f 4450 4459 4463
f 1121 4461 4426
f 4461 1130 4458
f 4426 4458 288
f 4461 4458 4426
f 1128 4463 4452
f 4463 1130 4461
f 4452 4461 1121
f 4463 4461 4452
f 44 2349 4372
f 2349 600 4374
f 4372 4374 1106
f 2349 4374 4372
f 600 2350 4380
f 2350 157 4378
f 4380 4378 1108
f 2350 4378 4380
f 1106 4382 4373
f 4382 1108 4379
f 4373 4379 284
f 4382 4379 4373
f 600 4380 4374
f 4380 1108 4382
f 4374 4382 1106
f 4380 4382 4374
f 157 2348 4364
f 2348 599 4366
f 4364 4366 1103
f 2348 4366 4364
f 599 2347 4361
f 2347 5 4359
f 4361 4359 1101
f 2347 4359 4361
f 1103 4367 4365
f 4367 1101 4360
f 4365 4360 282
f 4367 4360 4365
f 599 4361 4366
f 4361 1101 4367
f 4366 4367 1103
f 4361 4367 4366
f 284 4384 4376
f 4384 1109 4387
f 4376 4387 1107
f 4384 4387 4376
f 1109 4383 4385
f 4383 282 4363
f 4385 4363 1102
f 4383 4363 4385
f 1107 4377 4375
f 4377 1102 4362
f 4375 4362 75
f 4377 4362 4375
f 1109 4385 4387
f 4385 1102 4377
f 4387 4377 1107
f 4385 4377 4387
f 157 4364 4378
f 4364 1103 4381
f 4378 4381 1108
f 4364 4381 4378
f 1103 4365 4386
f 4365 282 4383
f 4386 4383 1109
f 4365 4383 4386
f 1108 4388 4379
f 4388 1109 4384
f 4379 4384 284
f 4388 4384 4379
f 1103 4386 4381
f 4386 1109 4388
f 4381 4388 1108
f 4386 4388 4381
f 77 4485 4436
f 4485 1136 4487
f 4436 4487 1124
f 4485 4487 4436
f 1136 4486 4503
f 4486 292 4500
f 4503 4500 1139
f 4486 4500 4503
f 1124 4501 4437
f 4501 1139 4499
f 4437 4499 289
f 4501 4499 4437
f 1136 4503 4487
f 4503 1139 4501
f 4487 4501 1124
f 4503 4501 4487
f 292 4482 4490
f 4482 1135 4493
f 4490 4493 1137
f 4482 4493 4490
f 1135 4481 4483
f 4481 75 4370
f 4483 4370 1105
f 4481 4370 4483
f 1137 4491 4489
f 4491 1105 4371
f 4489 4371 283
f 4491 4371 4489
f 1135 4483 4493
f 4483 1105 4491
f 4493 4491 1137
f 4483 4491 4493
f 289 4439 4434
f 4439 1125 4441
f 4434 4441 1123
f 4439 4441 4434
f 1125 4438 4440
f 4438 283 4369
f 4440 4369 1104
f 4438 4369 4440
f 1123 4435 4433
f 4435 1104 4368
f 4433 4368 22
f 4435 4368 4433
f 1125 4440 4441
f 4440 1104 4435
f 4441 4435 1123
f 4440 4435 4441
f 292 4490 4500
f 4490 1137 4504
f 4500 4504 1139
f 4490 4504 4500
f 1137 4489 4492
f 4489 283 4438
f 4492 4438 1125
f 4489 4438 4492
f 1139 4502 4499
f 4502 1125 4439
f 4499 4439 289
f 4502 4439 4499
f 1137 4492 4504
f 4492 1125 4502
f 4504 4502 1139
f 4492 4502 4504
f 44 4372 4442
f 4372 1106 4445
f 4442 4445 1126
f 4372 4445 4442
f 1106 4373 4456
f 4373 284 4454
f 4456 4454 1129
f 4373 4454 4456
f 1126 4457 4443
f 4457 1129 4455
f 4443 4455 290
f 4457 4455 4443
f 1106 4456 4445
f 4456 1129 4457
f 4445 4457 1126
f 4456 4457 4445
f 284 4376 4494
f 4376 1107 4496
f 4494 4496 1138
f 4376 4496 4494
f 1107 4375 4484
f 4375 75 4481
f 4484 4481 1135
f 4375 4481 4484
f 1138 4498 4495
f 4498 1135 4482
f 4495 4482 292
f 4498 4482 4495
f 1107 4484 4496
f 4484 1135 4498
f 4496 4498 1138
f 4484 4498 4496
f 290 4505 4447
f 4505 1140 4507
f 4447 4507 1127
f 4505 4507 4447
f 1140 4506 4509
f 4506 292 4486
f 4509 4486 1136
f 4506 4486 4509
f 1127 4488 4446
f 4488 1136 4485
f 4446 4485 77
f 4488 4485 4446
f 1140 4509 4507
f 4509 1136 4488
f 4507 4488 1127
f 4509 4488 4507
f 284 4494 4454
f 4494 1138 4497
f 4454 4497 1129
f 4494 4497 4454
f 1138 4495 4510
f 4495 292 4506
f 4510 4506 1140
f 4495 4506 4510
f 1129 4508 4455
f 4508 1140 4505
f 4455 4505 290
f 4508 4505 4455
f 1138 4510 4497
f 4510 1140 4508
f 4497 4508 1129
f 4510 4508 4497
f 21 4511 3947
f 4511 1141 4513
f 3947 4513 1003
f 4511 4513 3947
f 1141 4512 4520
f 4512 293 4518
f 4520 4518 1143
f 4512 4518 4520
f 1003 4519 3948
f 4519 1143 4517
f 3948 4517 260
f 4519 4517 3948
f 1141 4520 4513
f 4520 1143 4519
f 4513 4519 1003
f 4520 4519 4513
f 293 4516 4555
f 4516 1142 4557
f 4555 4557 1153
f 4516 4557 4555
f 1142 4515 4545
f 4515 78 4543
f 4545 4543 1150
f 4515 4543 4545
f 1153 4559 4556
f 4559 1150 4544
f 4556 4544 295
f 4559 4544 4556
f 1142 4545 4557
f 4545 1150 4559
f 4557 4559 1153
f 4545 4559 4557
f 260 4546 3950
f 4546 1151 4548
f 3950 4548 1004
f 4546 4548 3950
f 1151 4547 4550
f 4547 295 4540
f 4550 4540 1149
f 4547 4540 4550
f 1004 4541 3949
f 4541 1149 4539
f 3949 4539 70
f 4541 4539 3949
f 1151 4550 4548
f 4550 1149 4541
f 4548 4541 1004
f 4550 4541 4548
f 293 4555 4518
f 4555 1153 4558
f 4518 4558 1143
f 4555 4558 4518
f 1153 4556 4560
f 4556 295 4547
f 4560 4547 1151
f 4556 4547 4560
f 1143 4549 4517
f 4549 1151 4546
f 4517 4546 260
f 4549 4546 4517
f 1153 4560 4558
f 4560 1151 4549
f 4558 4549 1143
f 4560 4549 4558
f 78 4529 4587
f 4529 1146 4589
f 4587 4589 1160
f 4529 4589 4587
f 1146 4530 4603
f 4530 294 4601
f 4603 4601 1163
f 4530 4601 4603
f 1160 4605 4588
f 4605 1163 4602
f 4588 4602 297
f 4605 4602 4588
f 1146 4603 4589
f 4603 1163 4605
f 4589 4605 1160
f 4603 4605 4589
f 294 4526 4532
f 4526 1145 4534
f 4532 4534 1147
f 4526 4534 4532
f 1145 4525 4527
f 4525 22 4398
f 4527 4398 1113
f 4525 4398 4527
f 1147 4533 4531
f 4533 1113 4399
f 4531 4399 286
f 4533 4399 4531
f 1145 4527 4534
f 4527 1113 4533
f 4534 4533 1147
f 4527 4533 4534
f 297 4592 4584
f 4592 1161 4595
f 4584 4595 1159
f 4592 4595 4584
f 1161 4591 4593
f 4591 286 4401
f 4593 4401 1114
f 4591 4401 4593
f 1159 4585 4583
f 4585 1114 4400
f 4583 4400 76
f 4585 4400 4583
f 1161 4593 4595
f 4593 1114 4585
f 4595 4585 1159
f 4593 4585 4595
f 294 4532 4601
f 4532 1147 4604
f 4601 4604 1163
f 4532 4604 4601
f 1147 4531 4594
f 4531 286 4591
f 4594 4591 1161
f 4531 4591 4594
f 1163 4606 4602
f 4606 1161 4592
f 4602 4592 297
f 4606 4592 4602
f 1147 4594 4604
f 4594 1161 4606
f 4604 4606 1163
f 4594 4606 4604
f 70 4402 3945
f 4402 1115 4404
f 3945 4404 1002
f 4402 4404 3945
f 1115 4403 4412
f 4403 287 4409
f 4412 4409 1117
f 4403 4409 4412
f 1002 4410 3946
f 4410 1117 4408
f 3946 4408 259
f 4410 4408 3946
f 1115 4412 4404
f 4412 1117 4410
f 4404 4410 1002
f 4412 4410 4404
f 287 4406 4414
f 4406 1116 4417
f 4414 4417 1118
f 4406 4417 4414
f 1116 4405 4407
f 4405 76 4392
f 4407 4392 1111
f 4405 4392 4407
f 1118 4415 4413
f 4415 1111 4393
f 4413 4393 285
f 4415 4393 4413
f 1116 4407 4417
f 4407 1111 4415
f 4417 4415 1118
f 4407 4415 4417
f 259 4394 3944
f 4394 1112 4396
f 3944 4396 1001
f 4394 4396 3944
f 1112 4395 4397
f 4395 285 4390
f 4397 4390 1110
f 4395 4390 4397
f 1001 4391 3943
f 4391 1110 4389
f 3943 4389 7
f 4391 4389 3943
f 1112 4397 4396
f 4397 1110 4391
f 4396 4391 1001
f 4397 4391 4396
f 287 4414 4409
f 4414 1118 4418
f 4409 4418 1117
f 4414 4418 4409
f 1118 4413 4416
f 4413 285 4395
f 4416 4395 1112
f 4413 4395 4416
f 1117 4411 4408
f 4411 1112 4394
f 4408 4394 259
f 4411 4394 4408
f 1118 4416 4418
f 4416 1112 4411
f 4418 4411 1117
f 4416 4411 4418
f 78 4587 4543
f 4587 1160 4590
f 4543 4590 1150
f 4587 4590 4543
f 1160 4588 4611
f 4588 297 4608
f 4611 4608 1164
f 4588 4608 4611
f 1150 4609 4544
f 4609 1164 4607
f 4544 4607 295
f 4609 4607 4544
f 1160 4611 4590
f 4611 1164 4609
f 4590 4609 1150
f 4611 4609 4590
f 297 4584 4597
f 4584 1159 4600
f 4597 4600 1162
f 4584 4600 4597
f 1159 4583 4586
f 4583 76 4405
f 4586 4405 1116
f 4583 4405 4586
f 1162 4598 4596
f 4598 1116 4406
f 4596 4406 287
f 4598 4406 4596
f 1159 4586 4600
f 4586 1116 4598
f 4600 4598 1162
f 4586 4598 4600
f 295 4552 4540
f 4552 1152 4554
f 4540 4554 1149
f 4552 4554 4540
f 1152 4551 4553
f 4551 287 4403
f 4553 4403 1115
f 4551 4403 4553
f 1149 4542 4539
f 4542 1115 4402
f 4539 4402 70
f 4542 4402 4539
f 1152 4553 4554
f 4553 1115 4542
f 4554 4542 1149
f 4553 4542 4554
f 297 4597 4608
f 4597 1162 4612
f 4608 4612 1164
f 4597 4612 4608
f 1162 4596 4599
f 4596 287 4551
f 4599 4551 1152
f 4596 4551 4599
f 1164 4610 4607
f 4610 1152 4552
f 4607 4552 295
f 4610 4552 4607
f 1162 4599 4612
f 4599 1152 4610
f 4612 4610 1164
f 4599 4610 4612
f 14 4419 4021
f 4419 1119 4422
f 4021 4422 1022
f 4419 4422 4021
f 1119 4420 4432
f 4420 288 4430
f 4432 4430 1122
f 4420 4430 4432
f 1022 4431 4022
f 4431 1122 4429
f 4022 4429 265
f 4431 4429 4022
f 1119 4432 4422
f 4432 1122 4431
f 4422 4431 1022
f 4432 4431 4422
f 288 4424 4475
f 4424 1120 4477
f 4475 4477 1134
f 4424 4477 4475
f 1120 4423 4469
f 4423 77 4467
f 4469 4467 1132
f 4423 4467 4469
f 1134 4479 4476
f 4479 1132 4468
f 4476 4468 291
f 4479 4468 4476
f 1120 4469 4477
f 4469 1132 4479
f 4477 4479 1134
f 4469 4479 4477
f 265 4470 4025
f 4470 1133 4472
f 4025 4472 1023
f 4470 4472 4025
f 1133 4471 4474
f 4471 291 4465
f 4474 4465 1131
f 4471 4465 4474
f 1023 4466 4024
f 4466 1131 4464
f 4024 4464 72
f 4466 4464 4024
f 1133 4474 4472
f 4474 1131 4466
f 4472 4466 1023
f 4474 4466 4472
f 288 4475 4430
f 4475 1134 4478
f 4430 4478 1122
f 4475 4478 4430
f 1134 4476 4480
f 4476 291 4471
f 4480 4471 1133
f 4476 4471 4480
f 1122 4473 4429
f 4473 1133 4470
f 4429 4470 265
f 4473 4470 4429
f 1134 4480 4478
f 4480 1133 4473
f 4478 4473 1122
f 4480 4473 4478
f 77 4436 4613
f 4436 1124 4615
f 4613 4615 1165
f 4436 4615 4613
f 1124 4437 4623
f 4437 289 4621
f 4623 4621 1167
f 4437 4621 4623
f 1165 4625 4614
f 4625 1167 4622
f 4614 4622 298
f 4625 4622 4614
f 1124 4623 4615
f 4623 1167 4625
f 4615 4625 1165
f 4623 4625 4615
f 289 4434 4535
f 4434 1123 4537
f 4535 4537 1148
f 4434 4537 4535
f 1123 4433 4528
f 4433 22 4525
f 4528 4525 1145
f 4433 4525 4528
f 1148 4538 4536
f 4538 1145 4526
f 4536 4526 294
f 4538 4526 4536
f 1123 4528 4537
f 4528 1145 4538
f 4537 4538 1148
f 4528 4538 4537
f 298 4632 4618
f 4632 1169 4635
f 4618 4635 1166
f 4632 4635 4618
f 1169 4631 4633
f 4631 294 4530
f 4633 4530 1146
f 4631 4530 4633
f 1166 4619 4617
f 4619 1146 4529
f 4617 4529 78
f 4619 4529 4617
f 1169 4633 4635
f 4633 1146 4619
f 4635 4619 1166
f 4633 4619 4635
f 289 4535 4621
f 4535 1148 4624
f 4621 4624 1167
f 4535 4624 4621
f 1148 4536 4634
f 4536 294 4631
f 4634 4631 1169
f 4536 4631 4634
f 1167 4636 4622
f 4636 1169 4632
f 4622 4632 298
f 4636 4632 4622
f 1148 4634 4624
f 4634 1169 4636
f 4624 4636 1167
f 4634 4636 4624
f 72 4561 4033
f 4561 1154 4563
f 4033 4563 1026
f 4561 4563 4033
f 1154 4562 4572
f 4562 296 4569
f 4572 4569 1156
f 4562 4569 4572
f 1026 4570 4034
f 4570 1156 4568
f 4034 4568 266
f 4570 4568 4034
f 1154 4572 4563
f 4572 1156 4570
f 4563 4570 1026
f 4572 4570 4563
f 296 4566 4578
f 4566 1155 4581
f 4578 4581 1158
f 4566 4581 4578
f 1155 4565 4567
f 4565 78 4515
f 4567 4515 1142
f 4565 4515 4567
f 1158 4579 4577
f 4579 1142 4516
f 4577 4516 293
f 4579 4516 4577
f 1155 4567 4581
f 4567 1142 4579
f 4581 4579 1158
f 4567 4579 4581
f 266 4521 4031
f 4521 1144 4523
f 4031 4523 1025
f 4521 4523 4031
f 1144 4522 4524
f 4522 293 4512
f 4524 4512 1141
f 4522 4512 4524
f 1025 4514 4030
f 4514 1141 4511
f 4030 4511 21
f 4514 4511 4030
f 1144 4524 4523
f 4524 1141 4514
f 4523 4514 1025
f 4524 4514 4523
f 296 4578 4569
f 4578 1158 4582
f 4569 4582 1156
f 4578 4582 4569
f 1158 4577 4580
f 4577 293 4522
f 4580 4522 1144
f 4577 4522 4580
f 1156 4571 4568
f 4571 1144 4521
f 4568 4521 266
f 4571 4521 4568
f 1158 4580 4582
f 4580 1144 4571
f 4582 4571 1156
f 4580 4571 4582
f 77 4613 4467
f 4613 1165 4616
f 4467 4616 1132
f 4613 4616 4467
f 1165 4614 4630
f 4614 298 4627
f 4630 4627 1168
f 4614 4627 4630
f 1132 4628 4468
f 4628 1168 4626
f 4468 4626 291
f 4628 4626 4468
f 1165 4630 4616
f 4630 1168 4628
f 4616 4628 1132
f 4630 4628 4616
f 298 4618 4638
f 4618 1166 4641
f 4638 4641 1170
f 4618 4641 4638
f 1166 4617 4620
f 4617 78 4565
f 4620 4565 1155
f 4617 4565 4620
f 1170 4639 4637
f 4639 1155 4566
f 4637 4566 296
f 4639 4566 4637
f 1166 4620 4641
f 4620 1155 4639
f 4641 4639 1170
f 4620 4639 4641
f 291 4573 4465
f 4573 1157 4575
f 4465 4575 1131
f 4573 4575 4465
f 1157 4574 4576
f 4574 296 4562
f 4576 4562 1154
f 4574 4562 4576
f 1131 4564 4464
f 4564 1154 4561
f 4464 4561 72
f 4564 4561 4464
f 1157 4576 4575
f 4576 1154 4564
f 4575 4564 1131
f 4576 4564 4575
f 298 4638 4627
f 4638 1170 4642
f 4627 4642 1168
f 4638 4642 4627
f 1170 4637 4640
f 4637 296 4574
f 4640 4574 1157
f 4637 4574 4640
f 1168 4629 4626
f 4629 1157 4573
f 4626 4573 291
f 4629 4573 4626
f 1170 4640 4642
f 4640 1157 4629
f 4642 4629 1168
f 4640 4629 4642
f 4 2085 3607
f 2085 534 3609
f 3607 3609 917
f 2085 3609 3607
f 534 2086 3614
f 2086 141 3612
f 3614 3612 919
f 2086 3612 3614
f 917 3615 3608
f 3615 919 3613
f 3608 3613 238
f 3615 3613 3608
f 534 3614 3609
f 3614 919 3615
f 3609 3615 917
f 3614 3615 3609
f 141 2089 3626
f 2089 535 3628
f 3626 3628 924
f 2089 3628 3626
f 535 2088 3622
f 2088 40 3620
f 3622 3620 922
f 2088 3620 3622
f 924 3630 3627
f 3630 922 3621
f 3627 3621 240
f 3630 3621 3627
f 535 3622 3628
f 3622 922 3630
f 3628 3630 924
f 3622 3630 3628
f 238 3631 3611
f 3631 925 3633
f 3611 3633 918
f 3631 3633 3611
f 925 3632 3635
f 3632 240 3624
f 3635 3624 923
f 3632 3624 3635
f 918 3625 3610
f 3625 923 3623
f 3610 3623 65
f 3625 3623 3610
f 925 3635 3633
f 3635 923 3625
f 3633 3625 918
f 3635 3625 3633
f 141 3626 3612
f 3626 924 3629
f 3612 3629 919
f 3626 3629 3612
f 924 3627 3636
f 3627 240 3632
f 3636 3632 925
f 3627 3632 3636
f 919 3634 3613
f 3634 925 3631
f 3613 3631 238
f 3634 3631 3613
f 924 3636 3629
f 3636 925 3634
f 3629 3634 919
f 3636 3634 3629
f 40 2096 3690
f 2096 538 3692
f 3690 3692 942
f 2096 3692 3690
f 538 2097 3699
f 2097 142 3697
f 3699 3697 944
f 2097 3697 3699
f 942 3701 3691
f 3701 944 3698
f 3691 3698 246
f 3701 3698 3691
f 538 3699 3692
f 3699 944 3701
f 3692 3701 942
f 3699 3701 3692
f 142 2095 3673
f 2095 537 3675
f 3673 3675 937
f 2095 3675 3673
f 537 2094 3669
f 2094 13 3667
f 3669 3667 935
f 2094 3667 3669
f 937 3676 3674
f 3676 935 3668
f 3674 3668 244
f 3676 3668 3674
f 537 3669 3675
f 3669 935 3676
f 3675 3676 937
f 3669 3676 3675
f 246 3707 3695
f 3707 946 3710
f 3695 3710 943
f 3707 3710 3695
f 946 3706 3708
f 3706 244 3672
f 3708 3672 936
f 3706 3672 3708
f 943 3696 3694
f 3696 936 3671
f 3694 3671 67
f 3696 3671 3694
f 946 3708 3710
f 3708 936 3696
f 3710 3696 943
f 3708 3696 3710
f 142 3673 3697
f 3673 937 3700
f 3697 3700 944
f 3673 3700 3697
f 937 3674 3709
f 3674 244 3706
f 3709 3706 946
f 3674 3706 3709
f 944 3711 3698
f 3711 946 3707
f 3698 3707 246
f 3711 3707 3698
f 937 3709 3700
f 3709 946 3711
f 3700 3711 944
f 3709 3711 3700
f 65 3729 3618
f 3729 951 3731
f 3618 3731 921
f 3729 3731 3618
f 951 3730 3741
f 3730 248 3738
f 3741 3738 953
f 3730 3738 3741
f 921 3739 3619
f 3739 953 3737
f 3619 3737 239
f 3739 3737 3619
f 951 3741 3731
f 3741 953 3739
f 3731 3739 921
f 3741 3739 3731
f 248 3734 3748
f 3734 952 3751
f 3748 3751 955
f 3734 3751 3748
f 952 3733 3735
f 3733 67 3684
f 3735 3684 940
f 3733 3684 3735
f 955 3749 3747
f 3749 940 3685
f 3747 3685 245
f 3749 3685 3747
f 952 3735 3751
f 3735 940 3749
f 3751 3749 955
f 3735 3749 3751
f 239 3686 3617
f 3686 941 3688
f 3617 3688 920
f 3686 3688 3617
f 941 3687 3689
f 3687 245 3682
f 3689 3682 939
f 3687 3682 3689
f 920 3683 3616
f 3683 939 3681
f 3616 3681 20
f 3683 3681 3616
f 941 3689 3688
f 3689 939 3683
f 3688 3683 920
f 3689 3683 3688
f 248 3748 3738
f 3748 955 3752
f 3738 3752 953
f 3748 3752 3738
f 955 3747 3750
f 3747 245 3687
f 3750 3687 941
f 3747 3687 3750
f 953 3740 3737
f 3740 941 3686
f 3737 3686 239
f 3740 3686 3737
f 955 3750 3752
f 3750 941 3740
f 3752 3740 953
f 3750 3740 3752
f 40 3690 3620
f 3690 942 3693
f 3620 3693 922
f 3690 3693 3620
f 942 3691 3705
f 3691 246 3703
f 3705 3703 945
f 3691 3703 3705
f 922 3704 3621
f 3704 945 3702
f 3621 3702 240
f 3704 3702 3621
f 942 3705 3693
f 3705 945 3704
f 3693 3704 922
f 3705 3704 3693
f 246 3695 3753
f 3695 943 3755
f 3753 3755 956
f 3695 3755 3753
f 943 3694 3736
f 3694 67 3733
f 3736 3733 952
f 3694 3733 3736
f 956 3757 3754
f 3757 952 3734
f 3754 3734 248
f 3757 3734 3754
f 943 3736 3755
f 3736 952 3757
f 3755 3757 956
f 3736 3757 3755
f 240 3742 3624
f 3742 954 3744
f 3624 3744 923
f 3742 3744 3624
f 954 3743 3746
f 3743 248 3730
f 3746 3730 951
f 3743 3730 3746
f 923 3732 3623
f 3732 951 3729
f 3623 3729 65
f 3732 3729 3623
f 954 3746 3744
f 3746 951 3732
f 3744 3732 923
f 3746 3732 3744
f 246 3753 3703
f 3753 956 3756
f 3703 3756 945
f 3753 3756 3703
f 956 3754 3758
f 3754 248 3743
f 3758 3743 954
f 3754 3743 3758
f 945 3745 3702
f 3745 954 3742
f 3702 3742 240
f 3745 3742 3702
f 956 3758 3756
f 3758 954 3745
f 3756 3745 945
f 3758 3745 3756
f 13 2064 3537
f 2064 528 3539
f 3537 3539 900
f 2064 3539 3537
f 528 2065 3544
f 2065 139 3542
f 3544 3542 902
f 2065 3542 3544
f 900 3545 3538
f 3545 902 3543
f 3538 3543 234
f 3545 3543 3538
f 528 3544 3539
f 3544 902 3545
f 3539 3545 900
f 3544 3545 3539
f 139 2067 3562
f 2067 529 3564
f 3562 3564 908
f 2067 3564 3562
f 529 2066 3557
f 2066 39 3555
f 3557 3555 906
f 2066 3555 3557
f 908 3566 3563
f 3566 906 3556
f 3563 3556 236
f 3566 3556 3563
f 529 3557 3564
f 3557 906 3566
f 3564 3566 908
f 3557 3566 3564
f 234 3571 3541
f 3571 910 3573
f 3541 3573 901
f 3571 3573 3541
f 910 3572 3575
f 3572 236 3560
f 3575 3560 907
f 3572 3560 3575
f 901 3561 3540
f 3561 907 3559
f 3540 3559 64
f 3561 3559 3540
f 910 3575 3573
f 3575 907 3561
f 3573 3561 901
f 3575 3561 3573
f 139 3562 3542
f 3562 908 3565
f 3542 3565 902
f 3562 3565 3542
f 908 3563 3576
f 3563 236 3572
f 3576 3572 910
f 3563 3572 3576
f 902 3574 3543
f 3574 910 3571
f 3543 3571 234
f 3574 3571 3543
f 908 3576 3565
f 3576 910 3574
f 3565 3574 902
f 3576 3574 3565
f 39 2058 3512
f 2058 526 3514
f 3512 3514 892
f 2058 3514 3512
f 526 2059 3520
f 2059 138 3518
f 3520 3518 894
f 2059 3518 3520
f 892 3522 3513
f 3522 894 3519
f 3513 3519 231
f 3522 3519 3513
f 526 3520 3514
f 3520 894 3522
f 3514 3522 892
f 3520 3522 3514
f 138 2056 3504
f 2056 525 3506
f 3504 3506 889
f 2056 3506 3504
f 525 2055 3501
f 2055 3 3499
f 3501 3499 887
f 2055 3499 3501
f 889 3507 3505
f 3507 887 3500
f 3505 3500 229
f 3507 3500 3505
f 525 3501 3506
f 3501 887 3507
f 3506 3507 889
f 3501 3507 3506
f 231 3524 3516
f 3524 895 3527
f 3516 3527 893
f 3524 3527 3516
f 895 3523 3525
f 3523 229 3503
f 3525 3503 888
f 3523 3503 3525
f 893 3517 3515
f 3517 888 3502
f 3515 3502 62
f 3517 3502 3515
f 895 3525 3527
f 3525 888 3517
f 3527 3517 893
f 3525 3517 3527
f 138 3504 3518
f 3504 889 3521
f 3518 3521 894
f 3504 3521 3518
f 889 3505 3526
f 3505 229 3523
f 3526 3523 895
f 3505 3523 3526
f 894 3528 3519
f 3528 895 3524
f 3519 3524 231
f 3528 3524 3519
f 889 3526 3521
f 3526 895 3528
f 3521 3528 894
f 3526 3528 3521
f 64 3581 3549
f 3581 912 3583
f 3549 3583 904
f 3581 3583 3549
f 912 3582 3599
f 3582 237 3596
f 3599 3596 915
f 3582 3596 3599
f 904 3597 3550
f 3597 915 3595
f 3550 3595 235
f 3597 3595 3550
f 912 3599 3583
f 3599 915 3597
f 3583 3597 904
f 3599 3597 3583
f 237 3578 3586
f 3578 911 3589
f 3586 3589 913
f 3578 3589 3586
f 911 3577 3579
f 3577 62 3510
f 3579 3510 891
f 3577 3510 3579
f 913 3587 3585
f 3587 891 3511
f 3585 3511 230
f 3587 3511 3585
f 911 3579 3589
f 3579 891 3587
f 3589 3587 913
f 3579 3587 3589
f 235 3552 3547
f 3552 905 3554
f 3547 3554 903
f 3552 3554 3547
f 905 3551 3553
f 3551 230 3509
f 3553 3509 890
f 3551 3509 3553
f 903 3548 3546
f 3548 890 3508
f 3546 3508 19
f 3548 3508 3546
f 905 3553 3554
f 3553 890 3548
f 3554 3548 903
f 3553 3548 3554
f 237 3586 3596
f 3586 913 3600
f 3596 3600 915
f 3586 3600 3596
f 913 3585 3588
f 3585 230 3551
f 3588 3551 905
f 3585 3551 3588
f 915 3598 3595
f 3598 905 3552
f 3595 3552 235
f 3598 3552 3595
f 913 3588 3600
f 3588 905 3598
f 3600 3598 915
f 3588 3598 3600
f 39 3512 3555
f 3512 892 3558
f 3555 3558 906
f 3512 3558 3555
f 892 3513 3569
f 3513 231 3567
f 3569 3567 909
f 3513 3567 3569
f 906 3570 3556
f 3570 909 3568
f 3556 3568 236
f 3570 3568 3556
f 892 3569 3558
f 3569 909 3570
f 3558 3570 906
f 3569 3570 3558
f 231 3516 3590
f 3516 893 3592
f 3590 3592 914
f 3516 3592 3590
f 893 3515 3580
f 3515 62 3577
f 3580 3577 911
f 3515 3577 3580
f 914 3594 3591
f 3594 911 3578
f 3591 3578 237
f 3594 3578 3591
f 893 3580 3592
f 3580 911 3594
f 3592 3594 914
f 3580 3594 3592
f 236 3601 3560
f 3601 916 3603
f 3560 3603 907
f 3601 3603 3560
f 916 3602 3605
f 3602 237 3582
f 3605 3582 912
f 3602 3582 3605
f 907 3584 3559
f 3584 912 3581
f 3559 3581 64
f 3584 3581 3559
f 916 3605 3603
f 3605 912 3584
f 3603 3584 907
f 3605 3584 3603
f 231 3590 3567
f 3590 914 3593
f 3567 3593 909
f 3590 3593 3567
f 914 3591 3606
f 3591 237 3602
f 3606 3602 916
f 3591 3602 3606
f 909 3604 3568
f 3604 916 3601
f 3568 3601 236
f 3604 3601 3568
f 914 3606 3593
f 3606 916 3604
f 3593 3604 909
f 3606 3604 3593
f 20 3773 3646
f 3773 961 3775
f 3646 3775 929
f 3773 3775 3646
f 961 3774 3782
f 3774 250 3780
f 3782 3780 963
f 3774 3780 3782
f 929 3781 3647
f 3781 963 3779
f 3647 3779 242
f 3781 3779 3647
f 961 3782 3775
f 3782 963 3781
f 3775 3781 929
f 3782 3781 3775
f 250 3778 3849
f 3778 962 3851
f 3849 3851 979
f 3778 3851 3849
f 962 3777 3837
f 3777 68 3835
f 3837 3835 976
f 3777 3835 3837
f 979 3853 3850
f 3853 976 3836
f 3850 3836 253
f 3853 3836 3850
f 962 3837 3851
f 3837 976 3853
f 3851 3853 979
f 3837 3853 3851
f 242 3839 3649
f 3839 977 3841
f 3649 3841 930
f 3839 3841 3649
f 977 3840 3843
f 3840 253 3832
f 3843 3832 975
f 3840 3832 3843
f 930 3833 3648
f 3833 975 3831
f 3648 3831 66
f 3833 3831 3648
f 977 3843 3841
f 3843 975 3833
f 3841 3833 930
f 3843 3833 3841
f 250 3849 3780
f 3849 979 3852
f 3780 3852 963
f 3849 3852 3780
f 979 3850 3854
f 3850 253 3840
f 3854 3840 977
f 3850 3840 3854
f 963 3842 3779
f 3842 977 3839
f 3779 3839 242
f 3842 3839 3779
f 979 3854 3852
f 3854 977 3842
f 3852 3842 963
f 3854 3842 3852
f 68 3763 3791
f 3763 958 3793
f 3791 3793 966
f 3763 3793 3791
f 958 3764 3805
f 3764 249 3803
f 3805 3803 969
f 3764 3803 3805
f 966 3807 3792
f 3807 969 3804
f 3792 3804 251
f 3807 3804 3792
f 958 3805 3793
f 3805 969 3807
f 3793 3807 966
f 3805 3807 3793
f 249 3760 3766
f 3760 957 3768
f 3766 3768 959
f 3760 3768 3766
f 957 3759 3761
f 3759 19 3533
f 3761 3533 898
f 3759 3533 3761
f 959 3767 3765
f 3767 898 3534
f 3765 3534 233
f 3767 3534 3765
f 957 3761 3768
f 3761 898 3767
f 3768 3767 959
f 3761 3767 3768
f 251 3795 3788
f 3795 967 3798
f 3788 3798 965
f 3795 3798 3788
f 967 3794 3796
f 3794 233 3536
f 3796 3536 899
f 3794 3536 3796
f 965 3789 3787
f 3789 899 3535
f 3787 3535 63
f 3789 3535 3787
f 967 3796 3798
f 3796 899 3789
f 3798 3789 965
f 3796 3789 3798
f 249 3766 3803
f 3766 959 3806
f 3803 3806 969
f 3766 3806 3803
f 959 3765 3797
f 3765 233 3794
f 3797 3794 967
f 3765 3794 3797
f 969 3808 3804
f 3808 967 3795
f 3804 3795 251
f 3808 3795 3804
f 959 3797 3806
f 3797 967 3808
f 3806 3808 969
f 3797 3808 3806
f 66 3653 3640
f 3653 932 3655
f 3640 3655 927
f 3653 3655 3640
f 932 3654 3665
f 3654 243 3662
f 3665 3662 934
f 3654 3662 3665
f 927 3663 3641
f 3663 934 3661
f 3641 3661 241
f 3663 3661 3641
f 932 3665 3655
f 3665 934 3663
f 3655 3663 927
f 3665 3663 3655
f 243 3651 3657
f 3651 931 3660
f 3657 3660 933
f 3651 3660 3657
f 931 3650 3652
f 3650 63 3531
f 3652 3531 897
f 3650 3531 3652
f 933 3658 3656
f 3658 897 3532
f 3656 3532 232
f 3658 3532 3656
f 931 3652 3660
f 3652 897 3658
f 3660 3658 933
f 3652 3658 3660
f 241 3643 3638
f 3643 928 3645
f 3638 3645 926
f 3643 3645 3638
f 928 3642 3644
f 3642 232 3530
f 3644 3530 896
f 3642 3530 3644
f 926 3639 3637
f 3639 896 3529
f 3637 3529 7
f 3639 3529 3637
f 928 3644 3645
f 3644 896 3639
f 3645 3639 926
f 3644 3639 3645
f 243 3657 3662
f 3657 933 3666
f 3662 3666 934
f 3657 3666 3662
f 933 3656 3659
f 3656 232 3642
f 3659 3642 928
f 3656 3642 3659
f 934 3664 3661
f 3664 928 3643
f 3661 3643 241
f 3664 3643 3661
f 933 3659 3666
f 3659 928 3664
f 3666 3664 934
f 3659 3664 3666
f 68 3791 3835
f 3791 966 3838
f 3835 3838 976
f 3791 3838 3835
f 966 3792 3857
f 3792 251 3855
f 3857 3855 980
f 3792 3855 3857
f 976 3859 3836
f 3859 980 3856
f 3836 3856 253
f 3859 3856 3836
f 966 3857 3838
f 3857 980 3859
f 3838 3859 976
f 3857 3859 3838
f 251 3788 3800
f 3788 965 3802
f 3800 3802 968
f 3788 3802 3800
f 965 3787 3790
f 3787 63 3650
f 3790 3650 931
f 3787 3650 3790
f 968 3801 3799
f 3801 931 3651
f 3799 3651 243
f 3801 3651 3799
f 965 3790 3802
f 3790 931 3801
f 3802 3801 968
f 3790 3801 3802
f 253 3845 3832
f 3845 978 3848
f 3832 3848 975
f 3845 3848 3832
f 978 3844 3846
f 3844 243 3654
f 3846 3654 932
f 3844 3654 3846
f 975 3834 3831
f 3834 932 3653
f 3831 3653 66
f 3834 3653 3831
f 978 3846 3848
f 3846 932 3834
f 3848 3834 975
f 3846 3834 3848
f 251 3800 3855
f 3800 968 3858
f 3855 3858 980
f 3800 3858 3855
f 968 3799 3847
f 3799 243 3844
f 3847 3844 978
f 3799 3844 3847
f 980 3860 3856
f 3860 978 3845
f 3856 3845 253
f 3860 3845 3856
f 968 3847 3858
f 3847 978 3860
f 3858 3860 980
f 3847 3860 3858
f 13 3537 3667
f 3537 900 3670
f 3667 3670 935
f 3537 3670 3667
f 900 3538 3679
f 3538 234 3677
f 3679 3677 938
f 3538 3677 3679
f 935 3680 3668
f 3680 938 3678
f 3668 3678 244
f 3680 3678 3668
f 900 3679 3670
f 3679 938 3680
f 3670 3680 935
f 3679 3680 3670
f 234 3541 3718
f 3541 901 3720
f 3718 3720 949
f 3541 3720 3718
f 901 3540 3714
f 3540 64 3712
f 3714 3712 947
f 3540 3712 3714
f 949 3722 3719
f 3722 947 3713
f 3719 3713 247
f 3722 3713 3719
f 901 3714 3720
f 3714 947 3722
f 3720 3722 949
f 3714 3722 3720
f 244 3723 3672
f 3723 950 3725
f 3672 3725 936
f 3723 3725 3672
f 950 3724 3727
f 3724 247 3716
f 3727 3716 948
f 3724 3716 3727
f 936 3717 3671
f 3717 948 3715
f 3671 3715 67
f 3717 3715 3671
f 950 3727 3725
f 3727 948 3717
f 3725 3717 936
f 3727 3717 3725
f 234 3718 3677
f 3718 949 3721
f 3677 3721 938
f 3718 3721 3677
f 949 3719 3728
f 3719 247 3724
f 3728 3724 950
f 3719 3724 3728
f 938 3726 3678
f 3726 950 3723
f 3678 3723 244
f 3726 3723 3678
f 949 3728 3721
f 3728 950 3726
f 3721 3726 938
f 3728 3726 3721
f 64 3549 3809
f 3549 904 3811
f 3809 3811 970
f 3549 3811 3809
f 904 3550 3818
f 3550 235 3816
f 3818 3816 972
f 3550 3816 3818
f 970 3820 3810
f 3820 972 3817
f 3810 3817 252
f 3820 3817 3810
f 904 3818 3811
f 3818 972 3820
f 3811 3820 970
f 3818 3820 3811
f 235 3547 3769
f 3547 903 3771
f 3769 3771 960
f 3547 3771 3769
f 903 3546 3762
f 3546 19 3759
f 3762 3759 957
f 3546 3759 3762
f 960 3772 3770
f 3772 957 3760
f 3770 3760 249
f 3772 3760 3770
f 903 3762 3771
f 3762 957 3772
f 3771 3772 960
f 3762 3772 3771
f 252 3826 3814
f 3826 974 3829
f 3814 3829 971
f 3826 3829 3814
f 974 3825 3827
f 3825 249 3764
f 3827 3764 958
f 3825 3764 3827
f 971 3815 3813
f 3815 958 3763
f 3813 3763 68
f 3815 3763 3813
f 974 3827 3829
f 3827 958 3815
f 3829 3815 971
f 3827 3815 3829
f 235 3769 3816
f 3769 960 3819
f 3816 3819 972
f 3769 3819 3816
f 960 3770 3828
f 3770 249 3825
f 3828 3825 974
f 3770 3825 3828
f 972 3830 3817
f 3830 974 3826
f 3817 3826 252
f 3830 3826 3817
f 960 3828 3819
f 3828 974 3830
f 3819 3830 972
f 3828 3830 3819
f 67 3861 3684
f 3861 981 3863
f 3684 3863 940
f 3861 3863 3684
f 981 3862 3873
f 3862 254 3870
f 3873 3870 983
f 3862 3870 3873
f 940 3871 3685
f 3871 983 3869
f 3685 3869 245
f 3871 3869 3685
f 981 3873 3863
f 3873 983 3871
f 3863 3871 940
f 3873 3871 3863
f 254 3866 3880
f 3866 982 3883
f 3880 3883 985
f 3866 3883 3880
f 982 3865 3867
f 3865 68 3777
f 3867 3777 962
f 3865 3777 3867
f 985 3881 3879
f 3881 962 3778
f 3879 3778 250
f 3881 3778 3879
f 982 3867 3883
f 3867 962 3881
f 3883 3881 985
f 3867 3881 3883
f 245 3783 3682
f 3783 964 3785
f 3682 3785 939
f 3783 3785 3682
f 964 3784 3786
f 3784 250 3774
f 3786 3774 961
f 3784 3774 3786
f 939 3776 3681
f 3776 961 3773
f 3681 3773 20
f 3776 3773 3681
f 964 3786 3785
f 3786 961 3776
f 3785 3776 939
f 3786 3776 3785
f 254 3880 3870
f 3880 985 3884
f 3870 3884 983
f 3880 3884 3870
f 985 3879 3882
f 3879 250 3784
f 3882 3784 964
f 3879 3784 3882
f 983 3872 3869
f 3872 964 3783
f 3869 3783 245
f 3872 3783 3869
f 985 3882 3884
f 3882 964 3872
f 3884 3872 983
f 3882 3872 3884
f 64 3809 3712
f 3809 970 3812
f 3712 3812 947
f 3809 3812 3712
f 970 3810 3824
f 3810 252 3822
f 3824 3822 973
f 3810 3822 3824
f 947 3823 3713
f 3823 973 3821
f 3713 3821 247
f 3823 3821 3713
f 970 3824 3812
f 3824 973 3823
f 3812 3823 947
f 3824 3823 3812
f 252 3814 3885
f 3814 971 3887
f 3885 3887 986
f 3814 3887 3885
f 971 3813 3868
f 3813 68 3865
f 3868 3865 982
f 3813 3865 3868
f 986 3889 3886
f 3889 982 3866
f 3886 3866 254
f 3889 3866 3886
f 971 3868 3887
f 3868 982 3889
f 3887 3889 986
f 3868 3889 3887
f 247 3874 3716
f 3874 984 3876
f 3716 3876 948
f 3874 3876 3716
f 984 3875 3878
f 3875 254 3862
f 3878 3862 981
f 3875 3862 3878
f 948 3864 3715
f 3864 981 3861
f 3715 3861 67
f 3864 3861 3715
f 984 3878 3876
f 3878 981 3864
f 3876 3864 948
f 3878 3864 3876
f 252 3885 3822
f 3885 986 3888
f 3822 3888 973
f 3885 3888 3822
f 986 3886 3890
f 3886 254 3875
f 3890 3875 984
f 3886 3875 3890
f 973 3877 3821
f 3877 984 3874
f 3821 3874 247
f 3877 3874 3821
f 986 3890 3888
f 3890 984 3877
f 3888 3877 973
f 3890 3877 3888
f 8 5157 5463
f 5157 1302 5901
f 5463 5901 1377
f 5157 5901 5463
f 1302 5158 5905
f 5158 333 5903
f 5905 5903 1482
f 5158 5903 5905
f 1377 5904 5464
f 5904 1482 5902
f 5464 5902 351
f 5904 5902 5464
f 1302 5905 5901
f 5905 1482 5904
f 5901 5904 1377
f 5905 5904 5901
f 333 5161 5917
f 5161 1303 5919
f 5917 5919 1486
f 5161 5919 5917
f 1303 5160 5911
f 5160 88 5909
f 5911 5909 1484
f 5160 5909 5911
f 1486 5921 5918
f 5921 1484 5910
f 5918 5910 375
f 5921 5910 5918
f 1303 5911 5919
f 5911 1484 5921
f 5919 5921 1486
f 5911 5921 5919
f 351 5912 5466
f 5912 1485 5914
f 5466 5914 1378
f 5912 5914 5466
f 1485 5913 5916
f 5913 375 5907
f 5916 5907 1483
f 5913 5907 5916
f 1378 5908 5465
f 5908 1483 5906
f 5465 5906 92
f 5908 5906 5465
f 1485 5916 5914
f 5916 1483 5908
f 5914 5908 1378
f 5916 5908 5914
f 333 5917 5903
f 5917 1486 5920
f 5903 5920 1482
f 5917 5920 5903
f 1486 5918 5922
f 5918 375 5913
f 5922 5913 1485
f 5918 5913 5922
f 1482 5915 5902
f 5915 1485 5912
f 5902 5912 351
f 5915 5912 5902
f 1486 5922 5920
f 5922 1485 5915
f 5920 5915 1482
f 5922 5915 5920
f 88 5168 6087
f 5168 1306 6089
f 6087 6089 1527
f 5168 6089 6087
f 1306 5169 6097
f 5169 334 6095
f 6097 6095 1529
f 5169 6095 6097
f 1527 6099 6088
f 6099 1529 6096
f 6088 6096 385
f 6099 6096 6088
f 1306 6097 6089
f 6097 1529 6099
f 6089 6099 1527
f 6097 6099 6089
f 334 5167 6035
f 5167 1305 6037
f 6035 6037 1515
f 5167 6037 6035
f 1305 5166 6031
f 5166 25 6029
f 6031 6029 1513
f 5166 6029 6031
f 1515 6038 6036
f 6038 1513 6030
f 6036 6030 382
f 6038 6030 6036
f 1305 6031 6037
f 6031 1513 6038
f 6037 6038 1515
f 6031 6038 6037
f 385 6106 6092
f 6106 1531 6109
f 6092 6109 1528
f 6106 6109 6092
f 1531 6105 6107
f 6105 382 6034
f 6107 6034 1514
f 6105 6034 6107
f 1528 6093 6091
f 6093 1514 6033
f 6091 6033 98
f 6093 6033 6091
f 1531 6107 6109
f 6107 1514 6093
f 6109 6093 1528
f 6107 6093 6109
f 334 6035 6095
f 6035 1515 6098
f 6095 6098 1529
f 6035 6098 6095
f 1515 6036 6108
f 6036 382 6105
f 6108 6105 1531
f 6036 6105 6108
f 1529 6110 6096
f 6110 1531 6106
f 6096 6106 385
f 6110 6106 6096
f 1515 6108 6098
f 6108 1531 6110
f 6098 6110 1529
f 6108 6110 6098
f 92 6043 5469
f 6043 1517 6045
f 5469 6045 1380
f 6043 6045 5469
f 1517 6044 6054
f 6044 383 6051
f 6054 6051 1519
f 6044 6051 6054
f 1380 6052 5470
f 6052 1519 6050
f 5470 6050 352
f 6052 6050 5470
f 1517 6054 6045
f 6054 1519 6052
f 6045 6052 1380
f 6054 6052 6045
f 383 6048 6060
f 6048 1518 6063
f 6060 6063 1521
f 6048 6063 6060
f 1518 6047 6049
f 6047 98 6019
f 6049 6019 1510
f 6047 6019 6049
f 1521 6061 6059
f 6061 1510 6020
f 6059 6020 381
f 6061 6020 6059
f 1518 6049 6063
f 6049 1510 6061
f 6063 6061 1521
f 6049 6061 6063
f 352 6021 5468
f 6021 1511 6023
f 5468 6023 1379
f 6021 6023 5468
f 1511 6022 6024
f 6022 381 6016
f 6024 6016 1509
f 6022 6016 6024
f 1379 6017 5467
f 6017 1509 6015
f 5467 6015 26
f 6017 6015 5467
f 1511 6024 6023
f 6024 1509 6017
f 6023 6017 1379
f 6024 6017 6023
f 383 6060 6051
f 6060 1521 6064
f 6051 6064 1519
f 6060 6064 6051
f 1521 6059 6062
f 6059 381 6022
f 6062 6022 1511
f 6059 6022 6062
f 1519 6053 6050
f 6053 1511 6021
f 6050 6021 352
f 6053 6021 6050
f 1521 6062 6064
f 6062 1511 6053
f 6064 6053 1519
f 6062 6053 6064
f 88 6087 5909
f 6087 1527 6090
f 5909 6090 1484
f 6087 6090 5909
f 1527 6088 6104
f 6088 385 6101
f 6104 6101 1530
f 6088 6101 6104
f 1484 6102 5910
f 6102 1530 6100
f 5910 6100 375
f 6102 6100 5910
f 1527 6104 6090
f 6104 1530 6102
f 6090 6102 1484
f 6104 6102 6090
f 385 6092 6112
f 6092 1528 6115
f 6112 6115 1532
f 6092 6115 6112
f 1528 6091 6094
f 6091 98 6047
f 6094 6047 1518
f 6091 6047 6094
f 1532 6113 6111
f 6113 1518 6048
f 6111 6048 383
f 6113 6048 6111
f 1528 6094 6115
f 6094 1518 6113
f 6115 6113 1532
f 6094 6113 6115
f 375 6055 5907
f 6055 1520 6057
f 5907 6057 1483
f 6055 6057 5907
f 1520 6056 6058
f 6056 383 6044
f 6058 6044 1517
f 6056 6044 6058
f 1483 6046 5906
f 6046 1517 6043
f 5906 6043 92
f 6046 6043 5906
f 1520 6058 6057
f 6058 1517 6046
f 6057 6046 1483
f 6058 6046 6057
f 385 6112 6101
f 6112 1532 6116
f 6101 6116 1530
f 6112 6116 6101
f 1532 6111 6114
f 6111 383 6056
f 6114 6056 1520
f 6111 6056 6114
f 1530 6103 6100
f 6103 1520 6055
f 6100 6055 375
f 6103 6055 6100
f 1532 6114 6116
f 6114 1520 6103
f 6116 6103 1530
f 6114 6103 6116
f 25 5136 5937
f 5136 1296 5939
f 5937 5939 1491
f 5136 5939 5937
f 1296 5137 5944
f 5137 331 5942
f 5944 5942 1493
f 5137 5942 5944
f 1491 5945 5938
f 5945 1493 5943
f 5938 5943 377
f 5945 5943 5938
f 1296 5944 5939
f 5944 1493 5945
f 5939 5945 1491
f 5944 5945 5939
f 331 5139 5993
f 5139 1297 5995
f 5993 5995 1505
f 5139 5995 5993
f 1297 5138 5987
f 5138 87 5985
f 5987 5985 1503
f 5138 5985 5987
f 1505 5997 5994
f 5997 1503 5986
f 5994 5986 380
f 5997 5986 5994
f 1297 5987 5995
f 5987 1503 5997
f 5995 5997 1505
f 5987 5997 5995
f 377 6003 5941
f 6003 1507 6005
f 5941 6005 1492
f 6003 6005 5941
f 1507 6004 6007
f 6004 380 5990
f 6007 5990 1504
f 6004 5990 6007
f 1492 5991 5940
f 5991 1504 5989
f 5940 5989 97
f 5991 5989 5940
f 1507 6007 6005
f 6007 1504 5991
f 6005 5991 1492
f 6007 5991 6005
f 331 5993 5942
f 5993 1505 5996
f 5942 5996 1493
f 5993 5996 5942
f 1505 5994 6008
f 5994 380 6004
f 6008 6004 1507
f 5994 6004 6008
f 1493 6006 5943
f 6006 1507 6003
f 5943 6003 377
f 6006 6003 5943
f 1505 6008 5996
f 6008 1507 6006
f 5996 6006 1493
f 6008 6006 5996
f 87 5130 5887
f 5130 1294 5889
f 5887 5889 1479
f 5130 5889 5887
f 1294 5131 5897
f 5131 330 5895
f 5897 5895 1481
f 5131 5895 5897
f 1479 5899 5888
f 5899 1481 5896
f 5888 5896 374
f 5899 5896 5888
f 1294 5897 5889
f 5897 1481 5899
f 5889 5899 1479
f 5897 5899 5889
f 330 5128 5881
f 5128 1293 5883
f 5881 5883 1477
f 5128 5883 5881
f 1293 5127 5879
f 5127 7 4389
f 5879 4389 1110
f 5127 4389 5879
f 1477 5882 5880
f 5882 1110 4390
f 5880 4390 285
f 5882 4390 5880
f 1293 5879 5883
f 5879 1110 5882
f 5883 5882 1477
f 5879 5882 5883
f 374 5891 5885
f 5891 1480 5894
f 5885 5894 1478
f 5891 5894 5885
f 1480 5890 5892
f 5890 285 4393
f 5892 4393 1111
f 5890 4393 5892
f 1478 5886 5884
f 5886 1111 4392
f 5884 4392 76
f 5886 4392 5884
f 1480 5892 5894
f 5892 1111 5886
f 5894 5886 1478
f 5892 5886 5894
f 330 5881 5895
f 5881 1477 5898
f 5895 5898 1481
f 5881 5898 5895
f 1477 5880 5893
f 5880 285 5890
f 5893 5890 1480
f 5880 5890 5893
f 1481 5900 5896
f 5900 1480 5891
f 5896 5891 374
f 5900 5891 5896
f 1477 5893 5898
f 5893 1480 5900
f 5898 5900 1481
f 5893 5900 5898
f 97 5950 5927
f 5950 1495 5952
f 5927 5952 1488
f 5950 5952 5927
f 1495 5951 5966
f 5951 378 5963
f 5966 5963 1498
f 5951 5963 5966
f 1488 5964 5928
f 5964 1498 5962
f 5928 5962 376
f 5964 5962 5928
f 1495 5966 5952
f 5966 1498 5964
f 5952 5964 1488
f 5966 5964 5952
f 378 5947 5954
f 5947 1494 5957
f 5954 5957 1496
f 5947 5957 5954
f 1494 5946 5948
f 5946 76 4400
f 5948 4400 1114
f 5946 4400 5948
f 1496 5955 5953
f 5955 1114 4401
f 5953 4401 286
f 5955 4401 5953
f 1494 5948 5957
f 5948 1114 5955
f 5957 5955 1496
f 5948 5955 5957
f 376 5930 5924
f 5930 1489 5932
f 5924 5932 1487
f 5930 5932 5924
f 1489 5929 5931
f 5929 286 4399
f 5931 4399 1113
f 5929 4399 5931
f 1487 5925 5923
f 5925 1113 4398
f 5923 4398 22
f 5925 4398 5923
f 1489 5931 5932
f 5931 1113 5925
f 5932 5925 1487
f 5931 5925 5932
f 378 5954 5963
f 5954 1496 5967
f 5963 5967 1498
f 5954 5967 5963
f 1496 5953 5956
f 5953 286 5929
f 5956 5929 1489
f 5953 5929 5956
f 1498 5965 5962
f 5965 1489 5930
f 5962 5930 376
f 5965 5930 5962
f 1496 5956 5967
f 5956 1489 5965
f 5967 5965 1498
f 5956 5965 5967
f 87 5887 5985
f 5887 1479 5988
f 5985 5988 1503
f 5887 5988 5985
f 1479 5888 6000
f 5888 374 5998
f 6000 5998 1506
f 5888 5998 6000
f 1503 6002 5986
f 6002 1506 5999
f 5986 5999 380
f 6002 5999 5986
f 1479 6000 5988
f 6000 1506 6002
f 5988 6002 1503
f 6000 6002 5988
f 374 5885 5958
f 5885 1478 5960
f 5958 5960 1497
f 5885 5960 5958
f 1478 5884 5949
f 5884 76 5946
f 5949 5946 1494
f 5884 5946 5949
f 1497 5961 5959
f 5961 1494 5947
f 5959 5947 378
f 5961 5947 5959
f 1478 5949 5960
f 5949 1494 5961
f 5960 5961 1497
f 5949 5961 5960
f 380 6010 5990
f 6010 1508 6013
f 5990 6013 1504
f 6010 6013 5990
f 1508 6009 6011
f 6009 378 5951
f 6011 5951 1495
f 6009 5951 6011
f 1504 5992 5989
f 5992 1495 5950
f 5989 5950 97
f 5992 5950 5989
f 1508 6011 6013
f 6011 1495 5992
f 6013 5992 1504
f 6011 5992 6013
f 374 5958 5998
f 5958 1497 6001
f 5998 6001 1506
f 5958 6001 5998
f 1497 5959 6012
f 5959 378 6009
f 6012 6009 1508
f 5959 6009 6012
f 1506 6014 5999
f 6014 1508 6010
f 5999 6010 380
f 6014 6010 5999
f 1497 6012 6001
f 6012 1508 6014
f 6001 6014 1506
f 6012 6014 6001
f 26 5550 5425
f 5550 1401 5552
f 5425 5552 1367
f 5550 5552 5425
f 1401 5551 5558
f 5551 358 5556
f 5558 5556 1403
f 5551 5556 5558
f 1367 5557 5426
f 5557 1403 5555
f 5426 5555 348
f 5557 5555 5426
f 1401 5558 5552
f 5558 1403 5557
f 5552 5557 1367
f 5558 5557 5552
f 358 5554 5599
f 5554 1402 5601
f 5599 5601 1413
f 5554 5601 5599
f 1402 5553 5587
f 5553 94 5585
f 5587 5585 1410
f 5553 5585 5587
f 1413 5603 5600
f 5603 1410 5586
f 5600 5586 360
f 5603 5586 5600
f 1402 5587 5601
f 5587 1410 5603
f 5601 5603 1413
f 5587 5603 5601
f 348 5589 5428
f 5589 1411 5591
f 5428 5591 1368
f 5589 5591 5428
f 1411 5590 5593
f 5590 360 5582
f 5593 5582 1409
f 5590 5582 5593
f 1368 5583 5427
f 5583 1409 5581
f 5427 5581 91
f 5583 5581 5427
f 1411 5593 5591
f 5593 1409 5583
f 5591 5583 1368
f 5593 5583 5591
f 358 5599 5556
f 5599 1413 5602
f 5556 5602 1403
f 5599 5602 5556
f 1413 5600 5604
f 5600 360 5590
f 5604 5590 1411
f 5600 5590 5604
f 1403 5592 5555
f 5592 1411 5589
f 5555 5589 348
f 5592 5589 5555
f 1413 5604 5602
f 5604 1411 5592
f 5602 5592 1403
f 5604 5592 5602
f 94 5544 5563
f 5544 1399 5565
f 5563 5565 1405
f 5544 5565 5563
f 1399 5545 5577
f 5545 357 5575
f 5577 5575 1408
f 5545 5575 5577
f 1405 5579 5564
f 5579 1408 5576
f 5564 5576 359
f 5579 5576 5564
f 1399 5577 5565
f 5577 1408 5579
f 5565 5579 1405
f 5577 5579 5565
f 357 5542 5547
f 5542 1398 5549
f 5547 5549 1400
f 5542 5549 5547
f 1398 5541 5543
f 5541 22 4368
f 5543 4368 1104
f 5541 4368 5543
f 1400 5548 5546
f 5548 1104 4369
f 5546 4369 283
f 5548 4369 5546
f 1398 5543 5549
f 5543 1104 5548
f 5549 5548 1400
f 5543 5548 5549
f 359 5567 5560
f 5567 1406 5570
f 5560 5570 1404
f 5567 5570 5560
f 1406 5566 5568
f 5566 283 4371
f 5568 4371 1105
f 5566 4371 5568
f 1404 5561 5559
f 5561 1105 4370
f 5559 4370 75
f 5561 4370 5559
f 1406 5568 5570
f 5568 1105 5561
f 5570 5561 1404
f 5568 5561 5570
f 357 5547 5575
f 5547 1400 5578
f 5575 5578 1408
f 5547 5578 5575
f 1400 5546 5569
f 5546 283 5566
f 5569 5566 1406
f 5546 5566 5569
f 1408 5580 5576
f 5580 1406 5567
f 5576 5567 359
f 5580 5567 5576
f 1400 5569 5578
f 5569 1406 5580
f 5578 5580 1408
f 5569 5580 5578
f 91 5449 5415
f 5449 1374 5451
f 5415 5451 1364
f 5449 5451 5415
f 1374 5450 5461
f 5450 350 5458
f 5461 5458 1376
f 5450 5458 5461
f 1364 5459 5416
f 5459 1376 5457
f 5416 5457 347
f 5459 5457 5416
f 1374 5461 5451
f 5461 1376 5459
f 5451 5459 1364
f 5461 5459 5451
f 350 5447 5453
f 5447 1373 5456
f 5453 5456 1375
f 5447 5456 5453
f 1373 5446 5448
f 5446 75 4362
f 5448 4362 1102
f 5446 4362 5448
f 1375 5454 5452
f 5454 1102 4363
f 5452 4363 282
f 5454 4363 5452
f 1373 5448 5456
f 5448 1102 5454
f 5456 5454 1375
f 5448 5454 5456
f 347 5422 5412
f 5422 1366 5424
f 5412 5424 1363
f 5422 5424 5412
f 1366 5421 5423
f 5421 282 4360
f 5423 4360 1101
f 5421 4360 5423
f 1363 5414 5411
f 5414 1101 4359
f 5411 4359 5
f 5414 4359 5411
f 1366 5423 5424
f 5423 1101 5414
f 5424 5414 1363
f 5423 5414 5424
f 350 5453 5458
f 5453 1375 5462
f 5458 5462 1376
f 5453 5462 5458
f 1375 5452 5455
f 5452 282 5421
f 5455 5421 1366
f 5452 5421 5455
f 1376 5460 5457
f 5460 1366 5422
f 5457 5422 347
f 5460 5422 5457
f 1375 5455 5462
f 5455 1366 5460
f 5462 5460 1376
f 5455 5460 5462
f 94 5563 5585
f 5563 1405 5588
f 5585 5588 1410
f 5563 5588 5585
f 1405 5564 5607
f 5564 359 5605
f 5607 5605 1414
f 5564 5605 5607
f 1410 5609 5586
f 5609 1414 5606
f 5586 5606 360
f 5609 5606 5586
f 1405 5607 5588
f 5607 1414 5609
f 5588 5609 1410
f 5607 5609 5588
f 359 5560 5572
f 5560 1404 5574
f 5572 5574 1407
f 5560 5574 5572
f 1404 5559 5562
f 5559 75 5446
f 5562 5446 1373
f 5559 5446 5562
f 1407 5573 5571
f 5573 1373 5447
f 5571 5447 350
f 5573 5447 5571
f 1404 5562 5574
f 5562 1373 5573
f 5574 5573 1407
f 5562 5573 5574
f 360 5595 5582
f 5595 1412 5598
f 5582 5598 1409
f 5595 5598 5582
f 1412 5594 5596
f 5594 350 5450
f 5596 5450 1374
f 5594 5450 5596
f 1409 5584 5581
f 5584 1374 5449
f 5581 5449 91
f 5584 5449 5581
f 1412 5596 5598
f 5596 1374 5584
f 5598 5584 1409
f 5596 5584 5598
f 359 5572 5605
f 5572 1407 5608
f 5605 5608 1414
f 5572 5608 5605
f 1407 5571 5597
f 5571 350 5594
f 5597 5594 1412
f 5571 5594 5597
f 1414 5610 5606
f 5610 1412 5595
f 5606 5595 360
f 5610 5595 5606
f 1407 5597 5608
f 5597 1412 5610
f 5608 5610 1414
f 5597 5610 5608
f 25 5937 6029
f 5937 1491 6032
f 6029 6032 1513
f 5937 6032 6029
f 1491 5938 6041
f 5938 377 6039
f 6041 6039 1516
f 5938 6039 6041
f 1513 6042 6030
f 6042 1516 6040
f 6030 6040 382
f 6042 6040 6030
f 1491 6041 6032
f 6041 1516 6042
f 6032 6042 1513
f 6041 6042 6032
f 377 5941 6125
f 5941 1492 6127
f 6125 6127 1535
f 5941 6127 6125
f 1492 5940 6119
f 5940 97 6117
f 6119 6117 1533
f 5940 6117 6119
f 1535 6129 6126
f 6129 1533 6118
f 6126 6118 386
f 6129 6118 6126
f 1492 6119 6127
f 6119 1533 6129
f 6127 6129 1535
f 6119 6129 6127
f 382 6135 6034
f 6135 1537 6137
f 6034 6137 1514
f 6135 6137 6034
f 1537 6136 6139
f 6136 386 6122
f 6139 6122 1534
f 6136 6122 6139
f 1514 6123 6033
f 6123 1534 6121
f 6033 6121 98
f 6123 6121 6033
f 1537 6139 6137
f 6139 1534 6123
f 6137 6123 1514
f 6139 6123 6137
f 377 6125 6039
f 6125 1535 6128
f 6039 6128 1516
f 6125 6128 6039
f 1535 6126 6140
f 6126 386 6136
f 6140 6136 1537
f 6126 6136 6140
f 1516 6138 6040
f 6138 1537 6135
f 6040 6135 382
f 6138 6135 6040
f 1535 6140 6128
f 6140 1537 6138
f 6128 6138 1516
f 6140 6138 6128
f 97 5927 5971
f 5927 1488 5973
f 5971 5973 1500
f 5927 5973 5971
f 1488 5928 5981
f 5928 376 5979
f 5981 5979 1502
f 5928 5979 5981
f 1500 5983 5972
f 5983 1502 5980
f 5972 5980 379
f 5983 5980 5972
f 1488 5981 5973
f 5981 1502 5983
f 5973 5983 1500
f 5981 5983 5973
f 376 5924 5934
f 5924 1487 5936
f 5934 5936 1490
f 5924 5936 5934
f 1487 5923 5926
f 5923 22 5541
f 5926 5541 1398
f 5923 5541 5926
f 1490 5935 5933
f 5935 1398 5542
f 5933 5542 357
f 5935 5542 5933
f 1487 5926 5936
f 5926 1398 5935
f 5936 5935 1490
f 5926 5935 5936
f 379 5975 5969
f 5975 1501 5978
f 5969 5978 1499
f 5975 5978 5969
f 1501 5974 5976
f 5974 357 5545
f 5976 5545 1399
f 5974 5545 5976
f 1499 5970 5968
f 5970 1399 5544
f 5968 5544 94
f 5970 5544 5968
f 1501 5976 5978
f 5976 1399 5970
f 5978 5970 1499
f 5976 5970 5978
f 376 5934 5979
f 5934 1490 5982
f 5979 5982 1502
f 5934 5982 5979
f 1490 5933 5977
f 5933 357 5974
f 5977 5974 1501
f 5933 5974 5977
f 1502 5984 5980
f 5984 1501 5975
f 5980 5975 379
f 5984 5975 5980
f 1490 5977 5982
f 5977 1501 5984
f 5982 5984 1502
f 5977 5984 5982
f 98 6069 6019
f 6069 1523 6071
f 6019 6071 1510
f 6069 6071 6019
f 1523 6070 6085
f 6070 384 6082
f 6085 6082 1526
f 6070 6082 6085
f 1510 6083 6020
f 6083 1526 6081
f 6020 6081 381
f 6083 6081 6020
f 1523 6085 6071
f 6085 1526 6083
f 6071 6083 1510
f 6085 6083 6071
f 384 6066 6073
f 6066 1522 6076
f 6073 6076 1524
f 6066 6076 6073
f 1522 6065 6067
f 6065 94 5553
f 6067 5553 1402
f 6065 5553 6067
f 1524 6074 6072
f 6074 1402 5554
f 6072 5554 358
f 6074 5554 6072
f 1522 6067 6076
f 6067 1402 6074
f 6076 6074 1524
f 6067 6074 6076
f 381 6026 6016
f 6026 1512 6028
f 6016 6028 1509
f 6026 6028 6016
f 1512 6025 6027
f 6025 358 5551
f 6027 5551 1401
f 6025 5551 6027
f 1509 6018 6015
f 6018 1401 5550
f 6015 5550 26
f 6018 5550 6015
f 1512 6027 6028
f 6027 1401 6018
f 6028 6018 1509
f 6027 6018 6028
f 384 6073 6082
f 6073 1524 6086
f 6082 6086 1526
f 6073 6086 6082
f 1524 6072 6075
f 6072 358 6025
f 6075 6025 1512
f 6072 6025 6075
f 1526 6084 6081
f 6084 1512 6026
f 6081 6026 381
f 6084 6026 6081
f 1524 6075 6086
f 6075 1512 6084
f 6086 6084 1526
f 6075 6084 6086
f 97 5971 6117
f 5971 1500 6120
f 6117 6120 1533
f 5971 6120 6117
f 1500 5972 6132
f 5972 379 6130
f 6132 6130 1536
f 5972 6130 6132
f 1533 6134 6118
f 6134 1536 6131
f 6118 6131 386
f 6134 6131 6118
f 1500 6132 6120
f 6132 1536 6134
f 6120 6134 1533
f 6132 6134 6120
f 379 5969 6077
f 5969 1499 6079
f 6077 6079 1525
f 5969 6079 6077
f 1499 5968 6068
f 5968 94 6065
f 6068 6065 1522
f 5968 6065 6068
f 1525 6080 6078
f 6080 1522 6066
f 6078 6066 384
f 6080 6066 6078
f 1499 6068 6079
f 6068 1522 6080
f 6079 6080 1525
f 6068 6080 6079
f 386 6142 6122
f 6142 1538 6145
f 6122 6145 1534
f 6142 6145 6122
f 1538 6141 6143
f 6141 384 6070
f 6143 6070 1523
f 6141 6070 6143
f 1534 6124 6121
f 6124 1523 6069
f 6121 6069 98
f 6124 6069 6121
f 1538 6143 6145
f 6143 1523 6124
f 6145 6124 1534
f 6143 6124 6145
f 379 6077 6130
f 6077 1525 6133
f 6130 6133 1536
f 6077 6133 6130
f 1525 6078 6144
f 6078 384 6141
f 6144 6141 1538
f 6078 6141 6144
f 1536 6146 6131
f 6146 1538 6142
f 6131 6142 386
f 6146 6142 6131
f 1525 6144 6133
f 6144 1538 6146
f 6133 6146 1536
f 6144 6146 6133
f 6 2385 2493
f 2385 612 2495
f 2493 2495 642
f 2385 2495 2493
f 612 2386 2500
f 2386 162 2498
f 2500 2498 644
f 2386 2498 2500
f 642 2501 2494
f 2501 644 2499
f 2494 2499 171
f 2501 2499 2494
f 612 2500 2495
f 2500 644 2501
f 2495 2501 642
f 2500 2501 2495
f 162 2388 2512
f 2388 613 2514
f 2512 2514 649
f 2388 2514 2512
f 613 2387 2508
f 2387 46 2506
f 2508 2506 647
f 2387 2506 2508
f 649 2516 2513
f 2516 647 2507
f 2513 2507 173
f 2516 2507 2513
f 613 2508 2514
f 2508 647 2516
f 2514 2516 649
f 2508 2516 2514
f 171 2517 2497
f 2517 650 2519
f 2497 2519 643
f 2517 2519 2497
f 650 2518 2521
f 2518 173 2510
f 2521 2510 648
f 2518 2510 2521
f 643 2511 2496
f 2511 648 2509
f 2496 2509 49
f 2511 2509 2496
f 650 2521 2519
f 2521 648 2511
f 2519 2511 643
f 2521 2511 2519
f 162 2512 2498
f 2512 649 2515
f 2498 2515 644
f 2512 2515 2498
f 649 2513 2522
f 2513 173 2518
f 2522 2518 650
f 2513 2518 2522
f 644 2520 2499
f 2520 650 2517
f 2499 2517 171
f 2520 2517 2499
f 649 2522 2515
f 2522 650 2520
f 2515 2520 644
f 2522 2520 2515
f 46 2391 2643
f 2391 615 2645
f 2643 2645 681
f 2391 2645 2643
f 615 2392 2652
f 2392 163 2650
f 2652 2650 683
f 2392 2650 2652
f 681 2654 2644
f 2654 683 2651
f 2644 2651 181
f 2654 2651 2644
f 615 2652 2645
f 2652 683 2654
f 2645 2654 681
f 2652 2654 2645
f 163 2390 2621
f 2390 614 2623
f 2621 2623 675
f 2390 2623 2621
f 614 2389 2617
f 2389 15 2615
f 2617 2615 673
f 2389 2615 2617
f 675 2624 2622
f 2624 673 2616
f 2622 2616 179
f 2624 2616 2622
f 614 2617 2623
f 2617 673 2624
f 2623 2624 675
f 2617 2624 2623
f 181 2660 2648
f 2660 685 2663
f 2648 2663 682
f 2660 2663 2648
f 685 2659 2661
f 2659 179 2620
f 2661 2620 674
f 2659 2620 2661
f 682 2649 2647
f 2649 674 2619
f 2647 2619 51
f 2649 2619 2647
f 685 2661 2663
f 2661 674 2649
f 2663 2649 682
f 2661 2649 2663
f 163 2621 2650
f 2621 675 2653
f 2650 2653 683
f 2621 2653 2650
f 675 2622 2662
f 2622 179 2659
f 2662 2659 685
f 2622 2659 2662
f 683 2664 2651
f 2664 685 2660
f 2651 2660 181
f 2664 2660 2651
f 675 2662 2653
f 2662 685 2664
f 2653 2664 683
f 2662 2664 2653
f 49 2687 2504
f 2687 691 2689
f 2504 2689 646
f 2687 2689 2504
f 691 2688 2699
f 2688 183 2696
f 2699 2696 693
f 2688 2696 2699
f 646 2697 2505
f 2697 693 2695
f 2505 2695 172
f 2697 2695 2505
f 691 2699 2689
f 2699 693 2697
f 2689 2697 646
f 2699 2697 2689
f 183 2692 2706
f 2692 692 2709
f 2706 2709 695
f 2692 2709 2706
f 692 2691 2693
f 2691 51 2633
f 2693 2633 678
f 2691 2633 2693
f 695 2707 2705
f 2707 678 2634
f 2705 2634 180
f 2707 2634 2705
f 692 2693 2709
f 2693 678 2707
f 2709 2707 695
f 2693 2707 2709
f 172 2635 2503
f 2635 679 2637
f 2503 2637 645
f 2635 2637 2503
f 679 2636 2638
f 2636 180 2630
f 2638 2630 677
f 2636 2630 2638
f 645 2631 2502
f 2631 677 2629
f 2502 2629 16
f 2631 2629 2502
f 679 2638 2637
f 2638 677 2631
f 2637 2631 645
f 2638 2631 2637
f 183 2706 2696
f 2706 695 2710
f 2696 2710 693
f 2706 2710 2696
f 695 2705 2708
f 2705 180 2636
f 2708 2636 679
f 2705 2636 2708
f 693 2698 2695
f 2698 679 2635
f 2695 2635 172
f 2698 2635 2695
f 695 2708 2710
f 2708 679 2698
f 2710 2698 693
f 2708 2698 2710
f 46 2643 2506
f 2643 681 2646
f 2506 2646 647
f 2643 2646 2506
f 681 2644 2658
f 2644 181 2656
f 2658 2656 684
f 2644 2656 2658
f 647 2657 2507
f 2657 684 2655
f 2507 2655 173
f 2657 2655 2507
f 681 2658 2646
f 2658 684 2657
f 2646 2657 647
f 2658 2657 2646
f 181 2648 2711
f 2648 682 2713
f 2711 2713 696
f 2648 2713 2711
f 682 2647 2694
f 2647 51 2691
f 2694 2691 692
f 2647 2691 2694
f 696 2715 2712
f 2715 692 2692
f 2712 2692 183
f 2715 2692 2712
f 682 2694 2713
f 2694 692 2715
f 2713 2715 696
f 2694 2715 2713
f 173 2700 2510
f 2700 694 2702
f 2510 2702 648
f 2700 2702 2510
f 694 2701 2704
f 2701 183 2688
f 2704 2688 691
f 2701 2688 2704
f 648 2690 2509
f 2690 691 2687
f 2509 2687 49
f 2690 2687 2509
f 694 2704 2702
f 2704 691 2690
f 2702 2690 648
f 2704 2690 2702
f 181 2711 2656
f 2711 696 2714
f 2656 2714 684
f 2711 2714 2656
f 696 2712 2716
f 2712 183 2701
f 2716 2701 694
f 2712 2701 2716
f 684 2703 2655
f 2703 694 2700
f 2655 2700 173
f 2703 2700 2655
f 696 2716 2714
f 2716 694 2703
f 2714 2703 684
f 2716 2703 2714
f 15 2364 2402
f 2364 606 2404
f 2402 2404 619
f 2364 2404 2402
f 606 2365 2409
f 2365 160 2407
f 2409 2407 621
f 2365 2407 2409
f 619 2410 2403
f 2410 621 2408
f 2403 2408 165
f 2410 2408 2403
f 606 2409 2404
f 2409 621 2410
f 2404 2410 619
f 2409 2410 2404
f 160 2367 2441
f 2367 607 2443
f 2441 2443 629
f 2367 2443 2441
f 607 2366 2435
f 2366 45 2433
f 2435 2433 627
f 2366 2433 2435
f 629 2445 2442
f 2445 627 2434
f 2442 2434 167
f 2445 2434 2442
f 607 2435 2443
f 2435 627 2445
f 2443 2445 629
f 2435 2445 2443
f 165 2451 2406
f 2451 631 2453
f 2406 2453 620
f 2451 2453 2406
f 631 2452 2455
f 2452 167 2438
f 2455 2438 628
f 2452 2438 2455
f 620 2439 2405
f 2439 628 2437
f 2405 2437 47
f 2439 2437 2405
f 631 2455 2453
f 2455 628 2439
f 2453 2439 620
f 2455 2439 2453
f 160 2441 2407
f 2441 629 2444
f 2407 2444 621
f 2441 2444 2407
f 629 2442 2456
f 2442 167 2452
f 2456 2452 631
f 2442 2452 2456
f 621 2454 2408
f 2454 631 2451
f 2408 2451 165
f 2454 2451 2408
f 629 2456 2444
f 2456 631 2454
f 2444 2454 621
f 2456 2454 2444
f 45 2358 2371
f 2358 604 2373
f 2371 2373 609
f 2358 2373 2371
f 604 2359 2381
f 2359 159 2379
f 2381 2379 611
f 2359 2379 2381
f 609 2383 2372
f 2383 611 2380
f 2372 2380 161
f 2383 2380 2372
f 604 2381 2373
f 2381 611 2383
f 2373 2383 609
f 2381 2383 2373
f 159 2356 2361
f 2356 603 2363
f 2361 2363 605
f 2356 2363 2361
f 603 2355 2357
f 2355 2 1947
f 2357 1947 495
f 2355 1947 2357
f 605 2362 2360
f 2362 495 1948
f 2360 1948 129
f 2362 1948 2360
f 603 2357 2363
f 2357 495 2362
f 2363 2362 605
f 2357 2362 2363
f 161 2375 2369
f 2375 610 2378
f 2369 2378 608
f 2375 2378 2369
f 610 2374 2376
f 2374 129 1950
f 2376 1950 496
f 2374 1950 2376
f 608 2370 2368
f 2370 496 1949
f 2368 1949 36
f 2370 1949 2368
f 610 2376 2378
f 2376 496 2370
f 2378 2370 608
f 2376 2370 2378
f 159 2361 2379
f 2361 605 2382
f 2379 2382 611
f 2361 2382 2379
f 605 2360 2377
f 2360 129 2374
f 2377 2374 610
f 2360 2374 2377
f 611 2384 2380
f 2384 610 2375
f 2380 2375 161
f 2384 2375 2380
f 605 2377 2382
f 2377 610 2384
f 2382 2384 611
f 2377 2384 2382
f 47 2415 2396
f 2415 623 2417
f 2396 2417 617
f 2415 2417 2396
f 623 2416 2431
f 2416 166 2428
f 2431 2428 626
f 2416 2428 2431
f 617 2429 2397
f 2429 626 2427
f 2397 2427 164
f 2429 2427 2397
f 623 2431 2417
f 2431 626 2429
f 2417 2429 617
f 2431 2429 2417
f 166 2412 2419
f 2412 622 2422
f 2419 2422 624
f 2412 2422 2419
f 622 2411 2413
f 2411 36 1953
f 2413 1953 498
f 2411 1953 2413
f 624 2420 2418
f 2420 498 1954
f 2418 1954 130
f 2420 1954 2418
f 622 2413 2422
f 2413 498 2420
f 2422 2420 624
f 2413 2420 2422
f 164 2399 2394
f 2399 618 2401
f 2394 2401 616
f 2399 2401 2394
f 618 2398 2400
f 2398 130 1952
f 2400 1952 497
f 2398 1952 2400
f 616 2395 2393
f 2395 497 1951
f 2393 1951 12
f 2395 1951 2393
f 618 2400 2401
f 2400 497 2395
f 2401 2395 616
f 2400 2395 2401
f 166 2419 2428
f 2419 624 2432
f 2428 2432 626
f 2419 2432 2428
f 624 2418 2421
f 2418 130 2398
f 2421 2398 618
f 2418 2398 2421
f 626 2430 2427
f 2430 618 2399
f 2427 2399 164
f 2430 2399 2427
f 624 2421 2432
f 2421 618 2430
f 2432 2430 626
f 2421 2430 2432
f 45 2371 2433
f 2371 609 2436
f 2433 2436 627
f 2371 2436 2433
f 609 2372 2448
f 2372 161 2446
f 2448 2446 630
f 2372 2446 2448
f 627 2450 2434
f 2450 630 2447
f 2434 2447 167
f 2450 2447 2434
f 609 2448 2436
f 2448 630 2450
f 2436 2450 627
f 2448 2450 2436
f 161 2369 2423
f 2369 608 2425
f 2423 2425 625
f 2369 2425 2423
f 608 2368 2414
f 2368 36 2411
f 2414 2411 622
f 2368 2411 2414
f 625 2426 2424
f 2426 622 2412
f 2424 2412 166
f 2426 2412 2424
f 608 2414 2425
f 2414 622 2426
f 2425 2426 625
f 2414 2426 2425
f 167 2458 2438
f 2458 632 2461
f 2438 2461 628
f 2458 2461 2438
f 632 2457 2459
f 2457 166 2416
f 2459 2416 623
f 2457 2416 2459
f 628 2440 2437
f 2440 623 2415
f 2437 2415 47
f 2440 2415 2437
f 632 2459 2461
f 2459 623 2440
f 2461 2440 628
f 2459 2440 2461
f 161 2423 2446
f 2423 625 2449
f 2446 2449 630
f 2423 2449 2446
f 625 2424 2460
f 2424 166 2457
f 2460 2457 632
f 2424 2457 2460
f 630 2462 2447
f 2462 632 2458
f 2447 2458 167
f 2462 2458 2447
f 625 2460 2449
f 2460 632 2462
f 2449 2462 630
f 2460 2462 2449
f 16 2537 2472
f 2537 655 2539
f 2472 2539 636
f 2537 2539 2472
f 655 2538 2545
f 2538 175 2543
f 2545 2543 657
f 2538 2543 2545
f 636 2544 2473
f 2544 657 2542
f 2473 2542 169
f 2544 2542 2473
f 655 2545 2539
f 2545 657 2544
f 2539 2544 636
f 2545 2544 2539
f 175 2541 2603
f 2541 656 2605
f 2603 2605 671
f 2541 2605 2603
f 656 2540 2591
f 2540 50 2589
f 2591 2589 668
f 2540 2589 2591
f 671 2607 2604
f 2607 668 2590
f 2604 2590 178
f 2607 2590 2604
f 656 2591 2605
f 2591 668 2607
f 2605 2607 671
f 2591 2607 2605
f 169 2593 2475
f 2593 669 2595
f 2475 2595 637
f 2593 2595 2475
f 669 2594 2597
f 2594 178 2586
f 2597 2586 667
f 2594 2586 2597
f 637 2587 2474
f 2587 667 2585
f 2474 2585 48
f 2587 2585 2474
f 669 2597 2595
f 2597 667 2587
f 2595 2587 637
f 2597 2587 2595
f 175 2603 2543
f 2603 671 2606
f 2543 2606 657
f 2603 2606 2543
f 671 2604 2608
f 2604 178 2594
f 2608 2594 669
f 2604 2594 2608
f 657 2596 2542
f 2596 669 2593
f 2542 2593 169
f 2596 2593 2542
f 671 2608 2606
f 2608 669 2596
f 2606 2596 657
f 2608 2596 2606
f 50 2527 2550
f 2527 652 2552
f 2550 2552 659
f 2527 2552 2550
f 652 2528 2564
f 2528 174 2562
f 2564 2562 662
f 2528 2562 2564
f 659 2566 2551
f 2566 662 2563
f 2551 2563 176
f 2566 2563 2551
f 652 2564 2552
f 2564 662 2566
f 2552 2566 659
f 2564 2566 2552
f 174 2524 2530
f 2524 651 2532
f 2530 2532 653
f 2524 2532 2530
f 651 2523 2525
f 2523 12 1959
f 2525 1959 501
f 2523 1959 2525
f 653 2531 2529
f 2531 501 1960
f 2529 1960 132
f 2531 1960 2529
f 651 2525 2532
f 2525 501 2531
f 2532 2531 653
f 2525 2531 2532
f 176 2554 2547
f 2554 660 2557
f 2547 2557 658
f 2554 2557 2547
f 660 2553 2555
f 2553 132 1962
f 2555 1962 502
f 2553 1962 2555
f 658 2548 2546
f 2548 502 1961
f 2546 1961 37
f 2548 1961 2546
f 660 2555 2557
f 2555 502 2548
f 2557 2548 658
f 2555 2548 2557
f 174 2530 2562
f 2530 653 2565
f 2562 2565 662
f 2530 2565 2562
f 653 2529 2556
f 2529 132 2553
f 2556 2553 660
f 2529 2553 2556
f 662 2567 2563
f 2567 660 2554
f 2563 2554 176
f 2567 2554 2563
f 653 2556 2565
f 2556 660 2567
f 2565 2567 662
f 2556 2567 2565
f 48 2479 2466
f 2479 639 2481
f 2466 2481 634
f 2479 2481 2466
f 639 2480 2491
f 2480 170 2488
f 2491 2488 641
f 2480 2488 2491
f 634 2489 2467
f 2489 641 2487
f 2467 2487 168
f 2489 2487 2467
f 639 2491 2481
f 2491 641 2489
f 2481 2489 634
f 2491 2489 2481
f 170 2477 2483
f 2477 638 2486
f 2483 2486 640
f 2477 2486 2483
f 638 2476 2478
f 2476 37 1957
f 2478 1957 500
f 2476 1957 2478
f 640 2484 2482
f 2484 500 1958
f 2482 1958 131
f 2484 1958 2482
f 638 2478 2486
f 2478 500 2484
f 2486 2484 640
f 2478 2484 2486
f 168 2469 2464
f 2469 635 2471
f 2464 2471 633
f 2469 2471 2464
f 635 2468 2470
f 2468 131 1956
f 2470 1956 499
f 2468 1956 2470
f 633 2465 2463
f 2465 499 1955
f 2463 1955 4
f 2465 1955 2463
f 635 2470 2471
f 2470 499 2465
f 2471 2465 633
f 2470 2465 2471
f 170 2483 2488
f 2483 640 2492
f 2488 2492 641
f 2483 2492 2488
f 640 2482 2485
f 2482 131 2468
f 2485 2468 635
f 2482 2468 2485
f 641 2490 2487
f 2490 635 2469
f 2487 2469 168
f 2490 2469 2487
f 640 2485 2492
f 2485 635 2490
f 2492 2490 641
f 2485 2490 2492
f 50 2550 2589
f 2550 659 2592
f 2589 2592 668
f 2550 2592 2589
f 659 2551 2611
f 2551 176 2609
f 2611 2609 672
f 2551 2609 2611
f 668 2613 2590
f 2613 672 2610
f 2590 2610 178
f 2613 2610 2590
f 659 2611 2592
f 2611 672 2613
f 2592 2613 668
f 2611 2613 2592
f 176 2547 2559
f 2547 658 2561
f 2559 2561 661
f 2547 2561 2559
f 658 2546 2549
f 2546 37 2476
f 2549 2476 638
f 2546 2476 2549
f 661 2560 2558
f 2560 638 2477
f 2558 2477 170
f 2560 2477 2558
f 658 2549 2561
f 2549 638 2560
f 2561 2560 661
f 2549 2560 2561
f 178 2599 2586
f 2599 670 2602
f 2586 2602 667
f 2599 2602 2586
f 670 2598 2600
f 2598 170 2480
f 2600 2480 639
f 2598 2480 2600
f 667 2588 2585
f 2588 639 2479
f 2585 2479 48
f 2588 2479 2585
f 670 2600 2602
f 2600 639 2588
f 2602 2588 667
f 2600 2588 2602
f 176 2559 2609
f 2559 661 2612
f 2609 2612 672
f 2559 2612 2609
f 661 2558 2601
f 2558 170 2598
f 2601 2598 670
f 2558 2598 2601
f 672 2614 2610
f 2614 670 2599
f 2610 2599 178
f 2614 2599 2610
f 661 2601 2612
f 2601 670 2614
f 2612 2614 672
f 2601 2614 2612
f 15 2402 2615
f 2402 619 2618
f 2615 2618 673
f 2402 2618 2615
f 619 2403 2627
f 2403 165 2625
f 2627 2625 676
f 2403 2625 2627
f 673 2628 2616
f 2628 676 2626
f 2616 2626 179
f 2628 2626 2616
f 619 2627 2618
f 2627 676 2628
f 2618 2628 673
f 2627 2628 2618
f 165 2406 2672
f 2406 620 2674
f 2672 2674 688
f 2406 2674 2672
f 620 2405 2667
f 2405 47 2665
f 2667 2665 686
f 2405 2665 2667
f 688 2676 2673
f 2676 686 2666
f 2673 2666 182
f 2676 2666 2673
f 620 2667 2674
f 2667 686 2676
f 2674 2676 688
f 2667 2676 2674
f 179 2681 2620
f 2681 690 2683
f 2620 2683 674
f 2681 2683 2620
f 690 2682 2685
f 2682 182 2670
f 2685 2670 687
f 2682 2670 2685
f 674 2671 2619
f 2671 687 2669
f 2619 2669 51
f 2671 2669 2619
f 690 2685 2683
f 2685 687 2671
f 2683 2671 674
f 2685 2671 2683
f 165 2672 2625
f 2672 688 2675
f 2625 2675 676
f 2672 2675 2625
f 688 2673 2686
f 2673 182 2682
f 2686 2682 690
f 2673 2682 2686
f 676 2684 2626
f 2684 690 2681
f 2626 2681 179
f 2684 2681 2626
f 688 2686 2675
f 2686 690 2684
f 2675 2684 676
f 2686 2684 2675
f 47 2396 2568
f 2396 617 2570
f 2568 2570 663
f 2396 2570 2568
f 617 2397 2576
f 2397 164 2574
f 2576 2574 665
f 2397 2574 2576
f 663 2578 2569
f 2578 665 2575
f 2569 2575 177
f 2578 2575 2569
f 617 2576 2570
f 2576 665 2578
f 2570 2578 663
f 2576 2578 2570
f 164 2394 2533
f 2394 616 2535
f 2533 2535 654
f 2394 2535 2533
f 616 2393 2526
f 2393 12 2523
f 2526 2523 651
f 2393 2523 2526
f 654 2536 2534
f 2536 651 2524
f 2534 2524 174
f 2536 2524 2534
f 616 2526 2535
f 2526 651 2536
f 2535 2536 654
f 2526 2536 2535
f 177 2580 2572
f 2580 666 2583
f 2572 2583 664
f 2580 2583 2572
f 666 2579 2581
f 2579 174 2528
f 2581 2528 652
f 2579 2528 2581
f 664 2573 2571
f 2573 652 2527
f 2571 2527 50
f 2573 2527 2571
f 666 2581 2583
f 2581 652 2573
f 2583 2573 664
f 2581 2573 2583
f 164 2533 2574
f 2533 654 2577
f 2574 2577 665
f 2533 2577 2574
f 654 2534 2582
f 2534 174 2579
f 2582 2579 666
f 2534 2579 2582
f 665 2584 2575
f 2584 666 2580
f 2575 2580 177
f 2584 2580 2575
f 654 2582 2577
f 2582 666 2584
f 2577 2584 665
f 2582 2584 2577
f 51 2721 2633
f 2721 698 2723
f 2633 2723 678
f 2721 2723 2633
f 698 2722 2739
f 2722 184 2736
f 2739 2736 701
f 2722 2736 2739
f 678 2737 2634
f 2737 701 2735
f 2634 2735 180
f 2737 2735 2634
f 698 2739 2723
f 2739 701 2737
f 2723 2737 678
f 2739 2737 2723
f 184 2718 2726
f 2718 697 2729
f 2726 2729 699
f 2718 2729 2726
f 697 2717 2719
f 2717 50 2540
f 2719 2540 656
f 2717 2540 2719
f 699 2727 2725
f 2727 656 2541
f 2725 2541 175
f 2727 2541 2725
f 697 2719 2729
f 2719 656 2727
f 2729 2727 699
f 2719 2727 2729
f 180 2640 2630
f 2640 680 2642
f 2630 2642 677
f 2640 2642 2630
f 680 2639 2641
f 2639 175 2538
f 2641 2538 655
f 2639 2538 2641
f 677 2632 2629
f 2632 655 2537
f 2629 2537 16
f 2632 2537 2629
f 680 2641 2642
f 2641 655 2632
f 2642 2632 677
f 2641 2632 2642
f 184 2726 2736
f 2726 699 2740
f 2736 2740 701
f 2726 2740 2736
f 699 2725 2728
f 2725 175 2639
f 2728 2639 680
f 2725 2639 2728
f 701 2738 2735
f 2738 680 2640
f 2735 2640 180
f 2738 2640 2735
f 699 2728 2740
f 2728 680 2738
f 2740 2738 701
f 2728 2738 2740
f 47 2568 2665
f 2568 663 2668
f 2665 2668 686
f 2568 2668 2665
f 663 2569 2679
f 2569 177 2677
f 2679 2677 689
f 2569 2677 2679
f 686 2680 2666
f 2680 689 2678
f 2666 2678 182
f 2680 2678 2666
f 663 2679 2668
f 2679 689 2680
f 2668 2680 686
f 2679 2680 2668
f 177 2572 2730
f 2572 664 2732
f 2730 2732 700
f 2572 2732 2730
f 664 2571 2720
f 2571 50 2717
f 2720 2717 697
f 2571 2717 2720
f 700 2734 2731
f 2734 697 2718
f 2731 2718 184
f 2734 2718 2731
f 664 2720 2732
f 2720 697 2734
f 2732 2734 700
f 2720 2734 2732
f 182 2741 2670
f 2741 702 2743
f 2670 2743 687
f 2741 2743 2670
f 702 2742 2745
f 2742 184 2722
f 2745 2722 698
f 2742 2722 2745
f 687 2724 2669
f 2724 698 2721
f 2669 2721 51
f 2724 2721 2669
f 702 2745 2743
f 2745 698 2724
f 2743 2724 687
f 2745 2724 2743
f 177 2730 2677
f 2730 700 2733
f 2677 2733 689
f 2730 2733 2677
f 700 2731 2746
f 2731 184 2742
f 2746 2742 702
f 2731 2742 2746
f 689 2744 2678
f 2744 702 2741
f 2678 2741 182
f 2744 2741 2678
f 700 2746 2733
f 2746 702 2744
f 2733 2744 689
f 2746 2744 2733
f 2 1547 1663
f 1547 391 1665
f 1663 1665 425
f 1547 1665 1663
f 391 1548 1670
f 1548 101 1668
f 1670 1668 427
f 1548 1668 1670
f 425 1671 1664
f 1671 427 1669
f 1664 1669 112
f 1671 1669 1664
f 391 1670 1665
f 1670 427 1671
f 1665 1671 425
f 1670 1671 1665
f 101 1550 1682
f 1550 392 1684
f 1682 1684 432
f 1550 1684 1682
f 392 1549 1678
f 1549 28 1676
f 1678 1676 430
f 1549 1676 1678
f 432 1686 1683
f 1686 430 1677
f 1683 1677 114
f 1686 1677 1683
f 392 1678 1684
f 1678 430 1686
f 1684 1686 432
f 1678 1686 1684
f 112 1687 1667
f 1687 433 1689
f 1667 1689 426
f 1687 1689 1667
f 433 1688 1691
f 1688 114 1680
f 1691 1680 431
f 1688 1680 1691
f 426 1681 1666
f 1681 431 1679
f 1666 1679 32
f 1681 1679 1666
f 433 1691 1689
f 1691 431 1681
f 1689 1681 426
f 1691 1681 1689
f 101 1682 1668
f 1682 432 1685
f 1668 1685 427
f 1682 1685 1668
f 432 1683 1692
f 1683 114 1688
f 1692 1688 433
f 1683 1688 1692
f 427 1690 1669
f 1690 433 1687
f 1669 1687 112
f 1690 1687 1669
f 432 1692 1685
f 1692 433 1690
f 1685 1690 427
f 1692 1690 1685
f 28 1553 1746
f 1553 394 1748
f 1746 1748 450
f 1553 1748 1746
f 394 1554 1755
f 1554 102 1753
f 1755 1753 452
f 1554 1753 1755
f 450 1757 1747
f 1757 452 1754
f 1747 1754 120
f 1757 1754 1747
f 394 1755 1748
f 1755 452 1757
f 1748 1757 450
f 1755 1757 1748
f 102 1552 1729
f 1552 393 1731
f 1729 1731 445
f 1552 1731 1729
f 393 1551 1725
f 1551 9 1723
f 1725 1723 443
f 1551 1723 1725
f 445 1732 1730
f 1732 443 1724
f 1730 1724 118
f 1732 1724 1730
f 393 1725 1731
f 1725 443 1732
f 1731 1732 445
f 1725 1732 1731
f 120 1763 1751
f 1763 454 1766
f 1751 1766 451
f 1763 1766 1751
f 454 1762 1764
f 1762 118 1728
f 1764 1728 444
f 1762 1728 1764
f 451 1752 1750
f 1752 444 1727
f 1750 1727 34
f 1752 1727 1750
f 454 1764 1766
f 1764 444 1752
f 1766 1752 451
f 1764 1752 1766
f 102 1729 1753
f 1729 445 1756
f 1753 1756 452
f 1729 1756 1753
f 445 1730 1765
f 1730 118 1762
f 1765 1762 454
f 1730 1762 1765
f 452 1767 1754
f 1767 454 1763
f 1754 1763 120
f 1767 1763 1754
f 445 1765 1756
f 1765 454 1767
f 1756 1767 452
f 1765 1767 1756
f 32 1785 1674
f 1785 459 1787
f 1674 1787 429
f 1785 1787 1674
f 459 1786 1797
f 1786 122 1794
f 1797 1794 461
f 1786 1794 1797
f 429 1795 1675
f 1795 461 1793
f 1675 1793 113
f 1795 1793 1675
f 459 1797 1787
f 1797 461 1795
f 1787 1795 429
f 1797 1795 1787
f 122 1790 1804
f 1790 460 1807
f 1804 1807 463
f 1790 1807 1804
f 460 1789 1791
f 1789 34 1740
f 1791 1740 448
f 1789 1740 1791
f 463 1805 1803
f 1805 448 1741
f 1803 1741 119
f 1805 1741 1803
f 460 1791 1807
f 1791 448 1805
f 1807 1805 463
f 1791 1805 1807
f 113 1742 1673
f 1742 449 1744
f 1673 1744 428
f 1742 1744 1673
f 449 1743 1745
f 1743 119 1738
f 1745 1738 447
f 1743 1738 1745
f 428 1739 1672
f 1739 447 1737
f 1672 1737 11
f 1739 1737 1672
f 449 1745 1744
f 1745 447 1739
f 1744 1739 428
f 1745 1739 1744
f 122 1804 1794
f 1804 463 1808
f 1794 1808 461
f 1804 1808 1794
f 463 1803 1806
f 1803 119 1743
f 1806 1743 449
f 1803 1743 1806
f 461 1796 1793
f 1796 449 1742
f 1793 1742 113
f 1796 1742 1793
f 463 1806 1808
f 1806 449 1796
f 1808 1796 461
f 1806 1796 1808
f 28 1746 1676
f 1746 450 1749
f 1676 1749 430
f 1746 1749 1676
f 450 1747 1761
f 1747 120 1759
f 1761 1759 453
f 1747 1759 1761
f 430 1760 1677
f 1760 453 1758
f 1677 1758 114
f 1760 1758 1677
f 450 1761 1749
f 1761 453 1760
f 1749 1760 430
f 1761 1760 1749
f 120 1751 1809
f 1751 451 1811
f 1809 1811 464
f 1751 1811 1809
f 451 1750 1792
f 1750 34 1789
f 1792 1789 460
f 1750 1789 1792
f 464 1813 1810
f 1813 460 1790
f 1810 1790 122
f 1813 1790 1810
f 451 1792 1811
f 1792 460 1813
f 1811 1813 464
f 1792 1813 1811
f 114 1798 1680
f 1798 462 1800
f 1680 1800 431
f 1798 1800 1680
f 462 1799 1802
f 1799 122 1786
f 1802 1786 459
f 1799 1786 1802
f 431 1788 1679
f 1788 459 1785
f 1679 1785 32
f 1788 1785 1679
f 462 1802 1800
f 1802 459 1788
f 1800 1788 431
f 1802 1788 1800
f 120 1809 1759
f 1809 464 1812
f 1759 1812 453
f 1809 1812 1759
f 464 1810 1814
f 1810 122 1799
f 1814 1799 462
f 1810 1799 1814
f 453 1801 1758
f 1801 462 1798
f 1758 1798 114
f 1801 1798 1758
f 464 1814 1812
f 1814 462 1801
f 1812 1801 453
f 1814 1801 1812
f 9 1543 1593
f 1543 389 1595
f 1593 1595 408
f 1543 1595 1593
f 389 1544 1600
f 1544 100 1598
f 1600 1598 410
f 1544 1598 1600
f 408 1601 1594
f 1601 410 1599
f 1594 1599 108
f 1601 1599 1594
f 389 1600 1595
f 1600 410 1601
f 1595 1601 408
f 1600 1601 1595
f 100 1546 1618
f 1546 390 1620
f 1618 1620 416
f 1546 1620 1618
f 390 1545 1613
f 1545 27 1611
f 1613 1611 414
f 1545 1611 1613
f 416 1622 1619
f 1622 414 1612
f 1619 1612 110
f 1622 1612 1619
f 390 1613 1620
f 1613 414 1622
f 1620 1622 416
f 1613 1622 1620
f 108 1627 1597
f 1627 418 1629
f 1597 1629 409
f 1627 1629 1597
f 418 1628 1631
f 1628 110 1616
f 1631 1616 415
f 1628 1616 1631
f 409 1617 1596
f 1617 415 1615
f 1596 1615 31
f 1617 1615 1596
f 418 1631 1629
f 1631 415 1617
f 1629 1617 409
f 1631 1617 1629
f 100 1618 1598
f 1618 416 1621
f 1598 1621 410
f 1618 1621 1598
f 416 1619 1632
f 1619 110 1628
f 1632 1628 418
f 1619 1628 1632
f 410 1630 1599
f 1630 418 1627
f 1599 1627 108
f 1630 1627 1599
f 416 1632 1621
f 1632 418 1630
f 1621 1630 410
f 1632 1630 1621
f 27 1541 1576
f 1541 388 1578
f 1576 1578 404
f 1541 1578 1576
f 388 1542 1584
f 1542 99 1582
f 1584 1582 406
f 1542 1582 1584
f 404 1586 1577
f 1586 406 1583
f 1577 1583 107
f 1586 1583 1577
f 388 1584 1578
f 1584 406 1586
f 1578 1586 404
f 1584 1586 1578
f 99 1540 1572
f 1540 387 1574
f 1572 1574 403
f 1540 1574 1572
f 387 1539 1571
f 1539 1 1555
f 1571 1555 395
f 1539 1555 1571
f 403 1575 1573
f 1575 395 1556
f 1573 1556 103
f 1575 1556 1573
f 387 1571 1574
f 1571 395 1575
f 1574 1575 403
f 1571 1575 1574
f 107 1588 1580
f 1588 407 1591
f 1580 1591 405
f 1588 1591 1580
f 407 1587 1589
f 1587 103 1558
f 1589 1558 396
f 1587 1558 1589
f 405 1581 1579
f 1581 396 1557
f 1579 1557 29
f 1581 1557 1579
f 407 1589 1591
f 1589 396 1581
f 1591 1581 405
f 1589 1581 1591
f 99 1572 1582
f 1572 403 1585
f 1582 1585 406
f 1572 1585 1582
f 403 1573 1590
f 1573 103 1587
f 1590 1587 407
f 1573 1587 1590
f 406 1592 1583
f 1592 407 1588
f 1583 1588 107
f 1592 1588 1583
f 403 1590 1585
f 1590 407 1592
f 1585 1592 406
f 1590 1592 1585
f 31 1637 1605
f 1637 420 1639
f 1605 1639 412
f 1637 1639 1605
f 420 1638 1655
f 1638 111 1652
f 1655 1652 423
f 1638 1652 1655
f 412 1653 1606
f 1653 423 1651
f 1606 1651 109
f 1653 1651 1606
f 420 1655 1639
f 1655 423 1653
f 1639 1653 412
f 1655 1653 1639
f 111 1634 1642
f 1634 419 1645
f 1642 1645 421
f 1634 1645 1642
f 419 1633 1635
f 1633 29 1561
f 1635 1561 398
f 1633 1561 1635
f 421 1643 1641
f 1643 398 1562
f 1641 1562 104
f 1643 1562 1641
f 419 1635 1645
f 1635 398 1643
f 1645 1643 421
f 1635 1643 1645
f 109 1608 1603
f 1608 413 1610
f 1603 1610 411
f 1608 1610 1603
f 413 1607 1609
f 1607 104 1560
f 1609 1560 397
f 1607 1560 1609
f 411 1604 1602
f 1604 397 1559
f 1602 1559 10
f 1604 1559 1602
f 413 1609 1610
f 1609 397 1604
f 1610 1604 411
f 1609 1604 1610
f 111 1642 1652
f 1642 421 1656
f 1652 1656 423
f 1642 1656 1652
f 421 1641 1644
f 1641 104 1607
f 1644 1607 413
f 1641 1607 1644
f 423 1654 1651
f 1654 413 1608
f 1651 1608 109
f 1654 1608 1651
f 421 1644 1656
f 1644 413 1654
f 1656 1654 423
f 1644 1654 1656
f 27 1576 1611
f 1576 404 1614
f 1611 1614 414
f 1576 1614 1611
f 404 1577 1625
f 1577 107 1623
f 1625 1623 417
f 1577 1623 1625
f 414 1626 1612
f 1626 417 1624
f 1612 1624 110
f 1626 1624 1612
f 404 1625 1614
f 1625 417 1626
f 1614 1626 414
f 1625 1626 1614
f 107 1580 1646
f 1580 405 1648
f 1646 1648 422
f 1580 1648 1646
f 405 1579 1636
f 1579 29 1633
f 1636 1633 419
f 1579 1633 1636
f 422 1650 1647
f 1650 419 1634
f 1647 1634 111
f 1650 1634 1647
f 405 1636 1648
f 1636 419 1650
f 1648 1650 422
f 1636 1650 1648
f 110 1657 1616
f 1657 424 1659
f 1616 1659 415
f 1657 1659 1616
f 424 1658 1661
f 1658 111 1638
f 1661 1638 420
f 1658 1638 1661
f 415 1640 1615
f 1640 420 1637
f 1615 1637 31
f 1640 1637 1615
f 424 1661 1659
f 1661 420 1640
f 1659 1640 415
f 1661 1640 1659
f 107 1646 1623
f 1646 422 1649
f 1623 1649 417
f 1646 1649 1623
f 422 1647 1662
f 1647 111 1658
f 1662 1658 424
f 1647 1658 1662
f 417 1660 1624
f 1660 424 1657
f 1624 1657 110
f 1660 1657 1624
f 422 1662 1649
f 1662 424 1660
f 1649 1660 417
f 1662 1660 1649
f 11 1829 1702
f 1829 469 1831
f 1702 1831 437
f 1829 1831 1702
f 469 1830 1838
f 1830 124 1836
f 1838 1836 471
f 1830 1836 1838
f 437 1837 1703
f 1837 471 1835
f 1703 1835 116
f 1837 1835 1703
f 469 1838 1831
f 1838 471 1837
f 1831 1837 437
f 1838 1837 1831
f 124 1834 1905
f 1834 470 1907
f 1905 1907 487
f 1834 1907 1905
f 470 1833 1893
f 1833 35 1891
f 1893 1891 484
f 1833 1891 1893
f 487 1909 1906
f 1909 484 1892
f 1906 1892 127
f 1909 1892 1906
f 470 1893 1907
f 1893 484 1909
f 1907 1909 487
f 1893 1909 1907
f 116 1895 1705
f 1895 485 1897
f 1705 1897 438
f 1895 1897 1705
f 485 1896 1899
f 1896 127 1888
f 1899 1888 483
f 1896 1888 1899
f 438 1889 1704
f 1889 483 1887
f 1704 1887 33
f 1889 1887 1704
f 485 1899 1897
f 1899 483 1889
f 1897 1889 438
f 1899 1889 1897
f 124 1905 1836
f 1905 487 1908
f 1836 1908 471
f 1905 1908 1836
f 487 1906 1910
f 1906 127 1896
f 1910 1896 485
f 1906 1896 1910
f 471 1898 1835
f 1898 485 1895
f 1835 1895 116
f 1898 1895 1835
f 487 1910 1908
f 1910 485 1898
f 1908 1898 471
f 1910 1898 1908
f 35 1819 1847
f 1819 466 1849
f 1847 1849 474
f 1819 1849 1847
f 466 1820 1861
f 1820 123 1859
f 1861 1859 477
f 1820 1859 1861
f 474 1863 1848
f 1863 477 1860
f 1848 1860 125
f 1863 1860 1848
f 466 1861 1849
f 1861 477 1863
f 1849 1863 474
f 1861 1863 1849
f 123 1816 1822
f 1816 465 1824
f 1822 1824 467
f 1816 1824 1822
f 465 1815 1817
f 1815 10 1567
f 1817 1567 401
f 1815 1567 1817
f 467 1823 1821
f 1823 401 1568
f 1821 1568 106
f 1823 1568 1821
f 465 1817 1824
f 1817 401 1823
f 1824 1823 467
f 1817 1823 1824
f 125 1851 1844
f 1851 475 1854
f 1844 1854 473
f 1851 1854 1844
f 475 1850 1852
f 1850 106 1570
f 1852 1570 402
f 1850 1570 1852
f 473 1845 1843
f 1845 402 1569
f 1843 1569 30
f 1845 1569 1843
f 475 1852 1854
f 1852 402 1845
f 1854 1845 473
f 1852 1845 1854
f 123 1822 1859
f 1822 467 1862
f 1859 1862 477
f 1822 1862 1859
f 467 1821 1853
f 1821 106 1850
f 1853 1850 475
f 1821 1850 1853
f 477 1864 1860
f 1864 475 1851
f 1860 1851 125
f 1864 1851 1860
f 467 1853 1862
f 1853 475 1864
f 1862 1864 477
f 1853 1864 1862
f 33 1709 1696
f 1709 440 1711
f 1696 1711 435
f 1709 1711 1696
f 440 1710 1721
f 1710 117 1718
f 1721 1718 442
f 1710 1718 1721
f 435 1719 1697
f 1719 442 1717
f 1697 1717 115
f 1719 1717 1697
f 440 1721 1711
f 1721 442 1719
f 1711 1719 435
f 1721 1719 1711
f 117 1707 1713
f 1707 439 1716
f 1713 1716 441
f 1707 1716 1713
f 439 1706 1708
f 1706 30 1565
f 1708 1565 400
f 1706 1565 1708
f 441 1714 1712
f 1714 400 1566
f 1712 1566 105
f 1714 1566 1712
f 439 1708 1716
f 1708 400 1714
f 1716 1714 441
f 1708 1714 1716
f 115 1699 1694
f 1699 436 1701
f 1694 1701 434
f 1699 1701 1694
f 436 1698 1700
f 1698 105 1564
f 1700 1564 399
f 1698 1564 1700
f 434 1695 1693
f 1695 399 1563
f 1693 1563 3
f 1695 1563 1693
f 436 1700 1701
f 1700 399 1695
f 1701 1695 434
f 1700 1695 1701
f 117 1713 1718
f 1713 441 1722
f 1718 1722 442
f 1713 1722 1718
f 441 1712 1715
f 1712 105 1698
f 1715 1698 436
f 1712 1698 1715
f 442 1720 1717
f 1720 436 1699
f 1717 1699 115
f 1720 1699 1717
f 441 1715 1722
f 1715 436 1720
f 1722 1720 442
f 1715 1720 1722
f 35 1847 1891
f 1847 474 1894
f 1891 1894 484
f 1847 1894 1891
f 474 1848 1913
f 1848 125 1911
f 1913 1911 488
f 1848 1911 1913
f 484 1915 1892
f 1915 488 1912
f 1892 1912 127
f 1915 1912 1892
f 474 1913 1894
f 1913 488 1915
f 1894 1915 484
f 1913 1915 1894
f 125 1844 1856
f 1844 473 1858
f 1856 1858 476
f 1844 1858 1856
f 473 1843 1846
f 1843 30 1706
f 1846 1706 439
f 1843 1706 1846
f 476 1857 1855
f 1857 439 1707
f 1855 1707 117
f 1857 1707 1855
f 473 1846 1858
f 1846 439 1857
f 1858 1857 476
f 1846 1857 1858
f 127 1901 1888
f 1901 486 1904
f 1888 1904 483
f 1901 1904 1888
f 486 1900 1902
f 1900 117 1710
f 1902 1710 440
f 1900 1710 1902
f 483 1890 1887
f 1890 440 1709
f 1887 1709 33
f 1890 1709 1887
f 486 1902 1904
f 1902 440 1890
f 1904 1890 483
f 1902 1890 1904
f 125 1856 1911
f 1856 476 1914
f 1911 1914 488
f 1856 1914 1911
f 476 1855 1903
f 1855 117 1900
f 1903 1900 486
f 1855 1900 1903
f 488 1916 1912
f 1916 486 1901
f 1912 1901 127
f 1916 1901 1912
f 476 1903 1914
f 1903 486 1916
f 1914 1916 488
f 1903 1916 1914
f 9 1593 1723
f 1593 408 1726
f 1723 1726 443
f 1593 1726 1723
f 408 1594 1735
f 1594 108 1733
f 1735 1733 446
f 1594 1733 1735
f 443 1736 1724
f 1736 446 1734
f 1724 1734 118
f 1736 1734 1724
f 408 1735 1726
f 1735 446 1736
f 1726 1736 443
f 1735 1736 1726
f 108 1597 1774
f 1597 409 1776
f 1774 1776 457
f 1597 1776 1774
f 409 1596 1770
f 1596 31 1768
f 1770 1768 455
f 1596 1768 1770
f 457 1778 1775
f 1778 455 1769
f 1775 1769 121
f 1778 1769 1775
f 409 1770 1776
f 1770 455 1778
f 1776 1778 457
f 1770 1778 1776
f 118 1779 1728
f 1779 458 1781
f 1728 1781 444
f 1779 1781 1728
f 458 1780 1783
f 1780 121 1772
f 1783 1772 456
f 1780 1772 1783
f 444 1773 1727
f 1773 456 1771
f 1727 1771 34
f 1773 1771 1727
f 458 1783 1781
f 1783 456 1773
f 1781 1773 444
f 1783 1773 1781
f 108 1774 1733
f 1774 457 1777
f 1733 1777 446
f 1774 1777 1733
f 457 1775 1784
f 1775 121 1780
f 1784 1780 458
f 1775 1780 1784
f 446 1782 1734
f 1782 458 1779
f 1734 1779 118
f 1782 1779 1734
f 457 1784 1777
f 1784 458 1782
f 1777 1782 446
f 1784 1782 1777
f 31 1605 1865
f 1605 412 1867
f 1865 1867 478
f 1605 1867 1865
f 412 1606 1874
f 1606 109 1872
f 1874 1872 480
f 1606 1872 1874
f 478 1876 1866
f 1876 480 1873
f 1866 1873 126
f 1876 1873 1866
f 412 1874 1867
f 1874 480 1876
f 1867 1876 478
f 1874 1876 1867
f 109 1603 1825
f 1603 411 1827
f 1825 1827 468
f 1603 1827 1825
f 411 1602 1818
f 1602 10 1815
f 1818 1815 465
f 1602 1815 1818
f 468 1828 1826
f 1828 465 1816
f 1826 1816 123
f 1828 1816 1826
f 411 1818 1827
f 1818 465 1828
f 1827 1828 468
f 1818 1828 1827
f 126 1882 1870
f 1882 482 1885
f 1870 1885 479
f 1882 1885 1870
f 482 1881 1883
f 1881 123 1820
f 1883 1820 466
f 1881 1820 1883
f 479 1871 1869
f 1871 466 1819
f 1869 1819 35
f 1871 1819 1869
f 482 1883 1885
f 1883 466 1871
f 1885 1871 479
f 1883 1871 1885
f 109 1825 1872
f 1825 468 1875
f 1872 1875 480
f 1825 1875 1872
f 468 1826 1884
f 1826 123 1881
f 1884 1881 482
f 1826 1881 1884
f 480 1886 1873
f 1886 482 1882
f 1873 1882 126
f 1886 1882 1873
f 468 1884 1875
f 1884 482 1886
f 1875 1886 480
f 1884 1886 1875
f 34 1917 1740
f 1917 489 1919
f 1740 1919 448
f 1917 1919 1740
f 489 1918 1929
f 1918 128 1926
f 1929 1926 491
f 1918 1926 1929
f 448 1927 1741
f 1927 491 1925
f 1741 1925 119
f 1927 1925 1741
f 489 1929 1919
f 1929 491 1927
f 1919 1927 448
f 1929 1927 1919
f 128 1922 1936
f 1922 490 1939
f 1936 1939 493
f 1922 1939 1936
f 490 1921 1923
f 1921 35 1833
f 1923 1833 470
f 1921 1833 1923
f 493 1937 1935
f 1937 470 1834
f 1935 1834 124
f 1937 1834 1935
f 490 1923 1939
f 1923 470 1937
f 1939 1937 493
f 1923 1937 1939
f 119 1839 1738
f 1839 472 1841
f 1738 1841 447
f 1839 1841 1738
f 472 1840 1842
f 1840 124 1830
f 1842 1830 469
f 1840 1830 1842
f 447 1832 1737
f 1832 469 1829
f 1737 1829 11
f 1832 1829 1737
f 472 1842 1841
f 1842 469 1832
f 1841 1832 447
f 1842 1832 1841
f 128 1936 1926
f 1936 493 1940
f 1926 1940 491
f 1936 1940 1926
f 493 1935 1938
f 1935 124 1840
f 1938 1840 472
f 1935 1840 1938
f 491 1928 1925
f 1928 472 1839
f 1925 1839 119
f 1928 1839 1925
f 493 1938 1940
f 1938 472 1928
f 1940 1928 491
f 1938 1928 1940
f 31 1865 1768
f 1865 478 1868
f 1768 1868 455
f 1865 1868 1768
f 478 1866 1880
f 1866 126 1878
f 1880 1878 481
f 1866 1878 1880
f 455 1879 1769
f 1879 481 1877
f 1769 1877 121
f 1879 1877 1769
f 478 1880 1868
f 1880 481 1879
f 1868 1879 455
f 1880 1879 1868
f 126 1870 1941
f 1870 479 1943
f 1941 1943 494
f 1870 1943 1941
f 479 1869 1924
f 1869 35 1921
f 1924 1921 490
f 1869 1921 1924
f 494 1945 1942
f 1945 490 1922
f 1942 1922 128
f 1945 1922 1942
f 479 1924 1943
f 1924 490 1945
f 1943 1945 494
f 1924 1945 1943
f 121 1930 1772
f 1930 492 1932
f 1772 1932 456
f 1930 1932 1772
f 492 1931 1934
f 1931 128 1918
f 1934 1918 489
f 1931 1918 1934
f 456 1920 1771
f 1920 489 1917
f 1771 1917 34
f 1920 1917 1771
f 492 1934 1932
f 1934 489 1920
f 1932 1920 456
f 1934 1920 1932
f 126 1941 1878
f 1941 494 1944
f 1878 1944 481
f 1941 1944 1878
f 494 1942 1946
f 1942 128 1931
f 1946 1931 492
f 1942 1931 1946
f 481 1933 1877
f 1933 492 1930
f 1877 1930 121
f 1933 1930 1877
f 494 1946 1944
f 1946 492 1933
f 1944 1933 481
f 1946 1933 1944
f 6 2755 2815
f 2755 707 3253
f 2815 3253 725
f 2755 3253 2815
f 707 2756 3257
f 2756 187 3255
f 3257 3255 830
f 2756 3255 3257
f 725 3256 2816
f 3256 830 3254
f 2816 3254 193
f 3256 3254 2816
f 707 3257 3253
f 3257 830 3256
f 3253 3256 725
f 3257 3256 3253
f 187 2758 3269
f 2758 708 3271
f 3269 3271 834
f 2758 3271 3269
f 708 2757 3263
f 2757 53 3261
f 3263 3261 832
f 2757 3261 3263
f 834 3273 3270
f 3273 832 3262
f 3270 3262 217
f 3273 3262 3270
f 708 3263 3271
f 3263 832 3273
f 3271 3273 834
f 3263 3273 3271
f 193 3264 2818
f 3264 833 3266
f 2818 3266 726
f 3264 3266 2818
f 833 3265 3268
f 3265 217 3259
f 3268 3259 831
f 3265 3259 3268
f 726 3260 2817
f 3260 831 3258
f 2817 3258 55
f 3260 3258 2817
f 833 3268 3266
f 3268 831 3260
f 3266 3260 726
f 3268 3260 3266
f 187 3269 3255
f 3269 834 3272
f 3255 3272 830
f 3269 3272 3255
f 834 3270 3274
f 3270 217 3265
f 3274 3265 833
f 3270 3265 3274
f 830 3267 3254
f 3267 833 3264
f 3254 3264 193
f 3267 3264 3254
f 834 3274 3272
f 3274 833 3267
f 3272 3267 830
f 3274 3267 3272
f 53 2761 3439
f 2761 710 3441
f 3439 3441 875
f 2761 3441 3439
f 710 2762 3449
f 2762 188 3447
f 3449 3447 877
f 2762 3447 3449
f 875 3451 3440
f 3451 877 3448
f 3440 3448 227
f 3451 3448 3440
f 710 3449 3441
f 3449 877 3451
f 3441 3451 875
f 3449 3451 3441
f 188 2760 3387
f 2760 709 3389
f 3387 3389 863
f 2760 3389 3387
f 709 2759 3383
f 2759 17 3381
f 3383 3381 861
f 2759 3381 3383
f 863 3390 3388
f 3390 861 3382
f 3388 3382 224
f 3390 3382 3388
f 709 3383 3389
f 3383 861 3390
f 3389 3390 863
f 3383 3390 3389
f 227 3458 3444
f 3458 879 3461
f 3444 3461 876
f 3458 3461 3444
f 879 3457 3459
f 3457 224 3386
f 3459 3386 862
f 3457 3386 3459
f 876 3445 3443
f 3445 862 3385
f 3443 3385 61
f 3445 3385 3443
f 879 3459 3461
f 3459 862 3445
f 3461 3445 876
f 3459 3445 3461
f 188 3387 3447
f 3387 863 3450
f 3447 3450 877
f 3387 3450 3447
f 863 3388 3460
f 3388 224 3457
f 3460 3457 879
f 3388 3457 3460
f 877 3462 3448
f 3462 879 3458
f 3448 3458 227
f 3462 3458 3448
f 863 3460 3450
f 3460 879 3462
f 3450 3462 877
f 3460 3462 3450
f 55 3395 2821
f 3395 865 3397
f 2821 3397 728
f 3395 3397 2821
f 865 3396 3406
f 3396 225 3403
f 3406 3403 867
f 3396 3403 3406
f 728 3404 2822
f 3404 867 3402
f 2822 3402 194
f 3404 3402 2822
f 865 3406 3397
f 3406 867 3404
f 3397 3404 728
f 3406 3404 3397
f 225 3400 3412
f 3400 866 3415
f 3412 3415 869
f 3400 3415 3412
f 866 3399 3401
f 3399 61 3371
f 3401 3371 858
f 3399 3371 3401
f 869 3413 3411
f 3413 858 3372
f 3411 3372 223
f 3413 3372 3411
f 866 3401 3415
f 3401 858 3413
f 3415 3413 869
f 3401 3413 3415
f 194 3373 2820
f 3373 859 3375
f 2820 3375 727
f 3373 3375 2820
f 859 3374 3376
f 3374 223 3368
f 3376 3368 857
f 3374 3368 3376
f 727 3369 2819
f 3369 857 3367
f 2819 3367 18
f 3369 3367 2819
f 859 3376 3375
f 3376 857 3369
f 3375 3369 727
f 3376 3369 3375
f 225 3412 3403
f 3412 869 3416
f 3403 3416 867
f 3412 3416 3403
f 869 3411 3414
f 3411 223 3374
f 3414 3374 859
f 3411 3374 3414
f 867 3405 3402
f 3405 859 3373
f 3402 3373 194
f 3405 3373 3402
f 869 3414 3416
f 3414 859 3405
f 3416 3405 867
f 3414 3405 3416
f 53 3439 3261
f 3439 875 3442
f 3261 3442 832
f 3439 3442 3261
f 875 3440 3456
f 3440 227 3453
f 3456 3453 878
f 3440 3453 3456
f 832 3454 3262
f 3454 878 3452
f 3262 3452 217
f 3454 3452 3262
f 875 3456 3442
f 3456 878 3454
f 3442 3454 832
f 3456 3454 3442
f 227 3444 3464
f 3444 876 3467
f 3464 3467 880
f 3444 3467 3464
f 876 3443 3446
f 3443 61 3399
f 3446 3399 866
f 3443 3399 3446
f 880 3465 3463
f 3465 866 3400
f 3463 3400 225
f 3465 3400 3463
f 876 3446 3467
f 3446 866 3465
f 3467 3465 880
f 3446 3465 3467
f 217 3407 3259
f 3407 868 3409
f 3259 3409 831
f 3407 3409 3259
f 868 3408 3410
f 3408 225 3396
f 3410 3396 865
f 3408 3396 3410
f 831 3398 3258
f 3398 865 3395
f 3258 3395 55
f 3398 3395 3258
f 868 3410 3409
f 3410 865 3398
f 3409 3398 831
f 3410 3398 3409
f 227 3464 3453
f 3464 880 3468
f 3453 3468 878
f 3464 3468 3453
f 880 3463 3466
f 3463 225 3408
f 3466 3408 868
f 3463 3408 3466
f 878 3455 3452
f 3455 868 3407
f 3452 3407 217
f 3455 3407 3452
f 880 3466 3468
f 3466 868 3455
f 3468 3455 878
f 3466 3455 3468
f 17 2751 3289
f 2751 705 3291
f 3289 3291 839
f 2751 3291 3289
f 705 2752 3296
f 2752 186 3294
f 3296 3294 841
f 2752 3294 3296
f 839 3297 3290
f 3297 841 3295
f 3290 3295 219
f 3297 3295 3290
f 705 3296 3291
f 3296 841 3297
f 3291 3297 839
f 3296 3297 3291
f 186 2754 3345
f 2754 706 3347
f 3345 3347 853
f 2754 3347 3345
f 706 2753 3339
f 2753 52 3337
f 3339 3337 851
f 2753 3337 3339
f 853 3349 3346
f 3349 851 3338
f 3346 3338 222
f 3349 3338 3346
f 706 3339 3347
f 3339 851 3349
f 3347 3349 853
f 3339 3349 3347
f 219 3355 3293
f 3355 855 3357
f 3293 3357 840
f 3355 3357 3293
f 855 3356 3359
f 3356 222 3342
f 3359 3342 852
f 3356 3342 3359
f 840 3343 3292
f 3343 852 3341
f 3292 3341 60
f 3343 3341 3292
f 855 3359 3357
f 3359 852 3343
f 3357 3343 840
f 3359 3343 3357
f 186 3345 3294
f 3345 853 3348
f 3294 3348 841
f 3345 3348 3294
f 853 3346 3360
f 3346 222 3356
f 3360 3356 855
f 3346 3356 3360
f 841 3358 3295
f 3358 855 3355
f 3295 3355 219
f 3358 3355 3295
f 853 3360 3348
f 3360 855 3358
f 3348 3358 841
f 3360 3358 3348
f 52 2749 3239
f 2749 704 3241
f 3239 3241 827
f 2749 3241 3239
f 704 2750 3249
f 2750 185 3247
f 3249 3247 829
f 2750 3247 3249
f 827 3251 3240
f 3251 829 3248
f 3240 3248 216
f 3251 3248 3240
f 704 3249 3241
f 3249 829 3251
f 3241 3251 827
f 3249 3251 3241
f 185 2748 3233
f 2748 703 3235
f 3233 3235 825
f 2748 3235 3233
f 703 2747 3231
f 2747 5 2347
f 3231 2347 599
f 2747 2347 3231
f 825 3234 3232
f 3234 599 2348
f 3232 2348 157
f 3234 2348 3232
f 703 3231 3235
f 3231 599 3234
f 3235 3234 825
f 3231 3234 3235
f 216 3243 3237
f 3243 828 3246
f 3237 3246 826
f 3243 3246 3237
f 828 3242 3244
f 3242 157 2350
f 3244 2350 600
f 3242 2350 3244
f 826 3238 3236
f 3238 600 2349
f 3236 2349 44
f 3238 2349 3236
f 828 3244 3246
f 3244 600 3238
f 3246 3238 826
f 3244 3238 3246
f 185 3233 3247
f 3233 825 3250
f 3247 3250 829
f 3233 3250 3247
f 825 3232 3245
f 3232 157 3242
f 3245 3242 828
f 3232 3242 3245
f 829 3252 3248
f 3252 828 3243
f 3248 3243 216
f 3252 3243 3248
f 825 3245 3250
f 3245 828 3252
f 3250 3252 829
f 3245 3252 3250
f 60 3302 3279
f 3302 843 3304
f 3279 3304 836
f 3302 3304 3279
f 843 3303 3318
f 3303 220 3315
f 3318 3315 846
f 3303 3315 3318
f 836 3316 3280
f 3316 846 3314
f 3280 3314 218
f 3316 3314 3280
f 843 3318 3304
f 3318 846 3316
f 3304 3316 836
f 3318 3316 3304
f 220 3299 3306
f 3299 842 3309
f 3306 3309 844
f 3299 3309 3306
f 842 3298 3300
f 3298 44 2353
f 3300 2353 602
f 3298 2353 3300
f 844 3307 3305
f 3307 602 2354
f 3305 2354 158
f 3307 2354 3305
f 842 3300 3309
f 3300 602 3307
f 3309 3307 844
f 3300 3307 3309
f 218 3282 3276
f 3282 837 3284
f 3276 3284 835
f 3282 3284 3276
f 837 3281 3283
f 3281 158 2352
f 3283 2352 601
f 3281 2352 3283
f 835 3277 3275
f 3277 601 2351
f 3275 2351 14
f 3277 2351 3275
f 837 3283 3284
f 3283 601 3277
f 3284 3277 835
f 3283 3277 3284
f 220 3306 3315
f 3306 844 3319
f 3315 3319 846
f 3306 3319 3315
f 844 3305 3308
f 3305 158 3281
f 3308 3281 837
f 3305 3281 3308
f 846 3317 3314
f 3317 837 3282
f 3314 3282 218
f 3317 3282 3314
f 844 3308 3319
f 3308 837 3317
f 3319 3317 846
f 3308 3317 3319
f 52 3239 3337
f 3239 827 3340
f 3337 3340 851
f 3239 3340 3337
f 827 3240 3352
f 3240 216 3350
f 3352 3350 854
f 3240 3350 3352
f 851 3354 3338
f 3354 854 3351
f 3338 3351 222
f 3354 3351 3338
f 827 3352 3340
f 3352 854 3354
f 3340 3354 851
f 3352 3354 3340
f 216 3237 3310
f 3237 826 3312
f 3310 3312 845
f 3237 3312 3310
f 826 3236 3301
f 3236 44 3298
f 3301 3298 842
f 3236 3298 3301
f 845 3313 3311
f 3313 842 3299
f 3311 3299 220
f 3313 3299 3311
f 826 3301 3312
f 3301 842 3313
f 3312 3313 845
f 3301 3313 3312
f 222 3362 3342
f 3362 856 3365
f 3342 3365 852
f 3362 3365 3342
f 856 3361 3363
f 3361 220 3303
f 3363 3303 843
f 3361 3303 3363
f 852 3344 3341
f 3344 843 3302
f 3341 3302 60
f 3344 3302 3341
f 856 3363 3365
f 3363 843 3344
f 3365 3344 852
f 3363 3344 3365
f 216 3310 3350
f 3310 845 3353
f 3350 3353 854
f 3310 3353 3350
f 845 3311 3364
f 3311 220 3361
f 3364 3361 856
f 3311 3361 3364
f 854 3366 3351
f 3366 856 3362
f 3351 3362 222
f 3366 3362 3351
f 845 3364 3353
f 3364 856 3366
f 3353 3366 854
f 3364 3366 3353
f 18 2902 2777
f 2902 749 2904
f 2777 2904 715
f 2902 2904 2777
f 749 2903 2910
f 2903 200 2908
f 2910 2908 751
f 2903 2908 2910
f 715 2909 2778
f 2909 751 2907
f 2778 2907 190
f 2909 2907 2778
f 749 2910 2904
f 2910 751 2909
f 2904 2909 715
f 2910 2909 2904
f 200 2906 2951
f 2906 750 2953
f 2951 2953 761
f 2906 2953 2951
f 750 2905 2939
f 2905 57 2937
f 2939 2937 758
f 2905 2937 2939
f 761 2955 2952
f 2955 758 2938
f 2952 2938 202
f 2955 2938 2952
f 750 2939 2953
f 2939 758 2955
f 2953 2955 761
f 2939 2955 2953
f 190 2941 2780
f 2941 759 2943
f 2780 2943 716
f 2941 2943 2780
f 759 2942 2945
f 2942 202 2934
f 2945 2934 757
f 2942 2934 2945
f 716 2935 2779
f 2935 757 2933
f 2779 2933 54
f 2935 2933 2779
f 759 2945 2943
f 2945 757 2935
f 2943 2935 716
f 2945 2935 2943
f 200 2951 2908
f 2951 761 2954
f 2908 2954 751
f 2951 2954 2908
f 761 2952 2956
f 2952 202 2942
f 2956 2942 759
f 2952 2942 2956
f 751 2944 2907
f 2944 759 2941
f 2907 2941 190
f 2944 2941 2907
f 761 2956 2954
f 2956 759 2944
f 2954 2944 751
f 2956 2944 2954
f 57 2896 2915
f 2896 747 2917
f 2915 2917 753
f 2896 2917 2915
f 747 2897 2929
f 2897 199 2927
f 2929 2927 756
f 2897 2927 2929
f 753 2931 2916
f 2931 756 2928
f 2916 2928 201
f 2931 2928 2916
f 747 2929 2917
f 2929 756 2931
f 2917 2931 753
f 2929 2931 2917
f 199 2894 2899
f 2894 746 2901
f 2899 2901 748
f 2894 2901 2899
f 746 2893 2895
f 2893 14 2343
f 2895 2343 597
f 2893 2343 2895
f 748 2900 2898
f 2900 597 2344
f 2898 2344 156
f 2900 2344 2898
f 746 2895 2901
f 2895 597 2900
f 2901 2900 748
f 2895 2900 2901
f 201 2919 2912
f 2919 754 2922
f 2912 2922 752
f 2919 2922 2912
f 754 2918 2920
f 2918 156 2346
f 2920 2346 598
f 2918 2346 2920
f 752 2913 2911
f 2913 598 2345
f 2911 2345 43
f 2913 2345 2911
f 754 2920 2922
f 2920 598 2913
f 2922 2913 752
f 2920 2913 2922
f 199 2899 2927
f 2899 748 2930
f 2927 2930 756
f 2899 2930 2927
f 748 2898 2921
f 2898 156 2918
f 2921 2918 754
f 2898 2918 2921
f 756 2932 2928
f 2932 754 2919
f 2928 2919 201
f 2932 2919 2928
f 748 2921 2930
f 2921 754 2932
f 2930 2932 756
f 2921 2932 2930
f 54 2801 2767
f 2801 722 2803
f 2767 2803 712
f 2801 2803 2767
f 722 2802 2813
f 2802 192 2810
f 2813 2810 724
f 2802 2810 2813
f 712 2811 2768
f 2811 724 2809
f 2768 2809 189
f 2811 2809 2768
f 722 2813 2803
f 2813 724 2811
f 2803 2811 712
f 2813 2811 2803
f 192 2799 2805
f 2799 721 2808
f 2805 2808 723
f 2799 2808 2805
f 721 2798 2800
f 2798 43 2341
f 2800 2341 596
f 2798 2341 2800
f 723 2806 2804
f 2806 596 2342
f 2804 2342 155
f 2806 2342 2804
f 721 2800 2808
f 2800 596 2806
f 2808 2806 723
f 2800 2806 2808
f 189 2774 2764
f 2774 714 2776
f 2764 2776 711
f 2774 2776 2764
f 714 2773 2775
f 2773 155 2340
f 2775 2340 595
f 2773 2340 2775
f 711 2766 2763
f 2766 595 2339
f 2763 2339 1
f 2766 2339 2763
f 714 2775 2776
f 2775 595 2766
f 2776 2766 711
f 2775 2766 2776
f 192 2805 2810
f 2805 723 2814
f 2810 2814 724
f 2805 2814 2810
f 723 2804 2807
f 2804 155 2773
f 2807 2773 714
f 2804 2773 2807
f 724 2812 2809
f 2812 714 2774
f 2809 2774 189
f 2812 2774 2809
f 723 2807 2814
f 2807 714 2812
f 2814 2812 724
f 2807 2812 2814
f 57 2915 2937
f 2915 753 2940
f 2937 2940 758
f 2915 2940 2937
f 753 2916 2959
f 2916 201 2957
f 2959 2957 762
f 2916 2957 2959
f 758 2961 2938
f 2961 762 2958
f 2938 2958 202
f 2961 2958 2938
f 753 2959 2940
f 2959 762 2961
f 2940 2961 758
f 2959 2961 2940
f 201 2912 2924
f 2912 752 2926
f 2924 2926 755
f 2912 2926 2924
f 752 2911 2914
f 2911 43 2798
f 2914 2798 721
f 2911 2798 2914
f 755 2925 2923
f 2925 721 2799
f 2923 2799 192
f 2925 2799 2923
f 752 2914 2926
f 2914 721 2925
f 2926 2925 755
f 2914 2925 2926
f 202 2947 2934
f 2947 760 2950
f 2934 2950 757
f 2947 2950 2934
f 760 2946 2948
f 2946 192 2802
f 2948 2802 722
f 2946 2802 2948
f 757 2936 2933
f 2936 722 2801
f 2933 2801 54
f 2936 2801 2933
f 760 2948 2950
f 2948 722 2936
f 2950 2936 757
f 2948 2936 2950
f 201 2924 2957
f 2924 755 2960
f 2957 2960 762
f 2924 2960 2957
f 755 2923 2949
f 2923 192 2946
f 2949 2946 760
f 2923 2946 2949
f 762 2962 2958
f 2962 760 2947
f 2958 2947 202
f 2962 2947 2958
f 755 2949 2960
f 2949 760 2962
f 2960 2962 762
f 2949 2962 2960
f 17 3289 3381
f 3289 839 3384
f 3381 3384 861
f 3289 3384 3381
f 839 3290 3393
f 3290 219 3391
f 3393 3391 864
f 3290 3391 3393
f 861 3394 3382
f 3394 864 3392
f 3382 3392 224
f 3394 3392 3382
f 839 3393 3384
f 3393 864 3394
f 3384 3394 861
f 3393 3394 3384
f 219 3293 3477
f 3293 840 3479
f 3477 3479 883
f 3293 3479 3477
f 840 3292 3471
f 3292 60 3469
f 3471 3469 881
f 3292 3469 3471
f 883 3481 3478
f 3481 881 3470
f 3478 3470 228
f 3481 3470 3478
f 840 3471 3479
f 3471 881 3481
f 3479 3481 883
f 3471 3481 3479
f 224 3487 3386
f 3487 885 3489
f 3386 3489 862
f 3487 3489 3386
f 885 3488 3491
f 3488 228 3474
f 3491 3474 882
f 3488 3474 3491
f 862 3475 3385
f 3475 882 3473
f 3385 3473 61
f 3475 3473 3385
f 885 3491 3489
f 3491 882 3475
f 3489 3475 862
f 3491 3475 3489
f 219 3477 3391
f 3477 883 3480
f 3391 3480 864
f 3477 3480 3391
f 883 3478 3492
f 3478 228 3488
f 3492 3488 885
f 3478 3488 3492
f 864 3490 3392
f 3490 885 3487
f 3392 3487 224
f 3490 3487 3392
f 883 3492 3480
f 3492 885 3490
f 3480 3490 864
f 3492 3490 3480
f 60 3279 3323
f 3279 836 3325
f 3323 3325 848
f 3279 3325 3323
f 836 3280 3333
f 3280 218 3331
f 3333 3331 850
f 3280 3331 3333
f 848 3335 3324
f 3335 850 3332
f 3324 3332 221
f 3335 3332 3324
f 836 3333 3325
f 3333 850 3335
f 3325 3335 848
f 3333 3335 3325
f 218 3276 3286
f 3276 835 3288
f 3286 3288 838
f 3276 3288 3286
f 835 3275 3278
f 3275 14 2893
f 3278 2893 746
f 3275 2893 3278
f 838 3287 3285
f 3287 746 2894
f 3285 2894 199
f 3287 2894 3285
f 835 3278 3288
f 3278 746 3287
f 3288 3287 838
f 3278 3287 3288
f 221 3327 3321
f 3327 849 3330
f 3321 3330 847
f 3327 3330 3321
f 849 3326 3328
f 3326 199 2897
f 3328 2897 747
f 3326 2897 3328
f 847 3322 3320
f 3322 747 2896
f 3320 2896 57
f 3322 2896 3320
f 849 3328 3330
f 3328 747 3322
f 3330 3322 847
f 3328 3322 3330
f 218 3286 3331
f 3286 838 3334
f 3331 3334 850
f 3286 3334 3331
f 838 3285 3329
f 3285 199 3326
f 3329 3326 849
f 3285 3326 3329
f 850 3336 3332
f 3336 849 3327
f 3332 3327 221
f 3336 3327 3332
f 838 3329 3334
f 3329 849 3336
f 3334 3336 850
f 3329 3336 3334
f 61 3421 3371
f 3421 871 3423
f 3371 3423 858
f 3421 3423 3371
f 871 3422 3437
f 3422 226 3434
f 3437 3434 874
f 3422 3434 3437
f 858 3435 3372
f 3435 874 3433
f 3372 3433 223
f 3435 3433 3372
f 871 3437 3423
f 3437 874 3435
f 3423 3435 858
f 3437 3435 3423
f 226 3418 3425
f 3418 870 3428
f 3425 3428 872
f 3418 3428 3425
f 870 3417 3419
f 3417 57 2905
f 3419 2905 750
f 3417 2905 3419
f 872 3426 3424
f 3426 750 2906
f 3424 2906 200
f 3426 2906 3424
f 870 3419 3428
f 3419 750 3426
f 3428 3426 872
f 3419 3426 3428
f 223 3378 3368
f 3378 860 3380
f 3368 3380 857
f 3378 3380 3368
f 860 3377 3379
f 3377 200 2903
f 3379 2903 749
f 3377 2903 3379
f 857 3370 3367
f 3370 749 2902
f 3367 2902 18
f 3370 2902 3367
f 860 3379 3380
f 3379 749 3370
f 3380 3370 857
f 3379 3370 3380
f 226 3425 3434
f 3425 872 3438
f 3434 3438 874
f 3425 3438 3434
f 872 3424 3427
f 3424 200 3377
f 3427 3377 860
f 3424 3377 3427
f 874 3436 3433
f 3436 860 3378
f 3433 3378 223
f 3436 3378 3433
f 872 3427 3438
f 3427 860 3436
f 3438 3436 874
f 3427 3436 3438
f 60 3323 3469
f 3323 848 3472
f 3469 3472 881
f 3323 3472 3469
f 848 3324 3484
f 3324 221 3482
f 3484 3482 884
f 3324 3482 3484
f 881 3486 3470
f 3486 884 3483
f 3470 3483 228
f 3486 3483 3470
f 848 3484 3472
f 3484 884 3486
f 3472 3486 881
f 3484 3486 3472
f 221 3321 3429
f 3321 847 3431
f 3429 3431 873
f 3321 3431 3429
f 847 3320 3420
f 3320 57 3417
f 3420 3417 870
f 3320 3417 3420
f 873 3432 3430
f 3432 870 3418
f 3430 3418 226
f 3432 3418 3430
f 847 3420 3431
f 3420 870 3432
f 3431 3432 873
f 3420 3432 3431
f 228 3494 3474
f 3494 886 3497
f 3474 3497 882
f 3494 3497 3474
f 886 3493 3495
f 3493 226 3422
f 3495 3422 871
f 3493 3422 3495
f 882 3476 3473
f 3476 871 3421
f 3473 3421 61
f 3476 3421 3473
f 886 3495 3497
f 3495 871 3476
f 3497 3476 882
f 3495 3476 3497
f 221 3429 3482
f 3429 873 3485
f 3482 3485 884
f 3429 3485 3482
f 873 3430 3496
f 3430 226 3493
f 3496 3493 886
f 3430 3493 3496
f 884 3498 3483
f 3498 886 3494
f 3483 3494 228
f 3498 3494 3483
f 873 3496 3485
f 3496 886 3498
f 3485 3498 884
f 3496 3498 3485
f 7 3529 3943
f 3529 896 4113
f 3943 4113 1001
f 3529 4113 3943
f 896 3530 4117
f 3530 232 4115
f 4117 4115 1044
f 3530 4115 4117
f 1001 4116 3944
f 4116 1044 4114
f 3944 4114 259
f 4116 4114 3944
f 896 4117 4113
f 4117 1044 4116
f 4113 4116 1001
f 4117 4116 4113
f 232 3532 4129
f 3532 897 4131
f 4129 4131 1048
f 3532 4131 4129
f 897 3531 4123
f 3531 63 4121
f 4123 4121 1046
f 3531 4121 4123
f 1048 4133 4130
f 4133 1046 4122
f 4130 4122 270
f 4133 4122 4130
f 897 4123 4131
f 4123 1046 4133
f 4131 4133 1048
f 4123 4133 4131
f 259 4124 3946
f 4124 1047 4126
f 3946 4126 1002
f 4124 4126 3946
f 1047 4125 4128
f 4125 270 4119
f 4128 4119 1045
f 4125 4119 4128
f 1002 4120 3945
f 4120 1045 4118
f 3945 4118 70
f 4120 4118 3945
f 1047 4128 4126
f 4128 1045 4120
f 4126 4120 1002
f 4128 4120 4126
f 232 4129 4115
f 4129 1048 4132
f 4115 4132 1044
f 4129 4132 4115
f 1048 4130 4134
f 4130 270 4125
f 4134 4125 1047
f 4130 4125 4134
f 1044 4127 4114
f 4127 1047 4124
f 4114 4124 259
f 4127 4124 4114
f 1048 4134 4132
f 4134 1047 4127
f 4132 4127 1044
f 4134 4127 4132
f 63 3535 4299
f 3535 899 4301
f 4299 4301 1089
f 3535 4301 4299
f 899 3536 4309
f 3536 233 4307
f 4309 4307 1091
f 3536 4307 4309
f 1089 4311 4300
f 4311 1091 4308
f 4300 4308 280
f 4311 4308 4300
f 899 4309 4301
f 4309 1091 4311
f 4301 4311 1089
f 4309 4311 4301
f 233 3534 4247
f 3534 898 4249
f 4247 4249 1077
f 3534 4249 4247
f 898 3533 4243
f 3533 19 4241
f 4243 4241 1075
f 3533 4241 4243
f 1077 4250 4248
f 4250 1075 4242
f 4248 4242 277
f 4250 4242 4248
f 898 4243 4249
f 4243 1075 4250
f 4249 4250 1077
f 4243 4250 4249
f 280 4318 4304
f 4318 1093 4321
f 4304 4321 1090
f 4318 4321 4304
f 1093 4317 4319
f 4317 277 4246
f 4319 4246 1076
f 4317 4246 4319
f 1090 4305 4303
f 4305 1076 4245
f 4303 4245 74
f 4305 4245 4303
f 1093 4319 4321
f 4319 1076 4305
f 4321 4305 1090
f 4319 4305 4321
f 233 4247 4307
f 4247 1077 4310
f 4307 4310 1091
f 4247 4310 4307
f 1077 4248 4320
f 4248 277 4317
f 4320 4317 1093
f 4248 4317 4320
f 1091 4322 4308
f 4322 1093 4318
f 4308 4318 280
f 4322 4318 4308
f 1077 4320 4310
f 4320 1093 4322
f 4310 4322 1091
f 4320 4322 4310
f 70 4255 3949
f 4255 1079 4257
f 3949 4257 1004
f 4255 4257 3949
f 1079 4256 4266
f 4256 278 4263
f 4266 4263 1081
f 4256 4263 4266
f 1004 4264 3950
f 4264 1081 4262
f 3950 4262 260
f 4264 4262 3950
f 1079 4266 4257
f 4266 1081 4264
f 4257 4264 1004
f 4266 4264 4257
f 278 4260 4272
f 4260 1080 4275
f 4272 4275 1083
f 4260 4275 4272
f 1080 4259 4261
f 4259 74 4231
f 4261 4231 1072
f 4259 4231 4261
f 1083 4273 4271
f 4273 1072 4232
f 4271 4232 276
f 4273 4232 4271
f 1080 4261 4275
f 4261 1072 4273
f 4275 4273 1083
f 4261 4273 4275
f 260 4233 3948
f 4233 1073 4235
f 3948 4235 1003
f 4233 4235 3948
f 1073 4234 4236
f 4234 276 4228
f 4236 4228 1071
f 4234 4228 4236
f 1003 4229 3947
f 4229 1071 4227
f 3947 4227 21
f 4229 4227 3947
f 1073 4236 4235
f 4236 1071 4229
f 4235 4229 1003
f 4236 4229 4235
f 278 4272 4263
f 4272 1083 4276
f 4263 4276 1081
f 4272 4276 4263
f 1083 4271 4274
f 4271 276 4234
f 4274 4234 1073
f 4271 4234 4274
f 1081 4265 4262
f 4265 1073 4233
f 4262 4233 260
f 4265 4233 4262
f 1083 4274 4276
f 4274 1073 4265
f 4276 4265 1081
f 4274 4265 4276
f 63 4299 4121
f 4299 1089 4302
f 4121 4302 1046
f 4299 4302 4121
f 1089 4300 4316
f 4300 280 4313
f 4316 4313 1092
f 4300 4313 4316
f 1046 4314 4122
f 4314 1092 4312
f 4122 4312 270
f 4314 4312 4122
f 1089 4316 4302
f 4316 1092 4314
f 4302 4314 1046
f 4316 4314 4302
f 280 4304 4324
f 4304 1090 4327
f 4324 4327 1094
f 4304 4327 4324
f 1090 4303 4306
f 4303 74 4259
f 4306 4259 1080
f 4303 4259 4306
f 1094 4325 4323
f 4325 1080 4260
f 4323 4260 278
f 4325 4260 4323
f 1090 4306 4327
f 4306 1080 4325
f 4327 4325 1094
f 4306 4325 4327
f 270 4267 4119
f 4267 1082 4269
f 4119 4269 1045
f 4267 4269 4119
f 1082 4268 4270
f 4268 278 4256
f 4270 4256 1079
f 4268 4256 4270
f 1045 4258 4118
f 4258 1079 4255
f 4118 4255 70
f 4258 4255 4118
f 1082 4270 4269
f 4270 1079 4258
f 4269 4258 1045
f 4270 4258 4269
f 280 4324 4313
f 4324 1094 4328
f 4313 4328 1092
f 4324 4328 4313
f 1094 4323 4326
f 4323 278 4268
f 4326 4268 1082
f 4323 4268 4326
f 1092 4315 4312
f 4315 1082 4267
f 4312 4267 270
f 4315 4267 4312
f 1094 4326 4328
f 4326 1082 4315
f 4328 4315 1092
f 4326 4315 4328
f 19 3508 4149
f 3508 890 4151
f 4149 4151 1053
f 3508 4151 4149
f 890 3509 4156
f 3509 230 4154
f 4156 4154 1055
f 3509 4154 4156
f 1053 4157 4150
f 4157 1055 4155
f 4150 4155 272
f 4157 4155 4150
f 890 4156 4151
f 4156 1055 4157
f 4151 4157 1053
f 4156 4157 4151
f 230 3511 4205
f 3511 891 4207
f 4205 4207 1067
f 3511 4207 4205
f 891 3510 4199
f 3510 62 4197
f 4199 4197 1065
f 3510 4197 4199
f 1067 4209 4206
f 4209 1065 4198
f 4206 4198 275
f 4209 4198 4206
f 891 4199 4207
f 4199 1065 4209
f 4207 4209 1067
f 4199 4209 4207
f 272 4215 4153
f 4215 1069 4217
f 4153 4217 1054
f 4215 4217 4153
f 1069 4216 4219
f 4216 275 4202
f 4219 4202 1066
f 4216 4202 4219
f 1054 4203 4152
f 4203 1066 4201
f 4152 4201 73
f 4203 4201 4152
f 1069 4219 4217
f 4219 1066 4203
f 4217 4203 1054
f 4219 4203 4217
f 230 4205 4154
f 4205 1067 4208
f 4154 4208 1055
f 4205 4208 4154
f 1067 4206 4220
f 4206 275 4216
f 4220 4216 1069
f 4206 4216 4220
f 1055 4218 4155
f 4218 1069 4215
f 4155 4215 272
f 4218 4215 4155
f 1067 4220 4208
f 4220 1069 4218
f 4208 4218 1055
f 4220 4218 4208
f 62 3502 4099
f 3502 888 4101
f 4099 4101 1041
f 3502 4101 4099
f 888 3503 4109
f 3503 229 4107
f 4109 4107 1043
f 3503 4107 4109
f 1041 4111 4100
f 4111 1043 4108
f 4100 4108 269
f 4111 4108 4100
f 888 4109 4101
f 4109 1043 4111
f 4101 4111 1041
f 4109 4111 4101
f 229 3500 4093
f 3500 887 4095
f 4093 4095 1039
f 3500 4095 4093
f 887 3499 4091
f 3499 3 1563
f 4091 1563 399
f 3499 1563 4091
f 1039 4094 4092
f 4094 399 1564
f 4092 1564 105
f 4094 1564 4092
f 887 4091 4095
f 4091 399 4094
f 4095 4094 1039
f 4091 4094 4095
f 269 4103 4097
f 4103 1042 4106
f 4097 4106 1040
f 4103 4106 4097
f 1042 4102 4104
f 4102 105 1566
f 4104 1566 400
f 4102 1566 4104
f 1040 4098 4096
f 4098 400 1565
f 4096 1565 30
f 4098 1565 4096
f 1042 4104 4106
f 4104 400 4098
f 4106 4098 1040
f 4104 4098 4106
f 229 4093 4107
f 4093 1039 4110
f 4107 4110 1043
f 4093 4110 4107
f 1039 4092 4105
f 4092 105 4102
f 4105 4102 1042
f 4092 4102 4105
f 1043 4112 4108
f 4112 1042 4103
f 4108 4103 269
f 4112 4103 4108
f 1039 4105 4110
f 4105 1042 4112
f 4110 4112 1043
f 4105 4112 4110
f 73 4162 4139
f 4162 1057 4164
f 4139 4164 1050
f 4162 4164 4139
f 1057 4163 4178
f 4163 273 4175
f 4178 4175 1060
f 4163 4175 4178
f 1050 4176 4140
f 4176 1060 4174
f 4140 4174 271
f 4176 4174 4140
f 1057 4178 4164
f 4178 1060 4176
f 4164 4176 1050
f 4178 4176 4164
f 273 4159 4166
f 4159 1056 4169
f 4166 4169 1058
f 4159 4169 4166
f 1056 4158 4160
f 4158 30 1569
f 4160 1569 402
f 4158 1569 4160
f 1058 4167 4165
f 4167 402 1570
f 4165 1570 106
f 4167 1570 4165
f 1056 4160 4169
f 4160 402 4167
f 4169 4167 1058
f 4160 4167 4169
f 271 4142 4136
f 4142 1051 4144
f 4136 4144 1049
f 4142 4144 4136
f 1051 4141 4143
f 4141 106 1568
f 4143 1568 401
f 4141 1568 4143
f 1049 4137 4135
f 4137 401 1567
f 4135 1567 10
f 4137 1567 4135
f 1051 4143 4144
f 4143 401 4137
f 4144 4137 1049
f 4143 4137 4144
f 273 4166 4175
f 4166 1058 4179
f 4175 4179 1060
f 4166 4179 4175
f 1058 4165 4168
f 4165 106 4141
f 4168 4141 1051
f 4165 4141 4168
f 1060 4177 4174
f 4177 1051 4142
f 4174 4142 271
f 4177 4142 4174
f 1058 4168 4179
f 4168 1051 4177
f 4179 4177 1060
f 4168 4177 4179
f 62 4099 4197
f 4099 1041 4200
f 4197 4200 1065
f 4099 4200 4197
f 1041 4100 4212
f 4100 269 4210
f 4212 4210 1068
f 4100 4210 4212
f 1065 4214 4198
f 4214 1068 4211
f 4198 4211 275
f 4214 4211 4198
f 1041 4212 4200
f 4212 1068 4214
f 4200 4214 1065
f 4212 4214 4200
f 269 4097 4170
f 4097 1040 4172
f 4170 4172 1059
f 4097 4172 4170
f 1040 4096 4161
f 4096 30 4158
f 4161 4158 1056
f 4096 4158 4161
f 1059 4173 4171
f 4173 1056 4159
f 4171 4159 273
f 4173 4159 4171
f 1040 4161 4172
f 4161 1056 4173
f 4172 4173 1059
f 4161 4173 4172
f 275 4222 4202
f 4222 1070 4225
f 4202 4225 1066
f 4222 4225 4202
f 1070 4221 4223
f 4221 273 4163
f 4223 4163 1057
f 4221 4163 4223
f 1066 4204 4201
f 4204 1057 4162
f 4201 4162 73
f 4204 4162 4201
f 1070 4223 4225
f 4223 1057 4204
f 4225 4204 1066
f 4223 4204 4225
f 269 4170 4210
f 4170 1059 4213
f 4210 4213 1068
f 4170 4213 4210
f 1059 4171 4224
f 4171 273 4221
f 4224 4221 1070
f 4171 4221 4224
f 1068 4226 4211
f 4226 1070 4222
f 4211 4222 275
f 4226 4222 4211
f 1059 4224 4213
f 4224 1070 4226
f 4213 4226 1068
f 4224 4226 4213
f 21 3960 3905
f 3960 1008 3962
f 3905 3962 991
f 3960 3962 3905
f 1008 3961 3968
f 3961 262 3966
f 3968 3966 1010
f 3961 3966 3968
f 991 3967 3906
f 3967 1010 3965
f 3906 3965 256
f 3967 3965 3906
f 1008 3968 3962
f 3968 1010 3967
f 3962 3967 991
f 3968 3967 3962
f 262 3964 4009
f 3964 1009 4011
f 4009 4011 1020
f 3964 4011 4009
f 1009 3963 3997
f 3963 71 3995
f 3997 3995 1017
f 3963 3995 3997
f 1020 4013 4010
f 4013 1017 3996
f 4010 3996 264
f 4013 3996 4010
f 1009 3997 4011
f 3997 1017 4013
f 4011 4013 1020
f 3997 4013 4011
f 256 3999 3908
f 3999 1018 4001
f 3908 4001 992
f 3999 4001 3908
f 1018 4000 4003
f 4000 264 3992
f 4003 3992 1016
f 4000 3992 4003
f 992 3993 3907
f 3993 1016 3991
f 3907 3991 69
f 3993 3991 3907
f 1018 4003 4001
f 4003 1016 3993
f 4001 3993 992
f 4003 3993 4001
f 262 4009 3966
f 4009 1020 4012
f 3966 4012 1010
f 4009 4012 3966
f 1020 4010 4014
f 4010 264 4000
f 4014 4000 1018
f 4010 4000 4014
f 1010 4002 3965
f 4002 1018 3999
f 3965 3999 256
f 4002 3999 3965
f 1020 4014 4012
f 4014 1018 4002
f 4012 4002 1010
f 4014 4002 4012
f 71 3954 3973
f 3954 1006 3975
f 3973 3975 1012
f 3954 3975 3973
f 1006 3955 3987
f 3955 261 3985
f 3987 3985 1015
f 3955 3985 3987
f 1012 3989 3974
f 3989 1015 3986
f 3974 3986 263
f 3989 3986 3974
f 1006 3987 3975
f 3987 1015 3989
f 3975 3989 1012
f 3987 3989 3975
f 261 3952 3957
f 3952 1005 3959
f 3957 3959 1007
f 3952 3959 3957
f 1005 3951 3953
f 3951 10 1559
f 3953 1559 397
f 3951 1559 3953
f 1007 3958 3956
f 3958 397 1560
f 3956 1560 104
f 3958 1560 3956
f 1005 3953 3959
f 3953 397 3958
f 3959 3958 1007
f 3953 3958 3959
f 263 3977 3970
f 3977 1013 3980
f 3970 3980 1011
f 3977 3980 3970
f 1013 3976 3978
f 3976 104 1562
f 3978 1562 398
f 3976 1562 3978
f 1011 3971 3969
f 3971 398 1561
f 3969 1561 29
f 3971 1561 3969
f 1013 3978 3980
f 3978 398 3971
f 3980 3971 1011
f 3978 3971 3980
f 261 3957 3985
f 3957 1007 3988
f 3985 3988 1015
f 3957 3988 3985
f 1007 3956 3979
f 3956 104 3976
f 3979 3976 1013
f 3956 3976 3979
f 1015 3990 3986
f 3990 1013 3977
f 3986 3977 263
f 3990 3977 3986
f 1007 3979 3988
f 3979 1013 3990
f 3988 3990 1015
f 3979 3990 3988
f 69 3912 3895
f 3912 994 3914
f 3895 3914 988
f 3912 3914 3895
f 994 3913 3924
f 3913 257 3921
f 3924 3921 996
f 3913 3921 3924
f 988 3922 3896
f 3922 996 3920
f 3896 3920 255
f 3922 3920 3896
f 994 3924 3914
f 3924 996 3922
f 3914 3922 988
f 3924 3922 3914
f 257 3910 3916
f 3910 993 3919
f 3916 3919 995
f 3910 3919 3916
f 993 3909 3911
f 3909 29 1557
f 3911 1557 396
f 3909 1557 3911
f 995 3917 3915
f 3917 396 1558
f 3915 1558 103
f 3917 1558 3915
f 993 3911 3919
f 3911 396 3917
f 3919 3917 995
f 3911 3917 3919
f 255 3898 3892
f 3898 989 3900
f 3892 3900 987
f 3898 3900 3892
f 989 3897 3899
f 3897 103 1556
f 3899 1556 395
f 3897 1556 3899
f 987 3893 3891
f 3893 395 1555
f 3891 1555 1
f 3893 1555 3891
f 989 3899 3900
f 3899 395 3893
f 3900 3893 987
f 3899 3893 3900
f 257 3916 3921
f 3916 995 3925
f 3921 3925 996
f 3916 3925 3921
f 995 3915 3918
f 3915 103 3897
f 3918 3897 989
f 3915 3897 3918
f 996 3923 3920
f 3923 989 3898
f 3920 3898 255
f 3923 3898 3920
f 995 3918 3925
f 3918 989 3923
f 3925 3923 996
f 3918 3923 3925
f 71 3973 3995
f 3973 1012 3998
f 3995 3998 1017
f 3973 3998 3995
f 1012 3974 4017
f 3974 263 4015
f 4017 4015 1021
f 3974 4015 4017
f 1017 4019 3996
f 4019 1021 4016
f 3996 4016 264
f 4019 4016 3996
f 1012 4017 3998
f 4017 1021 4019
f 3998 4019 1017
f 4017 4019 3998
f 263 3970 3982
f 3970 1011 3984
f 3982 3984 1014
f 3970 3984 3982
f 1011 3969 3972
f 3969 29 3909
f 3972 3909 993
f 3969 3909 3972
f 1014 3983 3981
f 3983 993 3910
f 3981 3910 257
f 3983 3910 3981
f 1011 3972 3984
f 3972 993 3983
f 3984 3983 1014
f 3972 3983 3984
f 264 4005 3992
f 4005 1019 4008
f 3992 4008 1016
f 4005 4008 3992
f 1019 4004 4006
f 4004 257 3913
f 4006 3913 994
f 4004 3913 4006
f 1016 3994 3991
f 3994 994 3912
f 3991 3912 69
f 3994 3912 3991
f 1019 4006 4008
f 4006 994 3994
f 4008 3994 1016
f 4006 3994 4008
f 263 3982 4015
f 3982 1014 4018
f 4015 4018 1021
f 3982 4018 4015
f 1014 3981 4007
f 3981 257 4004
f 4007 4004 1019
f 3981 4004 4007
f 1021 4020 4016
f 4020 1019 4005
f 4016 4005 264
f 4020 4005 4016
f 1014 4007 4018
f 4007 1019 4020
f 4018 4020 1021
f 4007 4020 4018
f 19 4149 4241
f 4149 1053 4244
f 4241 4244 1075
f 4149 4244 4241
f 1053 4150 4253
f 4150 272 4251
f 4253 4251 1078
f 4150 4251 4253
f 1075 4254 4242
f 4254 1078 4252
f 4242 4252 277
f 4254 4252 4242
f 1053 4253 4244
f 4253 1078 4254
f 4244 4254 1075
f 4253 4254 4244
f 272 4153 4337
f 4153 1054 4339
f 4337 4339 1097
f 4153 4339 4337
f 1054 4152 4331
f 4152 73 4329
f 4331 4329 1095
f 4152 4329 4331
f 1097 4341 4338
f 4341 1095 4330
f 4338 4330 281
f 4341 4330 4338
f 1054 4331 4339
f 4331 1095 4341
f 4339 4341 1097
f 4331 4341 4339
f 277 4347 4246
f 4347 1099 4349
f 4246 4349 1076
f 4347 4349 4246
f 1099 4348 4351
f 4348 281 4334
f 4351 4334 1096
f 4348 4334 4351
f 1076 4335 4245
f 4335 1096 4333
f 4245 4333 74
f 4335 4333 4245
f 1099 4351 4349
f 4351 1096 4335
f 4349 4335 1076
f 4351 4335 4349
f 272 4337 4251
f 4337 1097 4340
f 4251 4340 1078
f 4337 4340 4251
f 1097 4338 4352
f 4338 281 4348
f 4352 4348 1099
f 4338 4348 4352
f 1078 4350 4252
f 4350 1099 4347
f 4252 4347 277
f 4350 4347 4252
f 1097 4352 4340
f 4352 1099 4350
f 4340 4350 1078
f 4352 4350 4340
f 73 4139 4183
f 4139 1050 4185
f 4183 4185 1062
f 4139 4185 4183
f 1050 4140 4193
f 4140 271 4191
f 4193 4191 1064
f 4140 4191 4193
f 1062 4195 4184
f 4195 1064 4192
f 4184 4192 274
f 4195 4192 4184
f 1050 4193 4185
f 4193 1064 4195
f 4185 4195 1062
f 4193 4195 4185
f 271 4136 4146
f 4136 1049 4148
f 4146 4148 1052
f 4136 4148 4146
f 1049 4135 4138
f 4135 10 3951
f 4138 3951 1005
f 4135 3951 4138
f 1052 4147 4145
f 4147 1005 3952
f 4145 3952 261
f 4147 3952 4145
f 1049 4138 4148
f 4138 1005 4147
f 4148 4147 1052
f 4138 4147 4148
f 274 4187 4181
f 4187 1063 4190
f 4181 4190 1061
f 4187 4190 4181
f 1063 4186 4188
f 4186 261 3955
f 4188 3955 1006
f 4186 3955 4188
f 1061 4182 4180
f 4182 1006 3954
f 4180 3954 71
f 4182 3954 4180
f 1063 4188 4190
f 4188 1006 4182
f 4190 4182 1061
f 4188 4182 4190
f 271 4146 4191
f 4146 1052 4194
f 4191 4194 1064
f 4146 4194 4191
f 1052 4145 4189
f 4145 261 4186
f 4189 4186 1063
f 4145 4186 4189
f 1064 4196 4192
f 4196 1063 4187
f 4192 4187 274
f 4196 4187 4192
f 1052 4189 4194
f 4189 1063 4196
f 4194 4196 1064
f 4189 4196 4194
f 74 4281 4231
f 4281 1085 4283
f 4231 4283 1072
f 4281 4283 4231
f 1085 4282 4297
f 4282 279 4294
f 4297 4294 1088
f 4282 4294 4297
f 1072 4295 4232
f 4295 1088 4293
f 4232 4293 276
f 4295 4293 4232
f 1085 4297 4283
f 4297 1088 4295
f 4283 4295 1072
f 4297 4295 4283
f 279 4278 4285
f 4278 1084 4288
f 4285 4288 1086
f 4278 4288 4285
f 1084 4277 4279
f 4277 71 3963
f 4279 3963 1009
f 4277 3963 4279
f 1086 4286 4284
f 4286 1009 3964
f 4284 3964 262
f 4286 3964 4284
f 1084 4279 4288
f 4279 1009 4286
f 4288 4286 1086
f 4279 4286 4288
f 276 4238 4228
f 4238 1074 4240
f 4228 4240 1071
f 4238 4240 4228
f 1074 4237 4239
f 4237 262 3961
f 4239 3961 1008
f 4237 3961 4239
f 1071 4230 4227
f 4230 1008 3960
f 4227 3960 21
f 4230 3960 4227
f 1074 4239 4240
f 4239 1008 4230
f 4240 4230 1071
f 4239 4230 4240
f 279 4285 4294
f 4285 1086 4298
f 4294 4298 1088
f 4285 4298 4294
f 1086 4284 4287
f 4284 262 4237
f 4287 4237 1074
f 4284 4237 4287
f 1088 4296 4293
f 4296 1074 4238
f 4293 4238 276
f 4296 4238 4293
f 1086 4287 4298
f 4287 1074 4296
f 4298 4296 1088
f 4287 4296 4298
f 73 4183 4329
f 4183 1062 4332
f 4329 4332 1095
f 4183 4332 4329
f 1062 4184 4344
f 4184 274 4342
f 4344 4342 1098
f 4184 4342 4344
f 1095 4346 4330
f 4346 1098 4343
f 4330 4343 281
f 4346 4343 4330
f 1062 4344 4332
f 4344 1098 4346
f 4332 4346 1095
f 4344 4346 4332
f 274 4181 4289
f 4181 1061 4291
f 4289 4291 1087
f 4181 4291 4289
f 1061 4180 4280
f 4180 71 4277
f 4280 4277 1084
f 4180 4277 4280
f 1087 4292 4290
f 4292 1084 4278
f 4290 4278 279
f 4292 4278 4290
f 1061 4280 4291
f 4280 1084 4292
f 4291 4292 1087
f 4280 4292 4291
f 281 4354 4334
f 4354 1100 4357
f 4334 4357 1096
f 4354 4357 4334
f 1100 4353 4355
f 4353 279 4282
f 4355 4282 1085
f 4353 4282 4355
f 1096 4336 4333
f 4336 1085 4281
f 4333 4281 74
f 4336 4281 4333
f 1100 4355 4357
f 4355 1085 4336
f 4357 4336 1096
f 4355 4336 4357
f 274 4289 4342
f 4289 1087 4345
f 4342 4345 1098
f 4289 4345 4342
f 1087 4290 4356
f 4290 279 4353
f 4356 4353 1100
f 4290 4353 4356
f 1098 4358 4343
f 4358 1100 4354
f 4343 4354 281
f 4358 4354 4343
f 1087 4356 4345
f 4356 1100 4358
f 4345 4358 1098
f 4356 4358 4345
f 7 5127 3637
f 5127 1293 5129
f 3637 5129 926
f 5127 5129 3637
f 1293 5128 5135
f 5128 330 5133
f 5135 5133 1295
f 5128 5133 5135
f 926 5134 3638
f 5134 1295 5132
f 3638 5132 241
f 5134 5132 3638
f 1293 5135 5129
f 5135 1295 5134
f 5129 5134 926
f 5135 5134 5129
f 330 5131 5151
f 5131 1294 5153
f 5151 5153 1301
f 5131 5153 5151
f 1294 5130 5145
f 5130 87 5143
f 5145 5143 1299
f 5130 5143 5145
f 1301 5155 5152
f 5155 1299 5144
f 5152 5144 332
f 5155 5144 5152
f 1294 5145 5153
f 5145 1299 5155
f 5153 5155 1301
f 5145 5155 5153
f 241 5146 3641
f 5146 1300 5148
f 3641 5148 927
f 5146 5148 3641
f 1300 5147 5150
f 5147 332 5141
f 5150 5141 1298
f 5147 5141 5150
f 927 5142 3640
f 5142 1298 5140
f 3640 5140 66
f 5142 5140 3640
f 1300 5150 5148
f 5150 1298 5142
f 5148 5142 927
f 5150 5142 5148
f 330 5151 5133
f 5151 1301 5154
f 5133 5154 1295
f 5151 5154 5133
f 1301 5152 5156
f 5152 332 5147
f 5156 5147 1300
f 5152 5147 5156
f 1295 5149 5132
f 5149 1300 5146
f 5132 5146 241
f 5149 5146 5132
f 1301 5156 5154
f 5156 1300 5149
f 5154 5149 1295
f 5156 5149 5154
f 87 5138 5249
f 5138 1297 5251
f 5249 5251 1327
f 5138 5251 5249
f 1297 5139 5259
f 5139 331 5257
f 5259 5257 1329
f 5139 5257 5259
f 1327 5261 5250
f 5261 1329 5258
f 5250 5258 340
f 5261 5258 5250
f 1297 5259 5251
f 5259 1329 5261
f 5251 5261 1327
f 5259 5261 5251
f 331 5137 5206
f 5137 1296 5208
f 5206 5208 1317
f 5137 5208 5206
f 1296 5136 5203
f 5136 25 5201
f 5203 5201 1315
f 5136 5201 5203
f 1317 5209 5207
f 5209 1315 5202
f 5207 5202 337
f 5209 5202 5207
f 1296 5203 5208
f 5203 1315 5209
f 5208 5209 1317
f 5203 5209 5208
f 340 5268 5254
f 5268 1331 5271
f 5254 5271 1328
f 5268 5271 5254
f 1331 5267 5269
f 5267 337 5205
f 5269 5205 1316
f 5267 5205 5269
f 1328 5255 5253
f 5255 1316 5204
f 5253 5204 89
f 5255 5204 5253
f 1331 5269 5271
f 5269 1316 5255
f 5271 5255 1328
f 5269 5255 5271
f 331 5206 5257
f 5206 1317 5260
f 5257 5260 1329
f 5206 5260 5257
f 1317 5207 5270
f 5207 337 5267
f 5270 5267 1331
f 5207 5267 5270
f 1329 5272 5258
f 5272 1331 5268
f 5258 5268 340
f 5272 5268 5258
f 1317 5270 5260
f 5270 1331 5272
f 5260 5272 1329
f 5270 5272 5260
f 66 5210 3648
f 5210 1318 5212
f 3648 5212 930
f 5210 5212 3648
f 1318 5211 5221
f 5211 338 5218
f 5221 5218 1320
f 5211 5218 5221
f 930 5219 3649
f 5219 1320 5217
f 3649 5217 242
f 5219 5217 3649
f 1318 5221 5212
f 5221 1320 5219
f 5212 5219 930
f 5221 5219 5212
f 338 5215 5227
f 5215 1319 5230
f 5227 5230 1322
f 5215 5230 5227
f 1319 5214 5216
f 5214 89 5191
f 5216 5191 1312
f 5214 5191 5216
f 1322 5228 5226
f 5228 1312 5192
f 5226 5192 336
f 5228 5192 5226
f 1319 5216 5230
f 5216 1312 5228
f 5230 5228 1322
f 5216 5228 5230
f 242 5193 3647
f 5193 1313 5195
f 3647 5195 929
f 5193 5195 3647
f 1313 5194 5196
f 5194 336 5188
f 5196 5188 1311
f 5194 5188 5196
f 929 5189 3646
f 5189 1311 5187
f 3646 5187 20
f 5189 5187 3646
f 1313 5196 5195
f 5196 1311 5189
f 5195 5189 929
f 5196 5189 5195
f 338 5227 5218
f 5227 1322 5231
f 5218 5231 1320
f 5227 5231 5218
f 1322 5226 5229
f 5226 336 5194
f 5229 5194 1313
f 5226 5194 5229
f 1320 5220 5217
f 5220 1313 5193
f 5217 5193 242
f 5220 5193 5217
f 1322 5229 5231
f 5229 1313 5220
f 5231 5220 1320
f 5229 5220 5231
f 87 5249 5143
f 5249 1327 5252
f 5143 5252 1299
f 5249 5252 5143
f 1327 5250 5266
f 5250 340 5263
f 5266 5263 1330
f 5250 5263 5266
f 1299 5264 5144
f 5264 1330 5262
f 5144 5262 332
f 5264 5262 5144
f 1327 5266 5252
f 5266 1330 5264
f 5252 5264 1299
f 5266 5264 5252
f 340 5254 5274
f 5254 1328 5277
f 5274 5277 1332
f 5254 5277 5274
f 1328 5253 5256
f 5253 89 5214
f 5256 5214 1319
f 5253 5214 5256
f 1332 5275 5273
f 5275 1319 5215
f 5273 5215 338
f 5275 5215 5273
f 1328 5256 5277
f 5256 1319 5275
f 5277 5275 1332
f 5256 5275 5277
f 332 5222 5141
f 5222 1321 5224
f 5141 5224 1298
f 5222 5224 5141
f 1321 5223 5225
f 5223 338 5211
f 5225 5211 1318
f 5223 5211 5225
f 1298 5213 5140
f 5213 1318 5210
f 5140 5210 66
f 5213 5210 5140
f 1321 5225 5224
f 5225 1318 5213
f 5224 5213 1298
f 5225 5213 5224
f 340 5274 5263
f 5274 1332 5278
f 5263 5278 1330
f 5274 5278 5263
f 1332 5273 5276
f 5273 338 5223
f 5276 5223 1321
f 5273 5223 5276
f 1330 5265 5262
f 5265 1321 5222
f 5262 5222 332
f 5265 5222 5262
f 1332 5276 5278
f 5276 1321 5265
f 5278 5265 1330
f 5276 5265 5278
f 25 5166 5293
f 5166 1305 5295
f 5293 5295 1337
f 5166 5295 5293
f 1305 5167 5301
f 5167 334 5299
f 5301 5299 1339
f 5167 5299 5301
f 1337 5302 5294
f 5302 1339 5300
f 5294 5300 342
f 5302 5300 5294
f 1305 5301 5295
f 5301 1339 5302
f 5295 5302 1337
f 5301 5302 5295
f 334 5169 5359
f 5169 1306 5361
f 5359 5361 1353
f 5169 5361 5359
f 1306 5168 5353
f 5168 88 5351
f 5353 5351 1351
f 5168 5351 5353
f 1353 5363 5360
f 5363 1351 5352
f 5360 5352 345
f 5363 5352 5360
f 1306 5353 5361
f 5353 1351 5363
f 5361 5363 1353
f 5353 5363 5361
f 342 5369 5298
f 5369 1355 5371
f 5298 5371 1338
f 5369 5371 5298
f 1355 5370 5373
f 5370 345 5356
f 5373 5356 1352
f 5370 5356 5373
f 1338 5357 5297
f 5357 1352 5355
f 5297 5355 90
f 5357 5355 5297
f 1355 5373 5371
f 5373 1352 5357
f 5371 5357 1338
f 5373 5357 5371
f 334 5359 5299
f 5359 1353 5362
f 5299 5362 1339
f 5359 5362 5299
f 1353 5360 5374
f 5360 345 5370
f 5374 5370 1355
f 5360 5370 5374
f 1339 5372 5300
f 5372 1355 5369
f 5300 5369 342
f 5372 5369 5300
f 1353 5374 5362
f 5374 1355 5372
f 5362 5372 1339
f 5374 5372 5362
f 88 5160 5173
f 5160 1303 5175
f 5173 5175 1308
f 5160 5175 5173
f 1303 5161 5183
f 5161 333 5181
f 5183 5181 1310
f 5161 5181 5183
f 1308 5185 5174
f 5185 1310 5182
f 5174 5182 335
f 5185 5182 5174
f 1303 5183 5175
f 5183 1310 5185
f 5175 5185 1308
f 5183 5185 5175
f 333 5158 5163
f 5158 1302 5165
f 5163 5165 1304
f 5158 5165 5163
f 1302 5157 5159
f 5157 8 4673
f 5159 4673 1180
f 5157 4673 5159
f 1304 5164 5162
f 5164 1180 4674
f 5162 4674 302
f 5164 4674 5162
f 1302 5159 5165
f 5159 1180 5164
f 5165 5164 1304
f 5159 5164 5165
f 335 5177 5171
f 5177 1309 5180
f 5171 5180 1307
f 5177 5180 5171
f 1309 5176 5178
f 5176 302 4676
f 5178 4676 1181
f 5176 4676 5178
f 1307 5172 5170
f 5172 1181 4675
f 5170 4675 80
f 5172 4675 5170
f 1309 5178 5180
f 5178 1181 5172
f 5180 5172 1307
f 5178 5172 5180
f 333 5163 5181
f 5163 1304 5184
f 5181 5184 1310
f 5163 5184 5181
f 1304 5162 5179
f 5162 302 5176
f 5179 5176 1309
f 5162 5176 5179
f 1310 5186 5182
f 5186 1309 5177
f 5182 5177 335
f 5186 5177 5182
f 1304 5179 5184
f 5179 1309 5186
f 5184 5186 1310
f 5179 5186 5184
f 90 5311 5283
f 5311 1342 5313
f 5283 5313 1334
f 5311 5313 5283
f 1342 5312 5327
f 5312 343 5324
f 5327 5324 1345
f 5312 5324 5327
f 1334 5325 5284
f 5325 1345 5323
f 5284 5323 341
f 5325 5323 5284
f 1342 5327 5313
f 5327 1345 5325
f 5313 5325 1334
f 5327 5325 5313
f 343 5308 5315
f 5308 1341 5318
f 5315 5318 1343
f 5308 5318 5315
f 1341 5307 5309
f 5307 80 4679
f 5309 4679 1183
f 5307 4679 5309
f 1343 5316 5314
f 5316 1183 4680
f 5314 4680 303
f 5316 4680 5314
f 1341 5309 5318
f 5309 1183 5316
f 5318 5316 1343
f 5309 5316 5318
f 341 5286 5280
f 5286 1335 5288
f 5280 5288 1333
f 5286 5288 5280
f 1335 5285 5287
f 5285 303 4678
f 5287 4678 1182
f 5285 4678 5287
f 1333 5281 5279
f 5281 1182 4677
f 5279 4677 23
f 5281 4677 5279
f 1335 5287 5288
f 5287 1182 5281
f 5288 5281 1333
f 5287 5281 5288
f 343 5315 5324
f 5315 1343 5328
f 5324 5328 1345
f 5315 5328 5324
f 1343 5314 5317
f 5314 303 5285
f 5317 5285 1335
f 5314 5285 5317
f 1345 5326 5323
f 5326 1335 5286
f 5323 5286 341
f 5326 5286 5323
f 1343 5317 5328
f 5317 1335 5326
f 5328 5326 1345
f 5317 5326 5328
f 88 5173 5351
f 5173 1308 5354
f 5351 5354 1351
f 5173 5354 5351
f 1308 5174 5366
f 5174 335 5364
f 5366 5364 1354
f 5174 5364 5366
f 1351 5368 5352
f 5368 1354 5365
f 5352 5365 345
f 5368 5365 5352
f 1308 5366 5354
f 5366 1354 5368
f 5354 5368 1351
f 5366 5368 5354
f 335 5171 5319
f 5171 1307 5321
f 5319 5321 1344
f 5171 5321 5319
f 1307 5170 5310
f 5170 80 5307
f 5310 5307 1341
f 5170 5307 5310
f 1344 5322 5320
f 5322 1341 5308
f 5320 5308 343
f 5322 5308 5320
f 1307 5310 5321
f 5310 1341 5322
f 5321 5322 1344
f 5310 5322 5321
f 345 5376 5356
f 5376 1356 5379
f 5356 5379 1352
f 5376 5379 5356
f 1356 5375 5377
f 5375 343 5312
f 5377 5312 1342
f 5375 5312 5377
f 1352 5358 5355
f 5358 1342 5311
f 5355 5311 90
f 5358 5311 5355
f 1356 5377 5379
f 5377 1342 5358
f 5379 5358 1352
f 5377 5358 5379
f 335 5319 5364
f 5319 1344 5367
f 5364 5367 1354
f 5319 5367 5364
f 1344 5320 5378
f 5320 343 5375
f 5378 5375 1356
f 5320 5375 5378
f 1354 5380 5365
f 5380 1356 5376
f 5365 5376 345
f 5380 5376 5365
f 1344 5378 5367
f 5378 1356 5380
f 5367 5380 1354
f 5378 5380 5367
f 20 5057 3616
f 5057 1276 5059
f 3616 5059 920
f 5057 5059 3616
f 1276 5058 5065
f 5058 326 5063
f 5065 5063 1278
f 5058 5063 5065
f 920 5064 3617
f 5064 1278 5062
f 3617 5062 239
f 5064 5062 3617
f 1276 5065 5059
f 5065 1278 5064
f 5059 5064 920
f 5065 5064 5059
f 326 5061 5091
f 5061 1277 5093
f 5091 5093 1286
f 5061 5093 5091
f 1277 5060 5081
f 5060 86 5079
f 5081 5079 1283
f 5060 5079 5081
f 1286 5095 5092
f 5095 1283 5080
f 5092 5080 328
f 5095 5080 5092
f 1277 5081 5093
f 5081 1283 5095
f 5093 5095 1286
f 5081 5095 5093
f 239 5082 3619
f 5082 1284 5084
f 3619 5084 921
f 5082 5084 3619
f 1284 5083 5086
f 5083 328 5076
f 5086 5076 1282
f 5083 5076 5086
f 921 5077 3618
f 5077 1282 5075
f 3618 5075 65
f 5077 5075 3618
f 1284 5086 5084
f 5086 1282 5077
f 5084 5077 921
f 5086 5077 5084
f 326 5091 5063
f 5091 1286 5094
f 5063 5094 1278
f 5091 5094 5063
f 1286 5092 5096
f 5092 328 5083
f 5096 5083 1284
f 5092 5083 5096
f 1278 5085 5062
f 5085 1284 5082
f 5062 5082 239
f 5085 5082 5062
f 1286 5096 5094
f 5096 1284 5085
f 5094 5085 1278
f 5096 5085 5094
f 86 5069 5101
f 5069 1280 5103
f 5101 5103 1288
f 5069 5103 5101
f 1280 5070 5117
f 5070 327 5115
f 5117 5115 1291
f 5070 5115 5117
f 1288 5119 5102
f 5119 1291 5116
f 5102 5116 329
f 5119 5116 5102
f 1280 5117 5103
f 5117 1291 5119
f 5103 5119 1288
f 5117 5119 5103
f 327 5067 5072
f 5067 1279 5074
f 5072 5074 1281
f 5067 5074 5072
f 1279 5066 5068
f 5066 23 4652
f 5068 4652 1174
f 5066 4652 5068
f 1281 5073 5071
f 5073 1174 4653
f 5071 4653 300
f 5073 4653 5071
f 1279 5068 5074
f 5068 1174 5073
f 5074 5073 1281
f 5068 5073 5074
f 329 5106 5098
f 5106 1289 5109
f 5098 5109 1287
f 5106 5109 5098
f 1289 5105 5107
f 5105 300 4655
f 5107 4655 1175
f 5105 4655 5107
f 1287 5099 5097
f 5099 1175 4654
f 5097 4654 79
f 5099 4654 5097
f 1289 5107 5109
f 5107 1175 5099
f 5109 5099 1287
f 5107 5099 5109
f 327 5072 5115
f 5072 1281 5118
f 5115 5118 1291
f 5072 5118 5115
f 1281 5071 5108
f 5071 300 5105
f 5108 5105 1289
f 5071 5105 5108
f 1291 5120 5116
f 5120 1289 5106
f 5116 5106 329
f 5120 5106 5116
f 1281 5108 5118
f 5108 1289 5120
f 5118 5120 1291
f 5108 5120 5118
f 65 5040 3610
f 5040 1272 5042
f 3610 5042 918
f 5040 5042 3610
f 1272 5041 5050
f 5041 325 5047
f 5050 5047 1274
f 5041 5047 5050
f 918 5048 3611
f 5048 1274 5046
f 3611 5046 238
f 5048 5046 3611
f 1272 5050 5042
f 5050 1274 5048
f 5042 5048 918
f 5050 5048 5042
f 325 5044 5052
f 5044 1273 5055
f 5052 5055 1275
f 5044 5055 5052
f 1273 5043 5045
f 5043 79 4646
f 5045 4646 1172
f 5043 4646 5045
f 1275 5053 5051
f 5053 1172 4647
f 5051 4647 299
f 5053 4647 5051
f 1273 5045 5055
f 5045 1172 5053
f 5055 5053 1275
f 5045 5053 5055
f 238 5036 3608
f 5036 1271 5038
f 3608 5038 917
f 5036 5038 3608
f 1271 5037 5039
f 5037 299 4644
f 5039 4644 1171
f 5037 4644 5039
f 917 5035 3607
f 5035 1171 4643
f 3607 4643 4
f 5035 4643 3607
f 1271 5039 5038
f 5039 1171 5035
f 5038 5035 917
f 5039 5035 5038
f 325 5052 5047
f 5052 1275 5056
f 5047 5056 1274
f 5052 5056 5047
f 1275 5051 5054
f 5051 299 5037
f 5054 5037 1271
f 5051 5037 5054
f 1274 5049 5046
f 5049 1271 5036
f 5046 5036 238
f 5049 5036 5046
f 1275 5054 5056
f 5054 1271 5049
f 5056 5049 1274
f 5054 5049 5056
f 86 5101 5079
f 5101 1288 5104
f 5079 5104 1283
f 5101 5104 5079
f 1288 5102 5125
f 5102 329 5122
f 5125 5122 1292
f 5102 5122 5125
f 1283 5123 5080
f 5123 1292 5121
f 5080 5121 328
f 5123 5121 5080
f 1288 5125 5104
f 5125 1292 5123
f 5104 5123 1283
f 5125 5123 5104
f 329 5098 5111
f 5098 1287 5114
f 5111 5114 1290
f 5098 5114 5111
f 1287 5097 5100
f 5097 79 5043
f 5100 5043 1273
f 5097 5043 5100
f 1290 5112 5110
f 5112 1273 5044
f 5110 5044 325
f 5112 5044 5110
f 1287 5100 5114
f 5100 1273 5112
f 5114 5112 1290
f 5100 5112 5114
f 328 5088 5076
f 5088 1285 5090
f 5076 5090 1282
f 5088 5090 5076
f 1285 5087 5089
f 5087 325 5041
f 5089 5041 1272
f 5087 5041 5089
f 1282 5078 5075
f 5078 1272 5040
f 5075 5040 65
f 5078 5040 5075
f 1285 5089 5090
f 5089 1272 5078
f 5090 5078 1282
f 5089 5078 5090
f 329 5111 5122
f 5111 1290 5126
f 5122 5126 1292
f 5111 5126 5122
f 1290 5110 5113
f 5110 325 5087
f 5113 5087 1285
f 5110 5087 5113
f 1292 5124 5121
f 5124 1285 5088
f 5121 5088 328
f 5124 5088 5121
f 1290 5113 5126
f 5113 1285 5124
f 5126 5124 1292
f 5113 5124 5126
f 25 5293 5201
f 5293 1337 5296
f 5201 5296 1315
f 5293 5296 5201
f 1337 5294 5306
f 5294 342 5304
f 5306 5304 1340
f 5294 5304 5306
f 1315 5305 5202
f 5305 1340 5303
f 5202 5303 337
f 5305 5303 5202
f 1337 5306 5296
f 5306 1340 5305
f 5296 5305 1315
f 5306 5305 5296
f 342 5298 5399
f 5298 1338 5401
f 5399 5401 1361
f 5298 5401 5399
f 1338 5297 5387
f 5297 90 5385
f 5387 5385 1358
f 5297 5385 5387
f 1361 5403 5400
f 5403 1358 5386
f 5400 5386 346
f 5403 5386 5400
f 1338 5387 5401
f 5387 1358 5403
f 5401 5403 1361
f 5387 5403 5401
f 337 5389 5205
f 5389 1359 5391
f 5205 5391 1316
f 5389 5391 5205
f 1359 5390 5393
f 5390 346 5382
f 5393 5382 1357
f 5390 5382 5393
f 1316 5383 5204
f 5383 1357 5381
f 5204 5381 89
f 5383 5381 5204
f 1359 5393 5391
f 5393 1357 5383
f 5391 5383 1316
f 5393 5383 5391
f 342 5399 5304
f 5399 1361 5402
f 5304 5402 1340
f 5399 5402 5304
f 1361 5400 5404
f 5400 346 5390
f 5404 5390 1359
f 5400 5390 5404
f 1340 5392 5303
f 5392 1359 5389
f 5303 5389 337
f 5392 5389 5303
f 1361 5404 5402
f 5404 1359 5392
f 5402 5392 1340
f 5404 5392 5402
f 90 5283 5333
f 5283 1334 5335
f 5333 5335 1347
f 5283 5335 5333
f 1334 5284 5347
f 5284 341 5345
f 5347 5345 1350
f 5284 5345 5347
f 1347 5349 5334
f 5349 1350 5346
f 5334 5346 344
f 5349 5346 5334
f 1334 5347 5335
f 5347 1350 5349
f 5335 5349 1347
f 5347 5349 5335
f 341 5280 5290
f 5280 1333 5292
f 5290 5292 1336
f 5280 5292 5290
f 1333 5279 5282
f 5279 23 5066
f 5282 5066 1279
f 5279 5066 5282
f 1336 5291 5289
f 5291 1279 5067
f 5289 5067 327
f 5291 5067 5289
f 1333 5282 5292
f 5282 1279 5291
f 5292 5291 1336
f 5282 5291 5292
f 344 5337 5330
f 5337 1348 5340
f 5330 5340 1346
f 5337 5340 5330
f 1348 5336 5338
f 5336 327 5070
f 5338 5070 1280
f 5336 5070 5338
f 1346 5331 5329
f 5331 1280 5069
f 5329 5069 86
f 5331 5069 5329
f 1348 5338 5340
f 5338 1280 5331
f 5340 5331 1346
f 5338 5331 5340
f 341 5290 5345
f 5290 1336 5348
f 5345 5348 1350
f 5290 5348 5345
f 1336 5289 5339
f 5289 327 5336
f 5339 5336 1348
f 5289 5336 5339
f 1350 5350 5346
f 5350 1348 5337
f 5346 5337 344
f 5350 5337 5346
f 1336 5339 5348
f 5339 1348 5350
f 5348 5350 1350
f 5339 5350 5348
f 89 5235 5191
f 5235 1324 5237
f 5191 5237 1312
f 5235 5237 5191
f 1324 5236 5247
f 5236 339 5244
f 5247 5244 1326
f 5236 5244 5247
f 1312 5245 5192
f 5245 1326 5243
f 5192 5243 336
f 5245 5243 5192
f 1324 5247 5237
f 5247 1326 5245
f 5237 5245 1312
f 5247 5245 5237
f 339 5233 5239
f 5233 1323 5242
f 5239 5242 1325
f 5233 5242 5239
f 1323 5232 5234
f 5232 86 5060
f 5234 5060 1277
f 5232 5060 5234
f 1325 5240 5238
f 5240 1277 5061
f 5238 5061 326
f 5240 5061 5238
f 1323 5234 5242
f 5234 1277 5240
f 5242 5240 1325
f 5234 5240 5242
f 336 5198 5188
f 5198 1314 5200
f 5188 5200 1311
f 5198 5200 5188
f 1314 5197 5199
f 5197 326 5058
f 5199 5058 1276
f 5197 5058 5199
f 1311 5190 5187
f 5190 1276 5057
f 5187 5057 20
f 5190 5057 5187
f 1314 5199 5200
f 5199 1276 5190
f 5200 5190 1311
f 5199 5190 5200
f 339 5239 5244
f 5239 1325 5248
f 5244 5248 1326
f 5239 5248 5244
f 1325 5238 5241
f 5238 326 5197
f 5241 5197 1314
f 5238 5197 5241
f 1326 5246 5243
f 5246 1314 5198
f 5243 5198 336
f 5246 5198 5243
f 1325 5241 5248
f 5241 1314 5246
f 5248 5246 1326
f 5241 5246 5248
f 90 5333 5385
f 5333 1347 5388
f 5385 5388 1358
f 5333 5388 5385
f 1347 5334 5407
f 5334 344 5405
f 5407 5405 1362
f 5334 5405 5407
f 1358 5409 5386
f 5409 1362 5406
f 5386 5406 346
f 5409 5406 5386
f 1347 5407 5388
f 5407 1362 5409
f 5388 5409 1358
f 5407 5409 5388
f 344 5330 5342
f 5330 1346 5344
f 5342 5344 1349
f 5330 5344 5342
f 1346 5329 5332
f 5329 86 5232
f 5332 5232 1323
f 5329 5232 5332
f 1349 5343 5341
f 5343 1323 5233
f 5341 5233 339
f 5343 5233 5341
f 1346 5332 5344
f 5332 1323 5343
f 5344 5343 1349
f 5332 5343 5344
f 346 5395 5382
f 5395 1360 5398
f 5382 5398 1357
f 5395 5398 5382
f 1360 5394 5396
f 5394 339 5236
f 5396 5236 1324
f 5394 5236 5396
f 1357 5384 5381
f 5384 1324 5235
f 5381 5235 89
f 5384 5235 5381
f 1360 5396 5398
f 5396 1324 5384
f 5398 5384 1357
f 5396 5384 5398
f 344 5342 5405
f 5342 1349 5408
f 5405 5408 1362
f 5342 5408 5405
f 1349 5341 5397
f 5341 339 5394
f 5397 5394 1360
f 5341 5394 5397
f 1362 5410 5406
f 5410 1360 5395
f 5406 5395 346
f 5410 5395 5406
f 1349 5397 5408
f 5397 1360 5410
f 5408 5410 1362
f 5397 5410 5408
f 5 2747 5411
f 2747 703 5413
f 5411 5413 1363
f 2747 5413 5411
f 703 2748 5419
f 2748 185 5417
f 5419 5417 1365
f 2748 5417 5419
f 1363 5420 5412
f 5420 1365 5418
f 5412 5418 347
f 5420 5418 5412
f 703 5419 5413
f 5419 1365 5420
f 5413 5420 1363
f 5419 5420 5413
f 185 2750 5435
f 2750 704 5437
f 5435 5437 1371
f 2750 5437 5435
f 704 2749 5431
f 2749 52 5429
f 5431 5429 1369
f 2749 5429 5431
f 1371 5439 5436
f 5439 1369 5430
f 5436 5430 349
f 5439 5430 5436
f 704 5431 5437
f 5431 1369 5439
f 5437 5439 1371
f 5431 5439 5437
f 347 5440 5416
f 5440 1372 5442
f 5416 5442 1364
f 5440 5442 5416
f 1372 5441 5444
f 5441 349 5433
f 5444 5433 1370
f 5441 5433 5444
f 1364 5434 5415
f 5434 1370 5432
f 5415 5432 91
f 5434 5432 5415
f 1372 5444 5442
f 5444 1370 5434
f 5442 5434 1364
f 5444 5434 5442
f 185 5435 5417
f 5435 1371 5438
f 5417 5438 1365
f 5435 5438 5417
f 1371 5436 5445
f 5436 349 5441
f 5445 5441 1372
f 5436 5441 5445
f 1365 5443 5418
f 5443 1372 5440
f 5418 5440 347
f 5443 5440 5418
f 1371 5445 5438
f 5445 1372 5443
f 5438 5443 1365
f 5445 5443 5438
f 52 2753 5489
f 2753 706 5491
f 5489 5491 1387
f 2753 5491 5489
f 706 2754 5498
f 2754 186 5496
f 5498 5496 1389
f 2754 5496 5498
f 1387 5500 5490
f 5500 1389 5497
f 5490 5497 355
f 5500 5497 5490
f 706 5498 5491
f 5498 1389 5500
f 5491 5500 1387
f 5498 5500 5491
f 186 2752 5476
f 2752 705 5478
f 5476 5478 1383
f 2752 5478 5476
f 705 2751 5473
f 2751 17 5471
f 5473 5471 1381
f 2751 5471 5473
f 1383 5479 5477
f 5479 1381 5472
f 5477 5472 353
f 5479 5472 5477
f 705 5473 5478
f 5473 1381 5479
f 5478 5479 1383
f 5473 5479 5478
f 355 5506 5494
f 5506 1391 5509
f 5494 5509 1388
f 5506 5509 5494
f 1391 5505 5507
f 5505 353 5475
f 5507 5475 1382
f 5505 5475 5507
f 1388 5495 5493
f 5495 1382 5474
f 5493 5474 93
f 5495 5474 5493
f 1391 5507 5509
f 5507 1382 5495
f 5509 5495 1388
f 5507 5495 5509
f 186 5476 5496
f 5476 1383 5499
f 5496 5499 1389
f 5476 5499 5496
f 1383 5477 5508
f 5477 353 5505
f 5508 5505 1391
f 5477 5505 5508
f 1389 5510 5497
f 5510 1391 5506
f 5497 5506 355
f 5510 5506 5497
f 1383 5508 5499
f 5508 1391 5510
f 5499 5510 1389
f 5508 5510 5499
f 91 5511 5427
f 5511 1392 5513
f 5427 5513 1368
f 5511 5513 5427
f 1392 5512 5523
f 5512 356 5520
f 5523 5520 1394
f 5512 5520 5523
f 1368 5521 5428
f 5521 1394 5519
f 5428 5519 348
f 5521 5519 5428
f 1392 5523 5513
f 5523 1394 5521
f 5513 5521 1368
f 5523 5521 5513
f 356 5516 5530
f 5516 1393 5533
f 5530 5533 1396
f 5516 5533 5530
f 1393 5515 5517
f 5515 93 5483
f 5517 5483 1385
f 5515 5483 5517
f 1396 5531 5529
f 5531 1385 5484
f 5529 5484 354
f 5531 5484 5529
f 1393 5517 5533
f 5517 1385 5531
f 5533 5531 1396
f 5517 5531 5533
f 348 5485 5426
f 5485 1386 5487
f 5426 5487 1367
f 5485 5487 5426
f 1386 5486 5488
f 5486 354 5481
f 5488 5481 1384
f 5486 5481 5488
f 1367 5482 5425
f 5482 1384 5480
f 5425 5480 26
f 5482 5480 5425
f 1386 5488 5487
f 5488 1384 5482
f 5487 5482 1367
f 5488 5482 5487
f 356 5530 5520
f 5530 1396 5534
f 5520 5534 1394
f 5530 5534 5520
f 1396 5529 5532
f 5529 354 5486
f 5532 5486 1386
f 5529 5486 5532
f 1394 5522 5519
f 5522 1386 5485
f 5519 5485 348
f 5522 5485 5519
f 1396 5532 5534
f 5532 1386 5522
f 5534 5522 1394
f 5532 5522 5534
f 52 5489 5429
f 5489 1387 5492
f 5429 5492 1369
f 5489 5492 5429
f 1387 5490 5504
f 5490 355 5502
f 5504 5502 1390
f 5490 5502 5504
f 1369 5503 5430
f 5503 1390 5501
f 5430 5501 349
f 5503 5501 5430
f 1387 5504 5492
f 5504 1390 5503
f 5492 5503 1369
f 5504 5503 5492
f 355 5494 5535
f 5494 1388 5537
f 5535 5537 1397
f 5494 5537 5535
f 1388 5493 5518
f 5493 93 5515
f 5518 5515 1393
f 5493 5515 5518
f 1397 5539 5536
f 5539 1393 5516
f 5536 5516 356
f 5539 5516 5536
f 1388 5518 5537
f 5518 1393 5539
f 5537 5539 1397
f 5518 5539 5537
f 349 5524 5433
f 5524 1395 5526
f 5433 5526 1370
f 5524 5526 5433
f 1395 5525 5528
f 5525 356 5512
f 5528 5512 1392
f 5525 5512 5528
f 1370 5514 5432
f 5514 1392 5511
f 5432 5511 91
f 5514 5511 5432
f 1395 5528 5526
f 5528 1392 5514
f 5526 5514 1370
f 5528 5514 5526
f 355 5535 5502
f 5535 1397 5538
f 5502 5538 1390
f 5535 5538 5502
f 1397 5536 5540
f 5536 356 5525
f 5540 5525 1395
f 5536 5525 5540
f 1390 5527 5501
f 5527 1395 5524
f 5501 5524 349
f 5527 5524 5501
f 1397 5540 5538
f 5540 1395 5527
f 5538 5527 1390
f 5540 5527 5538
f 17 2759 5655
f 2759 709 5657
f 5655 5657 1425
f 2759 5657 5655
f 709 2760 5663
f 2760 188 5661
f 5663 5661 1427
f 2760 5661 5663
f 1425 5664 5656
f 5664 1427 5662
f 5656 5662 363
f 5664 5662 5656
f 709 5663 5657
f 5663 1427 5664
f 5657 5664 1425
f 5663 5664 5657
f 188 2762 5685
f 2762 710 5687
f 5685 5687 1434
f 2762 5687 5685
f 710 2761 5680
f 2761 53 5678
f 5680 5678 1432
f 2761 5678 5680
f 1434 5689 5686
f 5689 1432 5679
f 5686 5679 365
f 5689 5679 5686
f 710 5680 5687
f 5680 1432 5689
f 5687 5689 1434
f 5680 5689 5687
f 363 5694 5660
f 5694 1436 5696
f 5660 5696 1426
f 5694 5696 5660
f 1436 5695 5698
f 5695 365 5683
f 5698 5683 1433
f 5695 5683 5698
f 1426 5684 5659
f 5684 1433 5682
f 5659 5682 95
f 5684 5682 5659
f 1436 5698 5696
f 5698 1433 5684
f 5696 5684 1426
f 5698 5684 5696
f 188 5685 5661
f 5685 1434 5688
f 5661 5688 1427
f 5685 5688 5661
f 1434 5686 5699
f 5686 365 5695
f 5699 5695 1436
f 5686 5695 5699
f 1427 5697 5662
f 5697 1436 5694
f 5662 5694 363
f 5697 5694 5662
f 1434 5699 5688
f 5699 1436 5697
f 5688 5697 1427
f 5699 5697 5688
f 53 2757 5616
f 2757 708 5618
f 5616 5618 1416
f 2757 5618 5616
f 708 2758 5624
f 2758 187 5622
f 5624 5622 1418
f 2758 5622 5624
f 1416 5626 5617
f 5626 1418 5623
f 5617 5623 361
f 5626 5623 5617
f 708 5624 5618
f 5624 1418 5626
f 5618 5626 1416
f 5624 5626 5618
f 187 2756 5612
f 2756 707 5614
f 5612 5614 1415
f 2756 5614 5612
f 707 2755 5611
f 2755 6 4751
f 5611 4751 1201
f 2755 4751 5611
f 1415 5615 5613
f 5615 1201 4752
f 5613 4752 308
f 5615 4752 5613
f 707 5611 5614
f 5611 1201 5615
f 5614 5615 1415
f 5611 5615 5614
f 361 5628 5620
f 5628 1419 5631
f 5620 5631 1417
f 5628 5631 5620
f 1419 5627 5629
f 5627 308 4755
f 5629 4755 1202
f 5627 4755 5629
f 1417 5621 5619
f 5621 1202 4754
f 5619 4754 82
f 5621 4754 5619
f 1419 5629 5631
f 5629 1202 5621
f 5631 5621 1417
f 5629 5621 5631
f 187 5612 5622
f 5612 1415 5625
f 5622 5625 1418
f 5612 5625 5622
f 1415 5613 5630
f 5613 308 5627
f 5630 5627 1419
f 5613 5627 5630
f 1418 5632 5623
f 5632 1419 5628
f 5623 5628 361
f 5632 5628 5623
f 1415 5630 5625
f 5630 1419 5632
f 5625 5632 1418
f 5630 5632 5625
f 95 5721 5672
f 5721 1442 5723
f 5672 5723 1430
f 5721 5723 5672
f 1442 5722 5739
f 5722 367 5736
f 5739 5736 1445
f 5722 5736 5739
f 1430 5737 5673
f 5737 1445 5735
f 5673 5735 364
f 5737 5735 5673
f 1442 5739 5723
f 5739 1445 5737
f 5723 5737 1430
f 5739 5737 5723
f 367 5718 5726
f 5718 1441 5729
f 5726 5729 1443
f 5718 5729 5726
f 1441 5717 5719
f 5717 82 4762
f 5719 4762 1205
f 5717 4762 5719
f 1443 5727 5725
f 5727 1205 4763
f 5725 4763 309
f 5727 4763 5725
f 1441 5719 5729
f 5719 1205 5727
f 5729 5727 1443
f 5719 5727 5729
f 364 5675 5670
f 5675 1431 5677
f 5670 5677 1429
f 5675 5677 5670
f 1431 5674 5676
f 5674 309 4761
f 5676 4761 1204
f 5674 4761 5676
f 1429 5671 5669
f 5671 1204 4760
f 5669 4760 24
f 5671 4760 5669
f 1431 5676 5677
f 5676 1204 5671
f 5677 5671 1429
f 5676 5671 5677
f 367 5726 5736
f 5726 1443 5740
f 5736 5740 1445
f 5726 5740 5736
f 1443 5725 5728
f 5725 309 5674
f 5728 5674 1431
f 5725 5674 5728
f 1445 5738 5735
f 5738 1431 5675
f 5735 5675 364
f 5738 5675 5735
f 1443 5728 5740
f 5728 1431 5738
f 5740 5738 1445
f 5728 5738 5740
f 53 5616 5678
f 5616 1416 5681
f 5678 5681 1432
f 5616 5681 5678
f 1416 5617 5692
f 5617 361 5690
f 5692 5690 1435
f 5617 5690 5692
f 1432 5693 5679
f 5693 1435 5691
f 5679 5691 365
f 5693 5691 5679
f 1416 5692 5681
f 5692 1435 5693
f 5681 5693 1432
f 5692 5693 5681
f 361 5620 5730
f 5620 1417 5732
f 5730 5732 1444
f 5620 5732 5730
f 1417 5619 5720
f 5619 82 5717
f 5720 5717 1441
f 5619 5717 5720
f 1444 5734 5731
f 5734 1441 5718
f 5731 5718 367
f 5734 5718 5731
f 1417 5720 5732
f 5720 1441 5734
f 5732 5734 1444
f 5720 5734 5732
f 365 5741 5683
f 5741 1446 5743
f 5683 5743 1433
f 5741 5743 5683
f 1446 5742 5745
f 5742 367 5722
f 5745 5722 1442
f 5742 5722 5745
f 1433 5724 5682
f 5724 1442 5721
f 5682 5721 95
f 5724 5721 5682
f 1446 5745 5743
f 5745 1442 5724
f 5743 5724 1433
f 5745 5724 5743
f 361 5730 5690
f 5730 1444 5733
f 5690 5733 1435
f 5730 5733 5690
f 1444 5731 5746
f 5731 367 5742
f 5746 5742 1446
f 5731 5742 5746
f 1435 5744 5691
f 5744 1446 5741
f 5691 5741 365
f 5744 5741 5691
f 1444 5746 5733
f 5746 1446 5744
f 5733 5744 1435
f 5746 5744 5733
f 26 5747 5467
f 5747 1447 5749
f 5467 5749 1379
f 5747 5749 5467
f 1447 5748 5756
f 5748 368 5754
f 5756 5754 1449
f 5748 5754 5756
f 1379 5755 5468
f 5755 1449 5753
f 5468 5753 352
f 5755 5753 5468
f 1447 5756 5749
f 5756 1449 5755
f 5749 5755 1379
f 5756 5755 5749
f 368 5752 5791
f 5752 1448 5793
f 5791 5793 1459
f 5752 5793 5791
f 1448 5751 5781
f 5751 96 5779
f 5781 5779 1456
f 5751 5779 5781
f 1459 5795 5792
f 5795 1456 5780
f 5792 5780 370
f 5795 5780 5792
f 1448 5781 5793
f 5781 1456 5795
f 5793 5795 1459
f 5781 5795 5793
f 352 5782 5470
f 5782 1457 5784
f 5470 5784 1380
f 5782 5784 5470
f 1457 5783 5786
f 5783 370 5776
f 5786 5776 1455
f 5783 5776 5786
f 1380 5777 5469
f 5777 1455 5775
f 5469 5775 92
f 5777 5775 5469
f 1457 5786 5784
f 5786 1455 5777
f 5784 5777 1380
f 5786 5777 5784
f 368 5791 5754
f 5791 1459 5794
f 5754 5794 1449
f 5791 5794 5754
f 1459 5792 5796
f 5792 370 5783
f 5796 5783 1457
f 5792 5783 5796
f 1449 5785 5753
f 5785 1457 5782
f 5753 5782 352
f 5785 5782 5753
f 1459 5796 5794
f 5796 1457 5785
f 5794 5785 1449
f 5796 5785 5794
f 96 5765 5823
f 5765 1452 5825
f 5823 5825 1466
f 5765 5825 5823
f 1452 5766 5839
f 5766 369 5837
f 5839 5837 1469
f 5766 5837 5839
f 1466 5841 5824
f 5841 1469 5838
f 5824 5838 372
f 5841 5838 5824
f 1452 5839 5825
f 5839 1469 5841
f 5825 5841 1466
f 5839 5841 5825
f 369 5762 5768
f 5762 1451 5770
f 5768 5770 1453
f 5762 5770 5768
f 1451 5761 5763
f 5761 24 4790
f 5763 4790 1213
f 5761 4790 5763
f 1453 5769 5767
f 5769 1213 4791
f 5767 4791 312
f 5769 4791 5767
f 1451 5763 5770
f 5763 1213 5769
f 5770 5769 1453
f 5763 5769 5770
f 372 5828 5820
f 5828 1467 5831
f 5820 5831 1465
f 5828 5831 5820
f 1467 5827 5829
f 5827 312 4793
f 5829 4793 1214
f 5827 4793 5829
f 1465 5821 5819
f 5821 1214 4792
f 5819 4792 83
f 5821 4792 5819
f 1467 5829 5831
f 5829 1214 5821
f 5831 5821 1465
f 5829 5821 5831
f 369 5768 5837
f 5768 1453 5840
f 5837 5840 1469
f 5768 5840 5837
f 1453 5767 5830
f 5767 312 5827
f 5830 5827 1467
f 5767 5827 5830
f 1469 5842 5838
f 5842 1467 5828
f 5838 5828 372
f 5842 5828 5838
f 1453 5830 5840
f 5830 1467 5842
f 5840 5842 1469
f 5830 5842 5840
f 92 5638 5465
f 5638 1421 5640
f 5465 5640 1378
f 5638 5640 5465
f 1421 5639 5648
f 5639 362 5645
f 5648 5645 1423
f 5639 5645 5648
f 1378 5646 5466
f 5646 1423 5644
f 5466 5644 351
f 5646 5644 5466
f 1421 5648 5640
f 5648 1423 5646
f 5640 5646 1378
f 5648 5646 5640
f 362 5642 5650
f 5642 1422 5653
f 5650 5653 1424
f 5642 5653 5650
f 1422 5641 5643
f 5641 83 4784
f 5643 4784 1211
f 5641 4784 5643
f 1424 5651 5649
f 5651 1211 4785
f 5649 4785 311
f 5651 4785 5649
f 1422 5643 5653
f 5643 1211 5651
f 5653 5651 1424
f 5643 5651 5653
f 351 5634 5464
f 5634 1420 5636
f 5464 5636 1377
f 5634 5636 5464
f 1420 5635 5637
f 5635 311 4782
f 5637 4782 1210
f 5635 4782 5637
f 1377 5633 5463
f 5633 1210 4781
f 5463 4781 8
f 5633 4781 5463
f 1420 5637 5636
f 5637 1210 5633
f 5636 5633 1377
f 5637 5633 5636
f 362 5650 5645
f 5650 1424 5654
f 5645 5654 1423
f 5650 5654 5645
f 1424 5649 5652
f 5649 311 5635
f 5652 5635 1420
f 5649 5635 5652
f 1423 5647 5644
f 5647 1420 5634
f 5644 5634 351
f 5647 5634 5644
f 1424 5652 5654
f 5652 1420 5647
f 5654 5647 1423
f 5652 5647 5654
f 96 5823 5779
f 5823 1466 5826
f 5779 5826 1456
f 5823 5826 5779
f 1466 5824 5847
f 5824 372 5844
f 5847 5844 1470
f 5824 5844 5847
f 1456 5845 5780
f 5845 1470 5843
f 5780 5843 370
f 5845 5843 5780
f 1466 5847 5826
f 5847 1470 5845
f 5826 5845 1456
f 5847 5845 5826
f 372 5820 5833
f 5820 1465 5836
f 5833 5836 1468
f 5820 5836 5833
f 1465 5819 5822
f 5819 83 5641
f 5822 5641 1422
f 5819 5641 5822
f 1468 5834 5832
f 5834 1422 5642
f 5832 5642 362
f 5834 5642 5832
f 1465 5822 5836
f 5822 1422 5834
f 5836 5834 1468
f 5822 5834 5836
f 370 5788 5776
f 5788 1458 5790
f 5776 5790 1455
f 5788 5790 5776
f 1458 5787 5789
f 5787 362 5639
f 5789 5639 1421
f 5787 5639 5789
f 1455 5778 5775
f 5778 1421 5638
f 5775 5638 92
f 5778 5638 5775
f 1458 5789 5790
f 5789 1421 5778
f 5790 5778 1455
f 5789 5778 5790
f 372 5833 5844
f 5833 1468 5848
f 5844 5848 1470
f 5833 5848 5844
f 1468 5832 5835
f 5832 362 5787
f 5835 5787 1458
f 5832 5787 5835
f 1470 5846 5843
f 5846 1458 5788
f 5843 5788 370
f 5846 5788 5843
f 1468 5835 5848
f 5835 1458 5846
f 5848 5846 1470
f 5835 5846 5848
f 17 5655 5471
f 5655 1425 5658
f 5471 5658 1381
f 5655 5658 5471
f 1425 5656 5668
f 5656 363 5666
f 5668 5666 1428
f 5656 5666 5668
f 1381 5667 5472
f 5667 1428 5665
f 5472 5665 353
f 5667 5665 5472
f 1425 5668 5658
f 5668 1428 5667
f 5658 5667 1381
f 5668 5667 5658
f 363 5660 5711
f 5660 1426 5713
f 5711 5713 1440
f 5660 5713 5711
f 1426 5659 5705
f 5659 95 5703
f 5705 5703 1438
f 5659 5703 5705
f 1440 5715 5712
f 5715 1438 5704
f 5712 5704 366
f 5715 5704 5712
f 1426 5705 5713
f 5705 1438 5715
f 5713 5715 1440
f 5705 5715 5713
f 353 5706 5475
f 5706 1439 5708
f 5475 5708 1382
f 5706 5708 5475
f 1439 5707 5710
f 5707 366 5701
f 5710 5701 1437
f 5707 5701 5710
f 1382 5702 5474
f 5702 1437 5700
f 5474 5700 93
f 5702 5700 5474
f 1439 5710 5708
f 5710 1437 5702
f 5708 5702 1382
f 5710 5702 5708
f 363 5711 5666
f 5711 1440 5714
f 5666 5714 1428
f 5711 5714 5666
f 1440 5712 5716
f 5712 366 5707
f 5716 5707 1439
f 5712 5707 5716
f 1428 5709 5665
f 5709 1439 5706
f 5665 5706 353
f 5709 5706 5665
f 1440 5716 5714
f 5716 1439 5709
f 5714 5709 1428
f 5716 5709 5714
f 95 5672 5849
f 5672 1430 5851
f 5849 5851 1471
f 5672 5851 5849
f 1430 5673 5859
f 5673 364 5857
f 5859 5857 1473
f 5673 5857 5859
f 1471 5861 5850
f 5861 1473 5858
f 5850 5858 373
f 5861 5858 5850
f 1430 5859 5851
f 5859 1473 5861
f 5851 5861 1471
f 5859 5861 5851
f 364 5670 5771
f 5670 1429 5773
f 5771 5773 1454
f 5670 5773 5771
f 1429 5669 5764
f 5669 24 5761
f 5764 5761 1451
f 5669 5761 5764
f 1454 5774 5772
f 5774 1451 5762
f 5772 5762 369
f 5774 5762 5772
f 1429 5764 5773
f 5764 1451 5774
f 5773 5774 1454
f 5764 5774 5773
f 373 5868 5854
f 5868 1475 5871
f 5854 5871 1472
f 5868 5871 5854
f 1475 5867 5869
f 5867 369 5766
f 5869 5766 1452
f 5867 5766 5869
f 1472 5855 5853
f 5855 1452 5765
f 5853 5765 96
f 5855 5765 5853
f 1475 5869 5871
f 5869 1452 5855
f 5871 5855 1472
f 5869 5855 5871
f 364 5771 5857
f 5771 1454 5860
f 5857 5860 1473
f 5771 5860 5857
f 1454 5772 5870
f 5772 369 5867
f 5870 5867 1475
f 5772 5867 5870
f 1473 5872 5858
f 5872 1475 5868
f 5858 5868 373
f 5872 5868 5858
f 1454 5870 5860
f 5870 1475 5872
f 5860 5872 1473
f 5870 5872 5860
f 93 5797 5483
f 5797 1460 5799
f 5483 5799 1385
f 5797 5799 5483
f 1460 5798 5808
f 5798 371 5805
f 5808 5805 1462
f 5798 5805 5808
f 1385 5806 5484
f 5806 1462 5804
f 5484 5804 354
f 5806 5804 5484
f 1460 5808 5799
f 5808 1462 5806
f 5799 5806 1385
f 5808 5806 5799
f 371 5802 5814
f 5802 1461 5817
f 5814 5817 1464
f 5802 5817 5814
f 1461 5801 5803
f 5801 96 5751
f 5803 5751 1448
f 5801 5751 5803
f 1464 5815 5813
f 5815 1448 5752
f 5813 5752 368
f 5815 5752 5813
f 1461 5803 5817
f 5803 1448 5815
f 5817 5815 1464
f 5803 5815 5817
f 354 5757 5481
f 5757 1450 5759
f 5481 5759 1384
f 5757 5759 5481
f 1450 5758 5760
f 5758 368 5748
f 5760 5748 1447
f 5758 5748 5760
f 1384 5750 5480
f 5750 1447 5747
f 5480 5747 26
f 5750 5747 5480
f 1450 5760 5759
f 5760 1447 5750
f 5759 5750 1384
f 5760 5750 5759
f 371 5814 5805
f 5814 1464 5818
f 5805 5818 1462
f 5814 5818 5805
f 1464 5813 5816
f 5813 368 5758
f 5816 5758 1450
f 5813 5758 5816
f 1462 5807 5804
f 5807 1450 5757
f 5804 5757 354
f 5807 5757 5804
f 1464 5816 5818
f 5816 1450 5807
f 5818 5807 1462
f 5816 5807 5818
f 95 5849 5703
f 5849 1471 5852
f 5703 5852 1438
f 5849 5852 5703
f 1471 5850 5866
f 5850 373 5863
f 5866 5863 1474
f 5850 5863 5866
f 1438 5864 5704
f 5864 1474 5862
f 5704 5862 366
f 5864 5862 5704
f 1471 5866 5852
f 5866 1474 5864
f 5852 5864 1438
f 5866 5864 5852
f 373 5854 5874
f 5854 1472 5877
f 5874 5877 1476
f 5854 5877 5874
f 1472 5853 5856
f 5853 96 5801
f 5856 5801 1461
f 5853 5801 5856
f 1476 5875 5873
f 5875 1461 5802
f 5873 5802 371
f 5875 5802 5873
f 1472 5856 5877
f 5856 1461 5875
f 5877 5875 1476
f 5856 5875 5877
f 366 5809 5701
f 5809 1463 5811
f 5701 5811 1437
f 5809 5811 5701
f 1463 5810 5812
f 5810 371 5798
f 5812 5798 1460
f 5810 5798 5812
f 1437 5800 5700
f 5800 1460 5797
f 5700 5797 93
f 5800 5797 5700
f 1463 5812 5811
f 5812 1460 5800
f 5811 5800 1437
f 5812 5800 5811
f 373 5874 5863
f 5874 1476 5878
f 5863 5878 1474
f 5874 5878 5863
f 1476 5873 5876
f 5873 371 5810
f 5876 5810 1463
f 5873 5810 5876
f 1474 5865 5862
f 5865 1463 5809
f 5862 5809 366
f 5865 5809 5862
f 1476 5876 5878
f 5876 1463 5865
f 5878 5865 1474
f 5876 5865 5878
f 4 4643 2463
f 4643 1171 4645
f 2463 4645 633
f 4643 4645 2463
f 1171 4644 4651
f 4644 299 4649
f 4651 4649 1173
f 4644 4649 4651
f 633 4650 2464
f 4650 1173 4648
f 2464 4648 168
f 4650 4648 2464
f 1171 4651 4645
f 4651 1173 4650
f 4645 4650 633
f 4651 4650 4645
f 299 4647 4667
f 4647 1172 4669
f 4667 4669 1179
f 4647 4669 4667
f 1172 4646 4661
f 4646 79 4659
f 4661 4659 1177
f 4646 4659 4661
f 1179 4671 4668
f 4671 1177 4660
f 4668 4660 301
f 4671 4660 4668
f 1172 4661 4669
f 4661 1177 4671
f 4669 4671 1179
f 4661 4671 4669
f 168 4662 2467
f 4662 1178 4664
f 2467 4664 634
f 4662 4664 2467
f 1178 4663 4666
f 4663 301 4657
f 4666 4657 1176
f 4663 4657 4666
f 634 4658 2466
f 4658 1176 4656
f 2466 4656 48
f 4658 4656 2466
f 1178 4666 4664
f 4666 1176 4658
f 4664 4658 634
f 4666 4658 4664
f 299 4667 4649
f 4667 1179 4670
f 4649 4670 1173
f 4667 4670 4649
f 1179 4668 4672
f 4668 301 4663
f 4672 4663 1178
f 4668 4663 4672
f 1173 4665 4648
f 4665 1178 4662
f 4648 4662 168
f 4665 4662 4648
f 1179 4672 4670
f 4672 1178 4665
f 4670 4665 1173
f 4672 4665 4670
f 79 4654 4721
f 4654 1175 4723
f 4721 4723 1195
f 4654 4723 4721
f 1175 4655 4731
f 4655 300 4729
f 4731 4729 1197
f 4655 4729 4731
f 1195 4733 4722
f 4733 1197 4730
f 4722 4730 307
f 4733 4730 4722
f 1175 4731 4723
f 4731 1197 4733
f 4723 4733 1195
f 4731 4733 4723
f 300 4653 4695
f 4653 1174 4697
f 4695 4697 1189
f 4653 4697 4695
f 1174 4652 4692
f 4652 23 4690
f 4692 4690 1187
f 4652 4690 4692
f 1189 4698 4696
f 4698 1187 4691
f 4696 4691 305
f 4698 4691 4696
f 1174 4692 4697
f 4692 1187 4698
f 4697 4698 1189
f 4692 4698 4697
f 307 4740 4726
f 4740 1199 4743
f 4726 4743 1196
f 4740 4743 4726
f 1199 4739 4741
f 4739 305 4694
f 4741 4694 1188
f 4739 4694 4741
f 1196 4727 4725
f 4727 1188 4693
f 4725 4693 81
f 4727 4693 4725
f 1199 4741 4743
f 4741 1188 4727
f 4743 4727 1196
f 4741 4727 4743
f 300 4695 4729
f 4695 1189 4732
f 4729 4732 1197
f 4695 4732 4729
f 1189 4696 4742
f 4696 305 4739
f 4742 4739 1199
f 4696 4739 4742
f 1197 4744 4730
f 4744 1199 4740
f 4730 4740 307
f 4744 4740 4730
f 1189 4742 4732
f 4742 1199 4744
f 4732 4744 1197
f 4742 4744 4732
f 48 4699 2474
f 4699 1190 4701
f 2474 4701 637
f 4699 4701 2474
f 1190 4700 4710
f 4700 306 4707
f 4710 4707 1192
f 4700 4707 4710
f 637 4708 2475
f 4708 1192 4706
f 2475 4706 169
f 4708 4706 2475
f 1190 4710 4701
f 4710 1192 4708
f 4701 4708 637
f 4710 4708 4701
f 306 4704 4716
f 4704 1191 4719
f 4716 4719 1194
f 4704 4719 4716
f 1191 4703 4705
f 4703 81 4684
f 4705 4684 1185
f 4703 4684 4705
f 1194 4717 4715
f 4717 1185 4685
f 4715 4685 304
f 4717 4685 4715
f 1191 4705 4719
f 4705 1185 4717
f 4719 4717 1194
f 4705 4717 4719
f 169 4686 2473
f 4686 1186 4688
f 2473 4688 636
f 4686 4688 2473
f 1186 4687 4689
f 4687 304 4682
f 4689 4682 1184
f 4687 4682 4689
f 636 4683 2472
f 4683 1184 4681
f 2472 4681 16
f 4683 4681 2472
f 1186 4689 4688
f 4689 1184 4683
f 4688 4683 636
f 4689 4683 4688
f 306 4716 4707
f 4716 1194 4720
f 4707 4720 1192
f 4716 4720 4707
f 1194 4715 4718
f 4715 304 4687
f 4718 4687 1186
f 4715 4687 4718
f 1192 4709 4706
f 4709 1186 4686
f 4706 4686 169
f 4709 4686 4706
f 1194 4718 4720
f 4718 1186 4709
f 4720 4709 1192
f 4718 4709 4720
f 79 4721 4659
f 4721 1195 4724
f 4659 4724 1177
f 4721 4724 4659
f 1195 4722 4738
f 4722 307 4735
f 4738 4735 1198
f 4722 4735 4738
f 1177 4736 4660
f 4736 1198 4734
f 4660 4734 301
f 4736 4734 4660
f 1195 4738 4724
f 4738 1198 4736
f 4724 4736 1177
f 4738 4736 4724
f 307 4726 4746
f 4726 1196 4749
f 4746 4749 1200
f 4726 4749 4746
f 1196 4725 4728
f 4725 81 4703
f 4728 4703 1191
f 4725 4703 4728
f 1200 4747 4745
f 4747 1191 4704
f 4745 4704 306
f 4747 4704 4745
f 1196 4728 4749
f 4728 1191 4747
f 4749 4747 1200
f 4728 4747 4749
f 301 4711 4657
f 4711 1193 4713
f 4657 4713 1176
f 4711 4713 4657
f 1193 4712 4714
f 4712 306 4700
f 4714 4700 1190
f 4712 4700 4714
f 1176 4702 4656
f 4702 1190 4699
f 4656 4699 48
f 4702 4699 4656
f 1193 4714 4713
f 4714 1190 4702
f 4713 4702 1176
f 4714 4702 4713
f 307 4746 4735
f 4746 1200 4750
f 4735 4750 1198
f 4746 4750 4735
f 1200 4745 4748
f 4745 306 4712
f 4748 4712 1193
f 4745 4712 4748
f 1198 4737 4734
f 4737 1193 4711
f 4734 4711 301
f 4737 4711 4734
f 1200 4748 4750
f 4748 1193 4737
f 4750 4737 1198
f 4748 4737 4750
f 23 4677 4903
f 4677 1182 4905
f 4903 4905 1241
f 4677 4905 4903
f 1182 4678 4911
f 4678 303 4909
f 4911 4909 1243
f 4678 4909 4911
f 1241 4912 4904
f 4912 1243 4910
f 4904 4910 319
f 4912 4910 4904
f 1182 4911 4905
f 4911 1243 4912
f 4905 4912 1241
f 4911 4912 4905
f 303 4680 4938
f 4680 1183 4940
f 4938 4940 1251
f 4680 4940 4938
f 1183 4679 4933
f 4679 80 4931
f 4933 4931 1249
f 4679 4931 4933
f 1251 4942 4939
f 4942 1249 4932
f 4939 4932 321
f 4942 4932 4939
f 1183 4933 4940
f 4933 1249 4942
f 4940 4942 1251
f 4933 4942 4940
f 319 4947 4908
f 4947 1253 4949
f 4908 4949 1242
f 4947 4949 4908
f 1253 4948 4951
f 4948 321 4936
f 4951 4936 1250
f 4948 4936 4951
f 1242 4937 4907
f 4937 1250 4935
f 4907 4935 85
f 4937 4935 4907
f 1253 4951 4949
f 4951 1250 4937
f 4949 4937 1242
f 4951 4937 4949
f 303 4938 4909
f 4938 1251 4941
f 4909 4941 1243
f 4938 4941 4909
f 1251 4939 4952
f 4939 321 4948
f 4952 4948 1253
f 4939 4948 4952
f 1243 4950 4910
f 4950 1253 4947
f 4910 4947 319
f 4950 4947 4910
f 1251 4952 4941
f 4952 1253 4950
f 4941 4950 1243
f 4952 4950 4941
f 80 4675 4794
f 4675 1181 4796
f 4794 4796 1215
f 4675 4796 4794
f 1181 4676 4802
f 4676 302 4800
f 4802 4800 1217
f 4676 4800 4802
f 1215 4804 4795
f 4804 1217 4801
f 4795 4801 313
f 4804 4801 4795
f 1181 4802 4796
f 4802 1217 4804
f 4796 4804 1215
f 4802 4804 4796
f 302 4674 4786
f 4674 1180 4788
f 4786 4788 1212
f 4674 4788 4786
f 1180 4673 4783
f 4673 8 4781
f 4783 4781 1210
f 4673 4781 4783
f 1212 4789 4787
f 4789 1210 4782
f 4787 4782 311
f 4789 4782 4787
f 1180 4783 4788
f 4783 1210 4789
f 4788 4789 1212
f 4783 4789 4788
f 313 4806 4798
f 4806 1218 4809
f 4798 4809 1216
f 4806 4809 4798
f 1218 4805 4807
f 4805 311 4785
f 4807 4785 1211
f 4805 4785 4807
f 1216 4799 4797
f 4799 1211 4784
f 4797 4784 83
f 4799 4784 4797
f 1218 4807 4809
f 4807 1211 4799
f 4809 4799 1216
f 4807 4799 4809
f 302 4786 4800
f 4786 1212 4803
f 4800 4803 1217
f 4786 4803 4800
f 1212 4787 4808
f 4787 311 4805
f 4808 4805 1218
f 4787 4805 4808
f 1217 4810 4801
f 4810 1218 4806
f 4801 4806 313
f 4810 4806 4801
f 1212 4808 4803
f 4808 1218 4810
f 4803 4810 1217
f 4808 4810 4803
f 85 4979 4921
f 4979 1260 4981
f 4921 4981 1246
f 4979 4981 4921
f 1260 4980 4997
f 4980 323 4994
f 4997 4994 1263
f 4980 4994 4997
f 1246 4995 4922
f 4995 1263 4993
f 4922 4993 320
f 4995 4993 4922
f 1260 4997 4981
f 4997 1263 4995
f 4981 4995 1246
f 4997 4995 4981
f 323 4976 4984
f 4976 1259 4987
f 4984 4987 1261
f 4976 4987 4984
f 1259 4975 4977
f 4975 83 4792
f 4977 4792 1214
f 4975 4792 4977
f 1261 4985 4983
f 4985 1214 4793
f 4983 4793 312
f 4985 4793 4983
f 1259 4977 4987
f 4977 1214 4985
f 4987 4985 1261
f 4977 4985 4987
f 320 4924 4918
f 4924 1247 4926
f 4918 4926 1245
f 4924 4926 4918
f 1247 4923 4925
f 4923 312 4791
f 4925 4791 1213
f 4923 4791 4925
f 1245 4919 4917
f 4919 1213 4790
f 4917 4790 24
f 4919 4790 4917
f 1247 4925 4926
f 4925 1213 4919
f 4926 4919 1245
f 4925 4919 4926
f 323 4984 4994
f 4984 1261 4998
f 4994 4998 1263
f 4984 4998 4994
f 1261 4983 4986
f 4983 312 4923
f 4986 4923 1247
f 4983 4923 4986
f 1263 4996 4993
f 4996 1247 4924
f 4993 4924 320
f 4996 4924 4993
f 1261 4986 4998
f 4986 1247 4996
f 4998 4996 1263
f 4986 4996 4998
f 80 4794 4931
f 4794 1215 4934
f 4931 4934 1249
f 4794 4934 4931
f 1215 4795 4945
f 4795 313 4943
f 4945 4943 1252
f 4795 4943 4945
f 1249 4946 4932
f 4946 1252 4944
f 4932 4944 321
f 4946 4944 4932
f 1215 4945 4934
f 4945 1252 4946
f 4934 4946 1249
f 4945 4946 4934
f 313 4798 4988
f 4798 1216 4990
f 4988 4990 1262
f 4798 4990 4988
f 1216 4797 4978
f 4797 83 4975
f 4978 4975 1259
f 4797 4975 4978
f 1262 4992 4989
f 4992 1259 4976
f 4989 4976 323
f 4992 4976 4989
f 1216 4978 4990
f 4978 1259 4992
f 4990 4992 1262
f 4978 4992 4990
f 321 4999 4936
f 4999 1264 5001
f 4936 5001 1250
f 4999 5001 4936
f 1264 5000 5003
f 5000 323 4980
f 5003 4980 1260
f 5000 4980 5003
f 1250 4982 4935
f 4982 1260 4979
f 4935 4979 85
f 4982 4979 4935
f 1264 5003 5001
f 5003 1260 4982
f 5001 4982 1250
f 5003 4982 5001
f 313 4988 4943
f 4988 1262 4991
f 4943 4991 1252
f 4988 4991 4943
f 1262 4989 5004
f 4989 323 5000
f 5004 5000 1264
f 4989 5000 5004
f 1252 5002 4944
f 5002 1264 4999
f 4944 4999 321
f 5002 4999 4944
f 1262 5004 4991
f 5004 1264 5002
f 4991 5002 1252
f 5004 5002 4991
f 16 4811 2502
f 4811 1219 4813
f 2502 4813 645
f 4811 4813 2502
f 1219 4812 4820
f 4812 314 4818
f 4820 4818 1221
f 4812 4818 4820
f 645 4819 2503
f 4819 1221 4817
f 2503 4817 172
f 4819 4817 2503
f 1219 4820 4813
f 4820 1221 4819
f 4813 4819 645
f 4820 4819 4813
f 314 4816 4850
f 4816 1220 4852
f 4850 4852 1230
f 4816 4852 4850
f 1220 4815 4840
f 4815 84 4838
f 4840 4838 1227
f 4815 4838 4840
f 1230 4854 4851
f 4854 1227 4839
f 4851 4839 316
f 4854 4839 4851
f 1220 4840 4852
f 4840 1227 4854
f 4852 4854 1230
f 4840 4854 4852
f 172 4841 2505
f 4841 1228 4843
f 2505 4843 646
f 4841 4843 2505
f 1228 4842 4845
f 4842 316 4835
f 4845 4835 1226
f 4842 4835 4845
f 646 4836 2504
f 4836 1226 4834
f 2504 4834 49
f 4836 4834 2504
f 1228 4845 4843
f 4845 1226 4836
f 4843 4836 646
f 4845 4836 4843
f 314 4850 4818
f 4850 1230 4853
f 4818 4853 1221
f 4850 4853 4818
f 1230 4851 4855
f 4851 316 4842
f 4855 4842 1228
f 4851 4842 4855
f 1221 4844 4817
f 4844 1228 4841
f 4817 4841 172
f 4844 4841 4817
f 1230 4855 4853
f 4855 1228 4844
f 4853 4844 1221
f 4855 4844 4853
f 84 4828 4877
f 4828 1224 4879
f 4877 4879 1236
f 4828 4879 4877
f 1224 4829 4893
f 4829 315 4891
f 4893 4891 1239
f 4829 4891 4893
f 1236 4895 4878
f 4895 1239 4892
f 4878 4892 318
f 4895 4892 4878
f 1224 4893 4879
f 4893 1239 4895
f 4879 4895 1236
f 4893 4895 4879
f 315 4826 4831
f 4826 1223 4833
f 4831 4833 1225
f 4826 4833 4831
f 1223 4825 4827
f 4825 24 4760
f 4827 4760 1204
f 4825 4760 4827
f 1225 4832 4830
f 4832 1204 4761
f 4830 4761 309
f 4832 4761 4830
f 1223 4827 4833
f 4827 1204 4832
f 4833 4832 1225
f 4827 4832 4833
f 318 4882 4874
f 4882 1237 4885
f 4874 4885 1235
f 4882 4885 4874
f 1237 4881 4883
f 4881 309 4763
f 4883 4763 1205
f 4881 4763 4883
f 1235 4875 4873
f 4875 1205 4762
f 4873 4762 82
f 4875 4762 4873
f 1237 4883 4885
f 4883 1205 4875
f 4885 4875 1235
f 4883 4875 4885
f 315 4831 4891
f 4831 1225 4894
f 4891 4894 1239
f 4831 4894 4891
f 1225 4830 4884
f 4830 309 4881
f 4884 4881 1237
f 4830 4881 4884
f 1239 4896 4892
f 4896 1237 4882
f 4892 4882 318
f 4896 4882 4892
f 1225 4884 4894
f 4884 1237 4896
f 4894 4896 1239
f 4884 4896 4894
f 49 4764 2496
f 4764 1206 4766
f 2496 4766 643
f 4764 4766 2496
f 1206 4765 4774
f 4765 310 4771
f 4774 4771 1208
f 4765 4771 4774
f 643 4772 2497
f 4772 1208 4770
f 2497 4770 171
f 4772 4770 2497
f 1206 4774 4766
f 4774 1208 4772
f 4766 4772 643
f 4774 4772 4766
f 310 4768 4776
f 4768 1207 4779
f 4776 4779 1209
f 4768 4779 4776
f 1207 4767 4769
f 4767 82 4754
f 4769 4754 1202
f 4767 4754 4769
f 1209 4777 4775
f 4777 1202 4755
f 4775 4755 308
f 4777 4755 4775
f 1207 4769 4779
f 4769 1202 4777
f 4779 4777 1209
f 4769 4777 4779
f 171 4756 2494
f 4756 1203 4758
f 2494 4758 642
f 4756 4758 2494
f 1203 4757 4759
f 4757 308 4752
f 4759 4752 1201
f 4757 4752 4759
f 642 4753 2493
f 4753 1201 4751
f 2493 4751 6
f 4753 4751 2493
f 1203 4759 4758
f 4759 1201 4753
f 4758 4753 642
f 4759 4753 4758
f 310 4776 4771
f 4776 1209 4780
f 4771 4780 1208
f 4776 4780 4771
f 1209 4775 4778
f 4775 308 4757
f 4778 4757 1203
f 4775 4757 4778
f 1208 4773 4770
f 4773 1203 4756
f 4770 4756 171
f 4773 4756 4770
f 1209 4778 4780
f 4778 1203 4773
f 4780 4773 1208
f 4778 4773 4780
f 84 4877 4838
f 4877 1236 4880
f 4838 4880 1227
f 4877 4880 4838
f 1236 4878 4901
f 4878 318 4898
f 4901 4898 1240
f 4878 4898 4901
f 1227 4899 4839
f 4899 1240 4897
f 4839 4897 316
f 4899 4897 4839
f 1236 4901 4880
f 4901 1240 4899
f 4880 4899 1227
f 4901 4899 4880
f 318 4874 4887
f 4874 1235 4890
f 4887 4890 1238
f 4874 4890 4887
f 1235 4873 4876
f 4873 82 4767
f 4876 4767 1207
f 4873 4767 4876
f 1238 4888 4886
f 4888 1207 4768
f 4886 4768 310
f 4888 4768 4886
f 1235 4876 4890
f 4876 1207 4888
f 4890 4888 1238
f 4876 4888 4890
f 316 4847 4835
f 4847 1229 4849
f 4835 4849 1226
f 4847 4849 4835
f 1229 4846 4848
f 4846 310 4765
f 4848 4765 1206
f 4846 4765 4848
f 1226 4837 4834
f 4837 1206 4764
f 4834 4764 49
f 4837 4764 4834
f 1229 4848 4849
f 4848 1206 4837
f 4849 4837 1226
f 4848 4837 4849
f 318 4887 4898
f 4887 1238 4902
f 4898 4902 1240
f 4887 4902 4898
f 1238 4886 4889
f 4886 310 4846
f 4889 4846 1229
f 4886 4846 4889
f 1240 4900 4897
f 4900 1229 4847
f 4897 4847 316
f 4900 4847 4897
f 1238 4889 4902
f 4889 1229 4900
f 4902 4900 1240
f 4889 4900 4902
f 23 4903 4690
f 4903 1241 4906
f 4690 4906 1187
f 4903 4906 4690
f 1241 4904 4916
f 4904 319 4914
f 4916 4914 1244
f 4904 4914 4916
f 1187 4915 4691
f 4915 1244 4913
f 4691 4913 305
f 4915 4913 4691
f 1241 4916 4906
f 4916 1244 4915
f 4906 4915 1187
f 4916 4915 4906
f 319 4908 4969
f 4908 1242 4971
f 4969 4971 1258
f 4908 4971 4969
f 1242 4907 4959
f 4907 85 4957
f 4959 4957 1255
f 4907 4957 4959
f 1258 4973 4970
f 4973 1255 4958
f 4970 4958 322
f 4973 4958 4970
f 1242 4959 4971
f 4959 1255 4973
f 4971 4973 1258
f 4959 4973 4971
f 305 4960 4694
f 4960 1256 4962
f 4694 4962 1188
f 4960 4962 4694
f 1256 4961 4964
f 4961 322 4954
f 4964 4954 1254
f 4961 4954 4964
f 1188 4955 4693
f 4955 1254 4953
f 4693 4953 81
f 4955 4953 4693
f 1256 4964 4962
f 4964 1254 4955
f 4962 4955 1188
f 4964 4955 4962
f 319 4969 4914
f 4969 1258 4972
f 4914 4972 1244
f 4969 4972 4914
f 1258 4970 4974
f 4970 322 4961
f 4974 4961 1256
f 4970 4961 4974
f 1244 4963 4913
f 4963 1256 4960
f 4913 4960 305
f 4963 4960 4913
f 1258 4974 4972
f 4974 1256 4963
f 4972 4963 1244
f 4974 4963 4972
f 85 4921 5009
f 4921 1246 5011
f 5009 5011 1266
f 4921 5011 5009
f 1246 4922 5025
f 4922 320 5023
f 5025 5023 1269
f 4922 5023 5025
f 1266 5027 5010
f 5027 1269 5024
f 5010 5024 324
f 5027 5024 5010
f 1246 5025 5011
f 5025 1269 5027
f 5011 5027 1266
f 5025 5027 5011
f 320 4918 4928
f 4918 1245 4930
f 4928 4930 1248
f 4918 4930 4928
f 1245 4917 4920
f 4917 24 4825
f 4920 4825 1223
f 4917 4825 4920
f 1248 4929 4927
f 4929 1223 4826
f 4927 4826 315
f 4929 4826 4927
f 1245 4920 4930
f 4920 1223 4929
f 4930 4929 1248
f 4920 4929 4930
f 324 5014 5006
f 5014 1267 5017
f 5006 5017 1265
f 5014 5017 5006
f 1267 5013 5015
f 5013 315 4829
f 5015 4829 1224
f 5013 4829 5015
f 1265 5007 5005
f 5007 1224 4828
f 5005 4828 84
f 5007 4828 5005
f 1267 5015 5017
f 5015 1224 5007
f 5017 5007 1265
f 5015 5007 5017
f 320 4928 5023
f 4928 1248 5026
f 5023 5026 1269
f 4928 5026 5023
f 1248 4927 5016
f 4927 315 5013
f 5016 5013 1267
f 4927 5013 5016
f 1269 5028 5024
f 5028 1267 5014
f 5024 5014 324
f 5028 5014 5024
f 1248 5016 5026
f 5016 1267 5028
f 5026 5028 1269
f 5016 5028 5026
f 81 4856 4684
f 4856 1231 4858
f 4684 4858 1185
f 4856 4858 4684
f 1231 4857 4866
f 4857 317 4863
f 4866 4863 1233
f 4857 4863 4866
f 1185 4864 4685
f 4864 1233 4862
f 4685 4862 304
f 4864 4862 4685
f 1231 4866 4858
f 4866 1233 4864
f 4858 4864 1185
f 4866 4864 4858
f 317 4860 4868
f 4860 1232 4871
f 4868 4871 1234
f 4860 4871 4868
f 1232 4859 4861
f 4859 84 4815
f 4861 4815 1220
f 4859 4815 4861
f 1234 4869 4867
f 4869 1220 4816
f 4867 4816 314
f 4869 4816 4867
f 1232 4861 4871
f 4861 1220 4869
f 4871 4869 1234
f 4861 4869 4871
f 304 4821 4682
f 4821 1222 4823
f 4682 4823 1184
f 4821 4823 4682
f 1222 4822 4824
f 4822 314 4812
f 4824 4812 1219
f 4822 4812 4824
f 1184 4814 4681
f 4814 1219 4811
f 4681 4811 16
f 4814 4811 4681
f 1222 4824 4823
f 4824 1219 4814
f 4823 4814 1184
f 4824 4814 4823
f 317 4868 4863
f 4868 1234 4872
f 4863 4872 1233
f 4868 4872 4863
f 1234 4867 4870
f 4867 314 4822
f 4870 4822 1222
f 4867 4822 4870
f 1233 4865 4862
f 4865 1222 4821
f 4862 4821 304
f 4865 4821 4862
f 1234 4870 4872
f 4870 1222 4865
f 4872 4865 1233
f 4870 4865 4872
f 85 5009 4957
f 5009 1266 5012
f 4957 5012 1255
f 5009 5012 4957
f 1266 5010 5033
f 5010 324 5030
f 5033 5030 1270
f 5010 5030 5033
f 1255 5031 4958
f 5031 1270 5029
f 4958 5029 322
f 5031 5029 4958
f 1266 5033 5012
f 5033 1270 5031
f 5012 5031 1255
f 5033 5031 5012
f 324 5006 5019
f 5006 1265 5022
f 5019 5022 1268
f 5006 5022 5019
f 1265 5005 5008
f 5005 84 4859
f 5008 4859 1232
f 5005 4859 5008
f 1268 5020 5018
f 5020 1232 4860
f 5018 4860 317
f 5020 4860 5018
f 1265 5008 5022
f 5008 1232 5020
f 5022 5020 1268
f 5008 5020 5022
f 322 4966 4954
f 4966 1257 4968
f 4954 4968 1254
f 4966 4968 4954
f 1257 4965 4967
f 4965 317 4857
f 4967 4857 1231
f 4965 4857 4967
f 1254 4956 4953
f 4956 1231 4856
f 4953 4856 81
f 4956 4856 4953
f 1257 4967 4968
f 4967 1231 4956
f 4968 4956 1254
f 4967 4956 4968
f 324 5019 5030
f 5019 1268 5034
f 5030 5034 1270
f 5019 5034 5030
f 1268 5018 5021
f 5018 317 4965
f 5021 4965 1257
f 5018 4965 5021
f 1270 5032 5029
f 5032 1257 4966
f 5029 4966 322
f 5032 4966 5029
f 1268 5021 5034
f 5021 1257 5032
f 5034 5032 1270
f 5021 5032 5034
f 3 2055 1693
f 2055 525 2057
f 1693 2057 434
f 2055 2057 1693
f 525 2056 2063
f 2056 138 2061
f 2063 2061 527
f 2056 2061 2063
f 434 2062 1694
f 2062 527 2060
f 1694 2060 115
f 2062 2060 1694
f 525 2063 2057
f 2063 527 2062
f 2057 2062 434
f 2063 2062 2057
f 138 2059 2079
f 2059 526 2081
f 2079 2081 533
f 2059 2081 2079
f 526 2058 2073
f 2058 39 2071
f 2073 2071 531
f 2058 2071 2073
f 533 2083 2080
f 2083 531 2072
f 2080 2072 140
f 2083 2072 2080
f 526 2073 2081
f 2073 531 2083
f 2081 2083 533
f 2073 2083 2081
f 115 2074 1697
f 2074 532 2076
f 1697 2076 435
f 2074 2076 1697
f 532 2075 2078
f 2075 140 2069
f 2078 2069 530
f 2075 2069 2078
f 435 2070 1696
f 2070 530 2068
f 1696 2068 33
f 2070 2068 1696
f 532 2078 2076
f 2078 530 2070
f 2076 2070 435
f 2078 2070 2076
f 138 2079 2061
f 2079 533 2082
f 2061 2082 527
f 2079 2082 2061
f 533 2080 2084
f 2080 140 2075
f 2084 2075 532
f 2080 2075 2084
f 527 2077 2060
f 2077 532 2074
f 2060 2074 115
f 2077 2074 2060
f 533 2084 2082
f 2084 532 2077
f 2082 2077 527
f 2084 2077 2082
f 39 2066 2177
f 2066 529 2179
f 2177 2179 559
f 2066 2179 2177
f 529 2067 2187
f 2067 139 2185
f 2187 2185 561
f 2067 2185 2187
f 559 2189 2178
f 2189 561 2186
f 2178 2186 148
f 2189 2186 2178
f 529 2187 2179
f 2187 561 2189
f 2179 2189 559
f 2187 2189 2179
f 139 2065 2134
f 2065 528 2136
f 2134 2136 549
f 2065 2136 2134
f 528 2064 2131
f 2064 13 2129
f 2131 2129 547
f 2064 2129 2131
f 549 2137 2135
f 2137 547 2130
f 2135 2130 145
f 2137 2130 2135
f 528 2131 2136
f 2131 547 2137
f 2136 2137 549
f 2131 2137 2136
f 148 2196 2182
f 2196 563 2199
f 2182 2199 560
f 2196 2199 2182
f 563 2195 2197
f 2195 145 2133
f 2197 2133 548
f 2195 2133 2197
f 560 2183 2181
f 2183 548 2132
f 2181 2132 41
f 2183 2132 2181
f 563 2197 2199
f 2197 548 2183
f 2199 2183 560
f 2197 2183 2199
f 139 2134 2185
f 2134 549 2188
f 2185 2188 561
f 2134 2188 2185
f 549 2135 2198
f 2135 145 2195
f 2198 2195 563
f 2135 2195 2198
f 561 2200 2186
f 2200 563 2196
f 2186 2196 148
f 2200 2196 2186
f 549 2198 2188
f 2198 563 2200
f 2188 2200 561
f 2198 2200 2188
f 33 2138 1704
f 2138 550 2140
f 1704 2140 438
f 2138 2140 1704
f 550 2139 2149
f 2139 146 2146
f 2149 2146 552
f 2139 2146 2149
f 438 2147 1705
f 2147 552 2145
f 1705 2145 116
f 2147 2145 1705
f 550 2149 2140
f 2149 552 2147
f 2140 2147 438
f 2149 2147 2140
f 146 2143 2155
f 2143 551 2158
f 2155 2158 554
f 2143 2158 2155
f 551 2142 2144
f 2142 41 2119
f 2144 2119 544
f 2142 2119 2144
f 554 2156 2154
f 2156 544 2120
f 2154 2120 144
f 2156 2120 2154
f 551 2144 2158
f 2144 544 2156
f 2158 2156 554
f 2144 2156 2158
f 116 2121 1703
f 2121 545 2123
f 1703 2123 437
f 2121 2123 1703
f 545 2122 2124
f 2122 144 2116
f 2124 2116 543
f 2122 2116 2124
f 437 2117 1702
f 2117 543 2115
f 1702 2115 11
f 2117 2115 1702
f 545 2124 2123
f 2124 543 2117
f 2123 2117 437
f 2124 2117 2123
f 146 2155 2146
f 2155 554 2159
f 2146 2159 552
f 2155 2159 2146
f 554 2154 2157
f 2154 144 2122
f 2157 2122 545
f 2154 2122 2157
f 552 2148 2145
f 2148 545 2121
f 2145 2121 116
f 2148 2121 2145
f 554 2157 2159
f 2157 545 2148
f 2159 2148 552
f 2157 2148 2159
f 39 2177 2071
f 2177 559 2180
f 2071 2180 531
f 2177 2180 2071
f 559 2178 2194
f 2178 148 2191
f 2194 2191 562
f 2178 2191 2194
f 531 2192 2072
f 2192 562 2190
f 2072 2190 140
f 2192 2190 2072
f 559 2194 2180
f 2194 562 2192
f 2180 2192 531
f 2194 2192 2180
f 148 2182 2202
f 2182 560 2205
f 2202 2205 564
f 2182 2205 2202
f 560 2181 2184
f 2181 41 2142
f 2184 2142 551
f 2181 2142 2184
f 564 2203 2201
f 2203 551 2143
f 2201 2143 146
f 2203 2143 2201
f 560 2184 2205
f 2184 551 2203
f 2205 2203 564
f 2184 2203 2205
f 140 2150 2069
f 2150 553 2152
f 2069 2152 530
f 2150 2152 2069
f 553 2151 2153
f 2151 146 2139
f 2153 2139 550
f 2151 2139 2153
f 530 2141 2068
f 2141 550 2138
f 2068 2138 33
f 2141 2138 2068
f 553 2153 2152
f 2153 550 2141
f 2152 2141 530
f 2153 2141 2152
f 148 2202 2191
f 2202 564 2206
f 2191 2206 562
f 2202 2206 2191
f 564 2201 2204
f 2201 146 2151
f 2204 2151 553
f 2201 2151 2204
f 562 2193 2190
f 2193 553 2150
f 2190 2150 140
f 2193 2150 2190
f 564 2204 2206
f 2204 553 2193
f 2206 2193 562
f 2204 2193 2206
f 13 2094 2221
f 2094 537 2223
f 2221 2223 569
f 2094 2223 2221
f 537 2095 2229
f 2095 142 2227
f 2229 2227 571
f 2095 2227 2229
f 569 2230 2222
f 2230 571 2228
f 2222 2228 150
f 2230 2228 2222
f 537 2229 2223
f 2229 571 2230
f 2223 2230 569
f 2229 2230 2223
f 142 2097 2287
f 2097 538 2289
f 2287 2289 585
f 2097 2289 2287
f 538 2096 2281
f 2096 40 2279
f 2281 2279 583
f 2096 2279 2281
f 585 2291 2288
f 2291 583 2280
f 2288 2280 153
f 2291 2280 2288
f 538 2281 2289
f 2281 583 2291
f 2289 2291 585
f 2281 2291 2289
f 150 2297 2226
f 2297 587 2299
f 2226 2299 570
f 2297 2299 2226
f 587 2298 2301
f 2298 153 2284
f 2301 2284 584
f 2298 2284 2301
f 570 2285 2225
f 2285 584 2283
f 2225 2283 42
f 2285 2283 2225
f 587 2301 2299
f 2301 584 2285
f 2299 2285 570
f 2301 2285 2299
f 142 2287 2227
f 2287 585 2290
f 2227 2290 571
f 2287 2290 2227
f 585 2288 2302
f 2288 153 2298
f 2302 2298 587
f 2288 2298 2302
f 571 2300 2228
f 2300 587 2297
f 2228 2297 150
f 2300 2297 2228
f 585 2302 2290
f 2302 587 2300
f 2290 2300 571
f 2302 2300 2290
f 40 2088 2101
f 2088 535 2103
f 2101 2103 540
f 2088 2103 2101
f 535 2089 2111
f 2089 141 2109
f 2111 2109 542
f 2089 2109 2111
f 540 2113 2102
f 2113 542 2110
f 2102 2110 143
f 2113 2110 2102
f 535 2111 2103
f 2111 542 2113
f 2103 2113 540
f 2111 2113 2103
f 141 2086 2091
f 2086 534 2093
f 2091 2093 536
f 2086 2093 2091
f 534 2085 2087
f 2085 4 1955
f 2087 1955 499
f 2085 1955 2087
f 536 2092 2090
f 2092 499 1956
f 2090 1956 131
f 2092 1956 2090
f 534 2087 2093
f 2087 499 2092
f 2093 2092 536
f 2087 2092 2093
f 143 2105 2099
f 2105 541 2108
f 2099 2108 539
f 2105 2108 2099
f 541 2104 2106
f 2104 131 1958
f 2106 1958 500
f 2104 1958 2106
f 539 2100 2098
f 2100 500 1957
f 2098 1957 37
f 2100 1957 2098
f 541 2106 2108
f 2106 500 2100
f 2108 2100 539
f 2106 2100 2108
f 141 2091 2109
f 2091 536 2112
f 2109 2112 542
f 2091 2112 2109
f 536 2090 2107
f 2090 131 2104
f 2107 2104 541
f 2090 2104 2107
f 542 2114 2110
f 2114 541 2105
f 2110 2105 143
f 2114 2105 2110
f 536 2107 2112
f 2107 541 2114
f 2112 2114 542
f 2107 2114 2112
f 42 2239 2211
f 2239 574 2241
f 2211 2241 566
f 2239 2241 2211
f 574 2240 2255
f 2240 151 2252
f 2255 2252 577
f 2240 2252 2255
f 566 2253 2212
f 2253 577 2251
f 2212 2251 149
f 2253 2251 2212
f 574 2255 2241
f 2255 577 2253
f 2241 2253 566
f 2255 2253 2241
f 151 2236 2243
f 2236 573 2246
f 2243 2246 575
f 2236 2246 2243
f 573 2235 2237
f 2235 37 1961
f 2237 1961 502
f 2235 1961 2237
f 575 2244 2242
f 2244 502 1962
f 2242 1962 132
f 2244 1962 2242
f 573 2237 2246
f 2237 502 2244
f 2246 2244 575
f 2237 2244 2246
f 149 2214 2208
f 2214 567 2216
f 2208 2216 565
f 2214 2216 2208
f 567 2213 2215
f 2213 132 1960
f 2215 1960 501
f 2213 1960 2215
f 565 2209 2207
f 2209 501 1959
f 2207 1959 12
f 2209 1959 2207
f 567 2215 2216
f 2215 501 2209
f 2216 2209 565
f 2215 2209 2216
f 151 2243 2252
f 2243 575 2256
f 2252 2256 577
f 2243 2256 2252
f 575 2242 2245
f 2242 132 2213
f 2245 2213 567
f 2242 2213 2245
f 577 2254 2251
f 2254 567 2214
f 2251 2214 149
f 2254 2214 2251
f 575 2245 2256
f 2245 567 2254
f 2256 2254 577
f 2245 2254 2256
f 40 2101 2279
f 2101 540 2282
f 2279 2282 583
f 2101 2282 2279
f 540 2102 2294
f 2102 143 2292
f 2294 2292 586
f 2102 2292 2294
f 583 2296 2280
f 2296 586 2293
f 2280 2293 153
f 2296 2293 2280
f 540 2294 2282
f 2294 586 2296
f 2282 2296 583
f 2294 2296 2282
f 143 2099 2247
f 2099 539 2249
f 2247 2249 576
f 2099 2249 2247
f 539 2098 2238
f 2098 37 2235
f 2238 2235 573
f 2098 2235 2238
f 576 2250 2248
f 2250 573 2236
f 2248 2236 151
f 2250 2236 2248
f 539 2238 2249
f 2238 573 2250
f 2249 2250 576
f 2238 2250 2249
f 153 2304 2284
f 2304 588 2307
f 2284 2307 584
f 2304 2307 2284
f 588 2303 2305
f 2303 151 2240
f 2305 2240 574
f 2303 2240 2305
f 584 2286 2283
f 2286 574 2239
f 2283 2239 42
f 2286 2239 2283
f 588 2305 2307
f 2305 574 2286
f 2307 2286 584
f 2305 2286 2307
f 143 2247 2292
f 2247 576 2295
f 2292 2295 586
f 2247 2295 2292
f 576 2248 2306
f 2248 151 2303
f 2306 2303 588
f 2248 2303 2306
f 586 2308 2293
f 2308 588 2304
f 2293 2304 153
f 2308 2304 2293
f 576 2306 2295
f 2306 588 2308
f 2295 2308 586
f 2306 2308 2295
f 11 1985 1672
f 1985 508 1987
f 1672 1987 428
f 1985 1987 1672
f 508 1986 1993
f 1986 134 1991
f 1993 1991 510
f 1986 1991 1993
f 428 1992 1673
f 1992 510 1990
f 1673 1990 113
f 1992 1990 1673
f 508 1993 1987
f 1993 510 1992
f 1987 1992 428
f 1993 1992 1987
f 134 1989 2019
f 1989 509 2021
f 2019 2021 518
f 1989 2021 2019
f 509 1988 2009
f 1988 38 2007
f 2009 2007 515
f 1988 2007 2009
f 518 2023 2020
f 2023 515 2008
f 2020 2008 136
f 2023 2008 2020
f 509 2009 2021
f 2009 515 2023
f 2021 2023 518
f 2009 2023 2021
f 113 2010 1675
f 2010 516 2012
f 1675 2012 429
f 2010 2012 1675
f 516 2011 2014
f 2011 136 2004
f 2014 2004 514
f 2011 2004 2014
f 429 2005 1674
f 2005 514 2003
f 1674 2003 32
f 2005 2003 1674
f 516 2014 2012
f 2014 514 2005
f 2012 2005 429
f 2014 2005 2012
f 134 2019 1991
f 2019 518 2022
f 1991 2022 510
f 2019 2022 1991
f 518 2020 2024
f 2020 136 2011
f 2024 2011 516
f 2020 2011 2024
f 510 2013 1990
f 2013 516 2010
f 1990 2010 113
f 2013 2010 1990
f 518 2024 2022
f 2024 516 2013
f 2022 2013 510
f 2024 2013 2022
f 38 1997 2029
f 1997 512 2031
f 2029 2031 520
f 1997 2031 2029
f 512 1998 2045
f 1998 135 2043
f 2045 2043 523
f 1998 2043 2045
f 520 2047 2030
f 2047 523 2044
f 2030 2044 137
f 2047 2044 2030
f 512 2045 2031
f 2045 523 2047
f 2031 2047 520
f 2045 2047 2031
f 135 1995 2000
f 1995 511 2002
f 2000 2002 513
f 1995 2002 2000
f 511 1994 1996
f 1994 12 1951
f 1996 1951 497
f 1994 1951 1996
f 513 2001 1999
f 2001 497 1952
f 1999 1952 130
f 2001 1952 1999
f 511 1996 2002
f 1996 497 2001
f 2002 2001 513
f 1996 2001 2002
f 137 2034 2026
f 2034 521 2037
f 2026 2037 519
f 2034 2037 2026
f 521 2033 2035
f 2033 130 1954
f 2035 1954 498
f 2033 1954 2035
f 519 2027 2025
f 2027 498 1953
f 2025 1953 36
f 2027 1953 2025
f 521 2035 2037
f 2035 498 2027
f 2037 2027 519
f 2035 2027 2037
f 135 2000 2043
f 2000 513 2046
f 2043 2046 523
f 2000 2046 2043
f 513 1999 2036
f 1999 130 2033
f 2036 2033 521
f 1999 2033 2036
f 523 2048 2044
f 2048 521 2034
f 2044 2034 137
f 2048 2034 2044
f 513 2036 2046
f 2036 521 2048
f 2046 2048 523
f 2036 2048 2046
f 32 1968 1666
f 1968 504 1970
f 1666 1970 426
f 1968 1970 1666
f 504 1969 1978
f 1969 133 1975
f 1978 1975 506
f 1969 1975 1978
f 426 1976 1667
f 1976 506 1974
f 1667 1974 112
f 1976 1974 1667
f 504 1978 1970
f 1978 506 1976
f 1970 1976 426
f 1978 1976 1970
f 133 1972 1980
f 1972 505 1983
f 1980 1983 507
f 1972 1983 1980
f 505 1971 1973
f 1971 36 1949
f 1973 1949 496
f 1971 1949 1973
f 507 1981 1979
f 1981 496 1950
f 1979 1950 129
f 1981 1950 1979
f 505 1973 1983
f 1973 496 1981
f 1983 1981 507
f 1973 1981 1983
f 112 1964 1664
f 1964 503 1966
f 1664 1966 425
f 1964 1966 1664
f 503 1965 1967
f 1965 129 1948
f 1967 1948 495
f 1965 1948 1967
f 425 1963 1663
f 1963 495 1947
f 1663 1947 2
f 1963 1947 1663
f 503 1967 1966
f 1967 495 1963
f 1966 1963 425
f 1967 1963 1966
f 133 1980 1975
f 1980 507 1984
f 1975 1984 506
f 1980 1984 1975
f 507 1979 1982
f 1979 129 1965
f 1982 1965 503
f 1979 1965 1982
f 506 1977 1974
f 1977 503 1964
f 1974 1964 112
f 1977 1964 1974
f 507 1982 1984
f 1982 503 1977
f 1984 1977 506
f 1982 1977 1984
f 38 2029 2007
f 2029 520 2032
f 2007 2032 515
f 2029 2032 2007
f 520 2030 2053
f 2030 137 2050
f 2053 2050 524
f 2030 2050 2053
f 515 2051 2008
f 2051 524 2049
f 2008 2049 136
f 2051 2049 2008
f 520 2053 2032
f 2053 524 2051
f 2032 2051 515
f 2053 2051 2032
f 137 2026 2039
f 2026 519 2042
f 2039 2042 522
f 2026 2042 2039
f 519 2025 2028
f 2025 36 1971
f 2028 1971 505
f 2025 1971 2028
f 522 2040 2038
f 2040 505 1972
f 2038 1972 133
f 2040 1972 2038
f 519 2028 2042
f 2028 505 2040
f 2042 2040 522
f 2028 2040 2042
f 136 2016 2004
f 2016 517 2018
f 2004 2018 514
f 2016 2018 2004
f 517 2015 2017
f 2015 133 1969
f 2017 1969 504
f 2015 1969 2017
f 514 2006 2003
f 2006 504 1968
f 2003 1968 32
f 2006 1968 2003
f 517 2017 2018
f 2017 504 2006
f 2018 2006 514
f 2017 2006 2018
f 137 2039 2050
f 2039 522 2054
f 2050 2054 524
f 2039 2054 2050
f 522 2038 2041
f 2038 133 2015
f 2041 2015 517
f 2038 2015 2041
f 524 2052 2049
f 2052 517 2016
f 2049 2016 136
f 2052 2016 2049
f 522 2041 2054
f 2041 517 2052
f 2054 2052 524
f 2041 2052 2054
f 13 2221 2129
f 2221 569 2224
f 2129 2224 547
f 2221 2224 2129
f 569 2222 2234
f 2222 150 2232
f 2234 2232 572
f 2222 2232 2234
f 547 2233 2130
f 2233 572 2231
f 2130 2231 145
f 2233 2231 2130
f 569 2234 2224
f 2234 572 2233
f 2224 2233 547
f 2234 2233 2224
f 150 2226 2327
f 2226 570 2329
f 2327 2329 593
f 2226 2329 2327
f 570 2225 2315
f 2225 42 2313
f 2315 2313 590
f 2225 2313 2315
f 593 2331 2328
f 2331 590 2314
f 2328 2314 154
f 2331 2314 2328
f 570 2315 2329
f 2315 590 2331
f 2329 2331 593
f 2315 2331 2329
f 145 2317 2133
f 2317 591 2319
f 2133 2319 548
f 2317 2319 2133
f 591 2318 2321
f 2318 154 2310
f 2321 2310 589
f 2318 2310 2321
f 548 2311 2132
f 2311 589 2309
f 2132 2309 41
f 2311 2309 2132
f 591 2321 2319
f 2321 589 2311
f 2319 2311 548
f 2321 2311 2319
f 150 2327 2232
f 2327 593 2330
f 2232 2330 572
f 2327 2330 2232
f 593 2328 2332
f 2328 154 2318
f 2332 2318 591
f 2328 2318 2332
f 572 2320 2231
f 2320 591 2317
f 2231 2317 145
f 2320 2317 2231
f 593 2332 2330
f 2332 591 2320
f 2330 2320 572
f 2332 2320 2330
f 42 2211 2261
f 2211 566 2263
f 2261 2263 579
f 2211 2263 2261
f 566 2212 2275
f 2212 149 2273
f 2275 2273 582
f 2212 2273 2275
f 579 2277 2262
f 2277 582 2274
f 2262 2274 152
f 2277 2274 2262
f 566 2275 2263
f 2275 582 2277
f 2263 2277 579
f 2275 2277 2263
f 149 2208 2218
f 2208 565 2220
f 2218 2220 568
f 2208 2220 2218
f 565 2207 2210
f 2207 12 1994
f 2210 1994 511
f 2207 1994 2210
f 568 2219 2217
f 2219 511 1995
f 2217 1995 135
f 2219 1995 2217
f 565 2210 2220
f 2210 511 2219
f 2220 2219 568
f 2210 2219 2220
f 152 2265 2258
f 2265 580 2268
f 2258 2268 578
f 2265 2268 2258
f 580 2264 2266
f 2264 135 1998
f 2266 1998 512
f 2264 1998 2266
f 578 2259 2257
f 2259 512 1997
f 2257 1997 38
f 2259 1997 2257
f 580 2266 2268
f 2266 512 2259
f 2268 2259 578
f 2266 2259 2268
f 149 2218 2273
f 2218 568 2276
f 2273 2276 582
f 2218 2276 2273
f 568 2217 2267
f 2217 135 2264
f 2267 2264 580
f 2217 2264 2267
f 582 2278 2274
f 2278 580 2265
f 2274 2265 152
f 2278 2265 2274
f 568 2267 2276
f 2267 580 2278
f 2276 2278 582
f 2267 2278 2276
f 41 2163 2119
f 2163 556 2165
f 2119 2165 544
f 2163 2165 2119
f 556 2164 2175
f 2164 147 2172
f 2175 2172 558
f 2164 2172 2175
f 544 2173 2120
f 2173 558 2171
f 2120 2171 144
f 2173 2171 2120
f 556 2175 2165
f 2175 558 2173
f 2165 2173 544
f 2175 2173 2165
f 147 2161 2167
f 2161 555 2170
f 2167 2170 557
f 2161 2170 2167
f 555 2160 2162
f 2160 38 1988
f 2162 1988 509
f 2160 1988 2162
f 557 2168 2166
f 2168 509 1989
f 2166 1989 134
f 2168 1989 2166
f 555 2162 2170
f 2162 509 2168
f 2170 2168 557
f 2162 2168 2170
f 144 2126 2116
f 2126 546 2128
f 2116 2128 543
f 2126 2128 2116
f 546 2125 2127
f 2125 134 1986
f 2127 1986 508
f 2125 1986 2127
f 543 2118 2115
f 2118 508 1985
f 2115 1985 11
f 2118 1985 2115
f 546 2127 2128
f 2127 508 2118
f 2128 2118 543
f 2127 2118 2128
f 147 2167 2172
f 2167 557 2176
f 2172 2176 558
f 2167 2176 2172
f 557 2166 2169
f 2166 134 2125
f 2169 2125 546
f 2166 2125 2169
f 558 2174 2171
f 2174 546 2126
f 2171 2126 144
f 2174 2126 2171
f 557 2169 2176
f 2169 546 2174
f 2176 2174 558
f 2169 2174 2176
f 42 2261 2313
f 2261 579 2316
f 2313 2316 590
f 2261 2316 2313
f 579 2262 2335
f 2262 152 2333
f 2335 2333 594
f 2262 2333 2335
f 590 2337 2314
f 2337 594 2334
f 2314 2334 154
f 2337 2334 2314
f 579 2335 2316
f 2335 594 2337
f 2316 2337 590
f 2335 2337 2316
f 152 2258 2270
f 2258 578 2272
f 2270 2272 581
f 2258 2272 2270
f 578 2257 2260
f 2257 38 2160
f 2260 2160 555
f 2257 2160 2260
f 581 2271 2269
f 2271 555 2161
f 2269 2161 147
f 2271 2161 2269
f 578 2260 2272
f 2260 555 2271
f 2272 2271 581
f 2260 2271 2272
f 154 2323 2310
f 2323 592 2326
f 2310 2326 589
f 2323 2326 2310
f 592 2322 2324
f 2322 147 2164
f 2324 2164 556
f 2322 2164 2324
f 589 2312 2309
f 2312 556 2163
f 2309 2163 41
f 2312 2163 2309
f 592 2324 2326
f 2324 556 2312
f 2326 2312 589
f 2324 2312 2326
f 152 2270 2333
f 2270 581 2336
f 2333 2336 594
f 2270 2336 2333
f 581 2269 2325
f 2269 147 2322
f 2325 2322 592
f 2269 2322 2325
f 594 2338 2334
f 2338 592 2323
f 2334 2323 154
f 2338 2323 2334
f 581 2325 2336
f 2325 592 2338
f 2336 2338 594
f 2325 2338 2336
f 1 1539 2763
f 1539 387 2765
f 2763 2765 711
f 1539 2765 2763
f 387 1540 2771
f 1540 99 2769
f 2771 2769 713
f 1540 2769 2771
f 711 2772 2764
f 2772 713 2770
f 2764 2770 189
f 2772 2770 2764
f 387 2771 2765
f 2771 713 2772
f 2765 2772 711
f 2771 2772 2765
f 99 1542 2787
f 1542 388 2789
f 2787 2789 719
f 1542 2789 2787
f 388 1541 2783
f 1541 27 2781
f 2783 2781 717
f 1541 2781 2783
f 719 2791 2788
f 2791 717 2782
f 2788 2782 191
f 2791 2782 2788
f 388 2783 2789
f 2783 717 2791
f 2789 2791 719
f 2783 2791 2789
f 189 2792 2768
f 2792 720 2794
f 2768 2794 712
f 2792 2794 2768
f 720 2793 2796
f 2793 191 2785
f 2796 2785 718
f 2793 2785 2796
f 712 2786 2767
f 2786 718 2784
f 2767 2784 54
f 2786 2784 2767
f 720 2796 2794
f 2796 718 2786
f 2794 2786 712
f 2796 2786 2794
f 99 2787 2769
f 2787 719 2790
f 2769 2790 713
f 2787 2790 2769
f 719 2788 2797
f 2788 191 2793
f 2797 2793 720
f 2788 2793 2797
f 713 2795 2770
f 2795 720 2792
f 2770 2792 189
f 2795 2792 2770
f 719 2797 2790
f 2797 720 2795
f 2790 2795 713
f 2797 2795 2790
f 27 1545 2841
f 1545 390 2843
f 2841 2843 735
f 1545 2843 2841
f 390 1546 2850
f 1546 100 2848
f 2850 2848 737
f 1546 2848 2850
f 735 2852 2842
f 2852 737 2849
f 2842 2849 197
f 2852 2849 2842
f 390 2850 2843
f 2850 737 2852
f 2843 2852 735
f 2850 2852 2843
f 100 1544 2828
f 1544 389 2830
f 2828 2830 731
f 1544 2830 2828
f 389 1543 2825
f 1543 9 2823
f 2825 2823 729
f 1543 2823 2825
f 731 2831 2829
f 2831 729 2824
f 2829 2824 195
f 2831 2824 2829
f 389 2825 2830
f 2825 729 2831
f 2830 2831 731
f 2825 2831 2830
f 197 2858 2846
f 2858 739 2861
f 2846 2861 736
f 2858 2861 2846
f 739 2857 2859
f 2857 195 2827
f 2859 2827 730
f 2857 2827 2859
f 736 2847 2845
f 2847 730 2826
f 2845 2826 56
f 2847 2826 2845
f 739 2859 2861
f 2859 730 2847
f 2861 2847 736
f 2859 2847 2861
f 100 2828 2848
f 2828 731 2851
f 2848 2851 737
f 2828 2851 2848
f 731 2829 2860
f 2829 195 2857
f 2860 2857 739
f 2829 2857 2860
f 737 2862 2849
f 2862 739 2858
f 2849 2858 197
f 2862 2858 2849
f 731 2860 2851
f 2860 739 2862
f 2851 2862 737
f 2860 2862 2851
f 54 2863 2779
f 2863 740 2865
f 2779 2865 716
f 2863 2865 2779
f 740 2864 2875
f 2864 198 2872
f 2875 2872 742
f 2864 2872 2875
f 716 2873 2780
f 2873 742 2871
f 2780 2871 190
f 2873 2871 2780
f 740 2875 2865
f 2875 742 2873
f 2865 2873 716
f 2875 2873 2865
f 198 2868 2882
f 2868 741 2885
f 2882 2885 744
f 2868 2885 2882
f 741 2867 2869
f 2867 56 2835
f 2869 2835 733
f 2867 2835 2869
f 744 2883 2881
f 2883 733 2836
f 2881 2836 196
f 2883 2836 2881
f 741 2869 2885
f 2869 733 2883
f 2885 2883 744
f 2869 2883 2885
f 190 2837 2778
f 2837 734 2839
f 2778 2839 715
f 2837 2839 2778
f 734 2838 2840
f 2838 196 2833
f 2840 2833 732
f 2838 2833 2840
f 715 2834 2777
f 2834 732 2832
f 2777 2832 18
f 2834 2832 2777
f 734 2840 2839
f 2840 732 2834
f 2839 2834 715
f 2840 2834 2839
f 198 2882 2872
f 2882 744 2886
f 2872 2886 742
f 2882 2886 2872
f 744 2881 2884
f 2881 196 2838
f 2884 2838 734
f 2881 2838 2884
f 742 2874 2871
f 2874 734 2837
f 2871 2837 190
f 2874 2837 2871
f 744 2884 2886
f 2884 734 2874
f 2886 2874 742
f 2884 2874 2886
f 27 2841 2781
f 2841 735 2844
f 2781 2844 717
f 2841 2844 2781
f 735 2842 2856
f 2842 197 2854
f 2856 2854 738
f 2842 2854 2856
f 717 2855 2782
f 2855 738 2853
f 2782 2853 191
f 2855 2853 2782
f 735 2856 2844
f 2856 738 2855
f 2844 2855 717
f 2856 2855 2844
f 197 2846 2887
f 2846 736 2889
f 2887 2889 745
f 2846 2889 2887
f 736 2845 2870
f 2845 56 2867
f 2870 2867 741
f 2845 2867 2870
f 745 2891 2888
f 2891 741 2868
f 2888 2868 198
f 2891 2868 2888
f 736 2870 2889
f 2870 741 2891
f 2889 2891 745
f 2870 2891 2889
f 191 2876 2785
f 2876 743 2878
f 2785 2878 718
f 2876 2878 2785
f 743 2877 2880
f 2877 198 2864
f 2880 2864 740
f 2877 2864 2880
f 718 2866 2784
f 2866 740 2863
f 2784 2863 54
f 2866 2863 2784
f 743 2880 2878
f 2880 740 2866
f 2878 2866 718
f 2880 2866 2878
f 197 2887 2854
f 2887 745 2890
f 2854 2890 738
f 2887 2890 2854
f 745 2888 2892
f 2888 198 2877
f 2892 2877 743
f 2888 2877 2892
f 738 2879 2853
f 2879 743 2876
f 2853 2876 191
f 2879 2876 2853
f 745 2892 2890
f 2892 743 2879
f 2890 2879 738
f 2892 2879 2890
f 9 1551 3007
f 1551 393 3009
f 3007 3009 773
f 1551 3009 3007
f 393 1552 3015
f 1552 102 3013
f 3015 3013 775
f 1552 3013 3015
f 773 3016 3008
f 3016 775 3014
f 3008 3014 205
f 3016 3014 3008
f 393 3015 3009
f 3015 775 3016
f 3009 3016 773
f 3015 3016 3009
f 102 1554 3037
f 1554 394 3039
f 3037 3039 782
f 1554 3039 3037
f 394 1553 3032
f 1553 28 3030
f 3032 3030 780
f 1553 3030 3032
f 782 3041 3038
f 3041 780 3031
f 3038 3031 207
f 3041 3031 3038
f 394 3032 3039
f 3032 780 3041
f 3039 3041 782
f 3032 3041 3039
f 205 3046 3012
f 3046 784 3048
f 3012 3048 774
f 3046 3048 3012
f 784 3047 3050
f 3047 207 3035
f 3050 3035 781
f 3047 3035 3050
f 774 3036 3011
f 3036 781 3034
f 3011 3034 58
f 3036 3034 3011
f 784 3050 3048
f 3050 781 3036
f 3048 3036 774
f 3050 3036 3048
f 102 3037 3013
f 3037 782 3040
f 3013 3040 775
f 3037 3040 3013
f 782 3038 3051
f 3038 207 3047
f 3051 3047 784
f 3038 3047 3051
f 775 3049 3014
f 3049 784 3046
f 3014 3046 205
f 3049 3046 3014
f 782 3051 3040
f 3051 784 3049
f 3040 3049 775
f 3051 3049 3040
f 28 1549 2968
f 1549 392 2970
f 2968 2970 764
f 1549 2970 2968
f 392 1550 2976
f 1550 101 2974
f 2976 2974 766
f 1550 2974 2976
f 764 2978 2969
f 2978 766 2975
f 2969 2975 203
f 2978 2975 2969
f 392 2976 2970
f 2976 766 2978
f 2970 2978 764
f 2976 2978 2970
f 101 1548 2964
f 1548 391 2966
f 2964 2966 763
f 1548 2966 2964
f 391 1547 2963
f 1547 2 2355
f 2963 2355 603
f 1547 2355 2963
f 763 2967 2965
f 2967 603 2356
f 2965 2356 159
f 2967 2356 2965
f 391 2963 2966
f 2963 603 2967
f 2966 2967 763
f 2963 2967 2966
f 203 2980 2972
f 2980 767 2983
f 2972 2983 765
f 2980 2983 2972
f 767 2979 2981
f 2979 159 2359
f 2981 2359 604
f 2979 2359 2981
f 765 2973 2971
f 2973 604 2358
f 2971 2358 45
f 2973 2358 2971
f 767 2981 2983
f 2981 604 2973
f 2983 2973 765
f 2981 2973 2983
f 101 2964 2974
f 2964 763 2977
f 2974 2977 766
f 2964 2977 2974
f 763 2965 2982
f 2965 159 2979
f 2982 2979 767
f 2965 2979 2982
f 766 2984 2975
f 2984 767 2980
f 2975 2980 203
f 2984 2980 2975
f 763 2982 2977
f 2982 767 2984
f 2977 2984 766
f 2982 2984 2977
f 58 3073 3024
f 3073 790 3075
f 3024 3075 778
f 3073 3075 3024
f 790 3074 3091
f 3074 209 3088
f 3091 3088 793
f 3074 3088 3091
f 778 3089 3025
f 3089 793 3087
f 3025 3087 206
f 3089 3087 3025
f 790 3091 3075
f 3091 793 3089
f 3075 3089 778
f 3091 3089 3075
f 209 3070 3078
f 3070 789 3081
f 3078 3081 791
f 3070 3081 3078
f 789 3069 3071
f 3069 45 2366
f 3071 2366 607
f 3069 2366 3071
f 791 3079 3077
f 3079 607 2367
f 3077 2367 160
f 3079 2367 3077
f 789 3071 3081
f 3071 607 3079
f 3081 3079 791
f 3071 3079 3081
f 206 3027 3022
f 3027 779 3029
f 3022 3029 777
f 3027 3029 3022
f 779 3026 3028
f 3026 160 2365
f 3028 2365 606
f 3026 2365 3028
f 777 3023 3021
f 3023 606 2364
f 3021 2364 15
f 3023 2364 3021
f 779 3028 3029
f 3028 606 3023
f 3029 3023 777
f 3028 3023 3029
f 209 3078 3088
f 3078 791 3092
f 3088 3092 793
f 3078 3092 3088
f 791 3077 3080
f 3077 160 3026
f 3080 3026 779
f 3077 3026 3080
f 793 3090 3087
f 3090 779 3027
f 3087 3027 206
f 3090 3027 3087
f 791 3080 3092
f 3080 779 3090
f 3092 3090 793
f 3080 3090 3092
f 28 2968 3030
f 2968 764 3033
f 3030 3033 780
f 2968 3033 3030
f 764 2969 3044
f 2969 203 3042
f 3044 3042 783
f 2969 3042 3044
f 780 3045 3031
f 3045 783 3043
f 3031 3043 207
f 3045 3043 3031
f 764 3044 3033
f 3044 783 3045
f 3033 3045 780
f 3044 3045 3033
f 203 2972 3082
f 2972 765 3084
f 3082 3084 792
f 2972 3084 3082
f 765 2971 3072
f 2971 45 3069
f 3072 3069 789
f 2971 3069 3072
f 792 3086 3083
f 3086 789 3070
f 3083 3070 209
f 3086 3070 3083
f 765 3072 3084
f 3072 789 3086
f 3084 3086 792
f 3072 3086 3084
f 207 3093 3035
f 3093 794 3095
f 3035 3095 781
f 3093 3095 3035
f 794 3094 3097
f 3094 209 3074
f 3097 3074 790
f 3094 3074 3097
f 781 3076 3034
f 3076 790 3073
f 3034 3073 58
f 3076 3073 3034
f 794 3097 3095
f 3097 790 3076
f 3095 3076 781
f 3097 3076 3095
f 203 3082 3042
f 3082 792 3085
f 3042 3085 783
f 3082 3085 3042
f 792 3083 3098
f 3083 209 3094
f 3098 3094 794
f 3083 3094 3098
f 783 3096 3043
f 3096 794 3093
f 3043 3093 207
f 3096 3093 3043
f 792 3098 3085
f 3098 794 3096
f 3085 3096 783
f 3098 3096 3085
f 18 3099 2819
f 3099 795 3101
f 2819 3101 727
f 3099 3101 2819
f 795 3100 3108
f 3100 210 3106
f 3108 3106 797
f 3100 3106 3108
f 727 3107 2820
f 3107 797 3105
f 2820 3105 194
f 3107 3105 2820
f 795 3108 3101
f 3108 797 3107
f 3101 3107 727
f 3108 3107 3101
f 210 3104 3143
f 3104 796 3145
f 3143 3145 807
f 3104 3145 3143
f 796 3103 3133
f 3103 59 3131
f 3133 3131 804
f 3103 3131 3133
f 807 3147 3144
f 3147 804 3132
f 3144 3132 212
f 3147 3132 3144
f 796 3133 3145
f 3133 804 3147
f 3145 3147 807
f 3133 3147 3145
f 194 3134 2822
f 3134 805 3136
f 2822 3136 728
f 3134 3136 2822
f 805 3135 3138
f 3135 212 3128
f 3138 3128 803
f 3135 3128 3138
f 728 3129 2821
f 3129 803 3127
f 2821 3127 55
f 3129 3127 2821
f 805 3138 3136
f 3138 803 3129
f 3136 3129 728
f 3138 3129 3136
f 210 3143 3106
f 3143 807 3146
f 3106 3146 797
f 3143 3146 3106
f 807 3144 3148
f 3144 212 3135
f 3148 3135 805
f 3144 3135 3148
f 797 3137 3105
f 3137 805 3134
f 3105 3134 194
f 3137 3134 3105
f 807 3148 3146
f 3148 805 3137
f 3146 3137 797
f 3148 3137 3146
f 59 3117 3175
f 3117 800 3177
f 3175 3177 814
f 3117 3177 3175
f 800 3118 3191
f 3118 211 3189
f 3191 3189 817
f 3118 3189 3191
f 814 3193 3176
f 3193 817 3190
f 3176 3190 214
f 3193 3190 3176
f 800 3191 3177
f 3191 817 3193
f 3177 3193 814
f 3191 3193 3177
f 211 3114 3120
f 3114 799 3122
f 3120 3122 801
f 3114 3122 3120
f 799 3113 3115
f 3113 15 2389
f 3115 2389 614
f 3113 2389 3115
f 801 3121 3119
f 3121 614 2390
f 3119 2390 163
f 3121 2390 3119
f 799 3115 3122
f 3115 614 3121
f 3122 3121 801
f 3115 3121 3122
f 214 3180 3172
f 3180 815 3183
f 3172 3183 813
f 3180 3183 3172
f 815 3179 3181
f 3179 163 2392
f 3181 2392 615
f 3179 2392 3181
f 813 3173 3171
f 3173 615 2391
f 3171 2391 46
f 3173 2391 3171
f 815 3181 3183
f 3181 615 3173
f 3183 3173 813
f 3181 3173 3183
f 211 3120 3189
f 3120 801 3192
f 3189 3192 817
f 3120 3192 3189
f 801 3119 3182
f 3119 163 3179
f 3182 3179 815
f 3119 3179 3182
f 817 3194 3190
f 3194 815 3180
f 3190 3180 214
f 3194 3180 3190
f 801 3182 3192
f 3182 815 3194
f 3192 3194 817
f 3182 3194 3192
f 55 2990 2817
f 2990 769 2992
f 2817 2992 726
f 2990 2992 2817
f 769 2991 3000
f 2991 204 2997
f 3000 2997 771
f 2991 2997 3000
f 726 2998 2818
f 2998 771 2996
f 2818 2996 193
f 2998 2996 2818
f 769 3000 2992
f 3000 771 2998
f 2992 2998 726
f 3000 2998 2992
f 204 2994 3002
f 2994 770 3005
f 3002 3005 772
f 2994 3005 3002
f 770 2993 2995
f 2993 46 2387
f 2995 2387 613
f 2993 2387 2995
f 772 3003 3001
f 3003 613 2388
f 3001 2388 162
f 3003 2388 3001
f 770 2995 3005
f 2995 613 3003
f 3005 3003 772
f 2995 3003 3005
f 193 2986 2816
f 2986 768 2988
f 2816 2988 725
f 2986 2988 2816
f 768 2987 2989
f 2987 162 2386
f 2989 2386 612
f 2987 2386 2989
f 725 2985 2815
f 2985 612 2385
f 2815 2385 6
f 2985 2385 2815
f 768 2989 2988
f 2989 612 2985
f 2988 2985 725
f 2989 2985 2988
f 204 3002 2997
f 3002 772 3006
f 2997 3006 771
f 3002 3006 2997
f 772 3001 3004
f 3001 162 2987
f 3004 2987 768
f 3001 2987 3004
f 771 2999 2996
f 2999 768 2986
f 2996 2986 193
f 2999 2986 2996
f 772 3004 3006
f 3004 768 2999
f 3006 2999 771
f 3004 2999 3006
f 59 3175 3131
f 3175 814 3178
f 3131 3178 804
f 3175 3178 3131
f 814 3176 3199
f 3176 214 3196
f 3199 3196 818
f 3176 3196 3199
f 804 3197 3132
f 3197 818 3195
f 3132 3195 212
f 3197 3195 3132
f 814 3199 3178
f 3199 818 3197
f 3178 3197 804
f 3199 3197 3178
f 214 3172 3185
f 3172 813 3188
f 3185 3188 816
f 3172 3188 3185
f 813 3171 3174
f 3171 46 2993
f 3174 2993 770
f 3171 2993 3174
f 816 3186 3184
f 3186 770 2994
f 3184 2994 204
f 3186 2994 3184
f 813 3174 3188
f 3174 770 3186
f 3188 3186 816
f 3174 3186 3188
f 212 3140 3128
f 3140 806 3142
f 3128 3142 803
f 3140 3142 3128
f 806 3139 3141
f 3139 204 2991
f 3141 2991 769
f 3139 2991 3141
f 803 3130 3127
f 3130 769 2990
f 3127 2990 55
f 3130 2990 3127
f 806 3141 3142
f 3141 769 3130
f 3142 3130 803
f 3141 3130 3142
f 214 3185 3196
f 3185 816 3200
f 3196 3200 818
f 3185 3200 3196
f 816 3184 3187
f 3184 204 3139
f 3187 3139 806
f 3184 3139 3187
f 818 3198 3195
f 3198 806 3140
f 3195 3140 212
f 3198 3140 3195
f 816 3187 3200
f 3187 806 3198
f 3200 3198 818
f 3187 3198 3200
f 9 3007 2823
f 3007 773 3010
f 2823 3010 729
f 3007 3010 2823
f 773 3008 3020
f 3008 205 3018
f 3020 3018 776
f 3008 3018 3020
f 729 3019 2824
f 3019 776 3017
f 2824 3017 195
f 3019 3017 2824
f 773 3020 3010
f 3020 776 3019
f 3010 3019 729
f 3020 3019 3010
f 205 3012 3063
f 3012 774 3065
f 3063 3065 788
f 3012 3065 3063
f 774 3011 3057
f 3011 58 3055
f 3057 3055 786
f 3011 3055 3057
f 788 3067 3064
f 3067 786 3056
f 3064 3056 208
f 3067 3056 3064
f 774 3057 3065
f 3057 786 3067
f 3065 3067 788
f 3057 3067 3065
f 195 3058 2827
f 3058 787 3060
f 2827 3060 730
f 3058 3060 2827
f 787 3059 3062
f 3059 208 3053
f 3062 3053 785
f 3059 3053 3062
f 730 3054 2826
f 3054 785 3052
f 2826 3052 56
f 3054 3052 2826
f 787 3062 3060
f 3062 785 3054
f 3060 3054 730
f 3062 3054 3060
f 205 3063 3018
f 3063 788 3066
f 3018 3066 776
f 3063 3066 3018
f 788 3064 3068
f 3064 208 3059
f 3068 3059 787
f 3064 3059 3068
f 776 3061 3017
f 3061 787 3058
f 3017 3058 195
f 3061 3058 3017
f 788 3068 3066
f 3068 787 3061
f 3066 3061 776
f 3068 3061 3066
f 58 3024 3201
f 3024 778 3203
f 3201 3203 819
f 3024 3203 3201
f 778 3025 3211
f 3025 206 3209
f 3211 3209 821
f 3025 3209 3211
f 819 3213 3202
f 3213 821 3210
f 3202 3210 215
f 3213 3210 3202
f 778 3211 3203
f 3211 821 3213
f 3203 3213 819
f 3211 3213 3203
f 206 3022 3123
f 3022 777 3125
f 3123 3125 802
f 3022 3125 3123
f 777 3021 3116
f 3021 15 3113
f 3116 3113 799
f 3021 3113 3116
f 802 3126 3124
f 3126 799 3114
f 3124 3114 211
f 3126 3114 3124
f 777 3116 3125
f 3116 799 3126
f 3125 3126 802
f 3116 3126 3125
f 215 3220 3206
f 3220 823 3223
f 3206 3223 820
f 3220 3223 3206
f 823 3219 3221
f 3219 211 3118
f 3221 3118 800
f 3219 3118 3221
f 820 3207 3205
f 3207 800 3117
f 3205 3117 59
f 3207 3117 3205
f 823 3221 3223
f 3221 800 3207
f 3223 3207 820
f 3221 3207 3223
f 206 3123 3209
f 3123 802 3212
f 3209 3212 821
f 3123 3212 3209
f 802 3124 3222
f 3124 211 3219
f 3222 3219 823
f 3124 3219 3222
f 821 3224 3210
f 3224 823 3220
f 3210 3220 215
f 3224 3220 3210
f 802 3222 3212
f 3222 823 3224
f 3212 3224 821
f 3222 3224 3212
f 56 3149 2835
f 3149 808 3151
f 2835 3151 733
f 3149 3151 2835
f 808 3150 3160
f 3150 213 3157
f 3160 3157 810
f 3150 3157 3160
f 733 3158 2836
f 3158 810 3156
f 2836 3156 196
f 3158 3156 2836
f 808 3160 3151
f 3160 810 3158
f 3151 3158 733
f 3160 3158 3151
f 213 3154 3166
f 3154 809 3169
f 3166 3169 812
f 3154 3169 3166
f 809 3153 3155
f 3153 59 3103
f 3155 3103 796
f 3153 3103 3155
f 812 3167 3165
f 3167 796 3104
f 3165 3104 210
f 3167 3104 3165
f 809 3155 3169
f 3155 796 3167
f 3169 3167 812
f 3155 3167 3169
f 196 3109 2833
f 3109 798 3111
f 2833 3111 732
f 3109 3111 2833
f 798 3110 3112
f 3110 210 3100
f 3112 3100 795
f 3110 3100 3112
f 732 3102 2832
f 3102 795 3099
f 2832 3099 18
f 3102 3099 2832
f 798 3112 3111
f 3112 795 3102
f 3111 3102 732
f 3112 3102 3111
f 213 3166 3157
f 3166 812 3170
f 3157 3170 810
f 3166 3170 3157
f 812 3165 3168
f 3165 210 3110
f 3168 3110 798
f 3165 3110 3168
f 810 3159 3156
f 3159 798 3109
f 3156 3109 196
f 3159 3109 3156
f 812 3168 3170
f 3168 798 3159
f 3170 3159 810
f 3168 3159 3170
f 58 3201 3055
f 3201 819 3204
f 3055 3204 786
f 3201 3204 3055
f 819 3202 3218
f 3202 215 3215
f 3218 3215 822
f 3202 3215 3218
f 786 3216 3056
f 3216 822 3214
f 3056 3214 208
f 3216 3214 3056
f 819 3218 3204
f 3218 822 3216
f 3204 3216 786
f 3218 3216 3204
f 215 3206 3226
f 3206 820 3229
f 3226 3229 824
f 3206 3229 3226
f 820 3205 3208
f 3205 59 3153
f 3208 3153 809
f 3205 3153 3208
f 824 3227 3225
f 3227 809 3154
f 3225 3154 213
f 3227 3154 3225
f 820 3208 3229
f 3208 809 3227
f 3229 3227 824
f 3208 3227 3229
f 208 3161 3053
f 3161 811 3163
f 3053 3163 785
f 3161 3163 3053
f 811 3162 3164
f 3162 213 3150
f 3164 3150 808
f 3162 3150 3164
f 785 3152 3052
f 3152 808 3149
f 3052 3149 56
f 3152 3149 3052
f 811 3164 3163
f 3164 808 3152
f 3163 3152 785
f 3164 3152 3163
f 215 3226 3215
f 3226 824 3230
f 3215 3230 822
f 3226 3230 3215
f 824 3225 3228
f 3225 213 3162
f 3228 3162 811
f 3225 3162 3228
f 822 3217 3214
f 3217 811 3161
f 3214 3161 208
f 3217 3161 3214
f 824 3228 3230
f 3228 811 3217
f 3230 3217 822
f 3228 3217 3230

