# https://github.com/mikedh/trimesh
v 0.07676217 -0.02259044 -0.00244923
v 0.07668878 -0.02259044 -0.00393362
v 0.07675483 -0.02259044 -0.00238716
v 0.07643196 -0.02335110 -0.00162686
v 0.07643929 -0.02336181 -0.00244923
v 0.07643196 -0.02334574 -0.00334917
v 0.07624850 -0.02290649 -0.00716101
v 0.07625584 -0.02259044 -0.00840231
v 0.07590362 -0.02410640 -0.00558869
v 0.07655670 -0.02259044 -0.00113034
v 0.07651267 -0.02259044 -0.00101138
v 0.07496435 -0.02516703 0.00020923
v 0.07011393 -0.03271465 0.00458483
v 0.07031206 -0.03319140 0.00354006
v 0.07130269 -0.03346459 0.00063334
v 0.07004789 -0.03727857 -0.00030281
v 0.07024602 -0.03774996 -0.00135274
v 0.07173563 -0.03441273 -0.00156997
v 0.07030472 -0.03788924 -0.00244923
v 0.07317388 -0.03094157 -0.00401637
v 0.07393703 -0.02882567 -0.00558869
v 0.07034141 -0.03640543 -0.01030565
v 0.07337201 -0.02983809 -0.00716101
v 0.07525054 -0.02568127 -0.00558869
v 0.07173563 -0.03440737 -0.00364915
v 0.07074500 -0.03668933 -0.00401637
v 0.07608707 -0.02259044 -0.01014014
v 0.07357747 -0.02896494 -0.00881608
v 0.07145679 -0.03373242 -0.01030565
v 0.07582290 -0.02259044 0.00076265
v 0.07475889 -0.02467957 0.00125917
v 0.07159621 -0.02935598 0.00436243
v 0.06998185 -0.03210398 0.00556236
v 0.06841885 -0.03558049 0.00584682
v 0.06861698 -0.03605724 0.00480206
v 0.06877841 -0.03662505 0.00375212
v 0.06838950 -0.03710180 0.00421761
v 0.06859497 -0.03755176 0.00316767
v 0.06980574 -0.03826956 -0.00084588
v 0.06893251 -0.03982837 -0.00099587
v 0.06995249 -0.03867132 -0.00244923
v 0.06991581 -0.03859632 -0.00401637
v 0.07026803 -0.03780889 -0.00401637
v 0.07192642 -0.03328246 -0.00716101
v 0.07007724 -0.03735357 -0.00873333
v 0.07001120 -0.03719286 -0.01030565
v 0.07172829 -0.03282178 -0.01117456
v 0.07233735 -0.03197006 -0.00873333
v 0.07015796 -0.03754641 -0.00674207
v 0.07544132 -0.02410640 -0.01030565
v 0.07606505 -0.02259044 -0.01030565
v 0.07395905 -0.02259044 0.00547443
v 0.07012127 -0.03116655 0.00618818
v 0.06814735 -0.03662505 0.00536064
v 0.06863899 -0.03453057 0.00636403
v 0.06735484 -0.03663576 0.00698468
v 0.06712736 -0.03768568 0.00646230
v 0.06851424 -0.03897665 0.00138847
v 0.06874172 -0.03930341 0.00033853
v 0.06835281 -0.04034797 -0.00055107
v 0.06858029 -0.04065331 -0.00160100
v 0.06921136 -0.03983373 -0.00244923
v 0.06902791 -0.03996764 -0.00400603
v 0.06904992 -0.03971588 -0.00558869
v 0.06897654 -0.03959803 -0.00716101
v 0.06880043 -0.03937305 -0.01030565
v 0.06947553 -0.03825885 -0.01030565
v 0.06984242 -0.03844098 -0.00558869
v 0.07024602 -0.03618580 -0.01143317
v 0.07491299 -0.02504918 -0.01128317
v 0.07572751 -0.02259044 -0.01182107
v 0.07346740 -0.02259044 0.00655540
v 0.07330596 -0.02339395 0.00626576
v 0.07160355 -0.02780789 0.00596061
v 0.06838216 -0.03353958 0.00749672
v 0.06807396 -0.03507696 0.00692779
v 0.07182369 -0.02675797 0.00643127
v 0.07034141 -0.03012199 0.00658126
v 0.07003321 -0.02937741 0.00763120
v 0.06706866 -0.03607331 0.00786911
v 0.06678248 -0.03712323 0.00750707
v 0.06680449 -0.03881059 0.00541754
v 0.06623946 -0.03831777 0.00707261
v 0.06569645 -0.03941590 0.00663298
v 0.06383994 -0.04219604 0.00620370
v 0.06529286 -0.04046046 0.00593992
v 0.06814001 -0.03982837 0.00079885
v 0.06499934 -0.04297812 0.00237634
v 0.06689989 -0.04207820 -0.00028729
v 0.06659169 -0.04325667 -0.00244923
v 0.06798591 -0.04145681 -0.00244923
v 0.06859497 -0.04066938 -0.00244923
v 0.06562307 -0.04403340 -0.00087691
v 0.06233564 -0.04857054 -0.00150273
v 0.05754393 -0.05476291 -0.00168893
v 0.05810896 -0.05413617 -0.00230958
v 0.05760997 -0.05483254 -0.00273887
v 0.06858029 -0.04065331 -0.00347330
v 0.06846288 -0.04050332 -0.00558869
v 0.06695859 -0.04215854 -0.00771443
v 0.06681183 -0.04197106 -0.01030565
v 0.06538826 -0.04373342 -0.01090044
v 0.06869036 -0.03922306 -0.01142282
v 0.06903525 -0.03834456 -0.01191934
v 0.06985710 -0.03670005 -0.01192452
v 0.07006256 -0.03573584 -0.01247793
v 0.07448004 -0.02561699 -0.01183659
v 0.07511111 -0.02409033 -0.01183659
v 0.07571283 -0.02259044 -0.01187797
v 0.07345273 -0.02259044 0.00658643
v 0.06855094 -0.03274143 0.00776567
v 0.07298309 -0.02259044 0.00738811
v 0.07151549 -0.02601339 0.00748120
v 0.07172829 -0.02496883 0.00780705
v 0.06726679 -0.03511446 0.00810186
v 0.06657701 -0.03511446 0.00888802
v 0.06531487 -0.03409668 0.01081204
v 0.06380325 -0.03425203 0.01245676
v 0.06555703 -0.03612688 0.00950867
v 0.06573314 -0.03789995 0.00808634
v 0.06533689 -0.03894987 0.00768292
v 0.06342167 -0.04321917 0.00541754
v 0.06203479 -0.04346022 0.00745534
v 0.06094142 -0.04565648 0.00658643
v 0.06238701 -0.04392626 0.00640541
v 0.05763932 -0.05016148 0.00634852
v 0.05908491 -0.04843662 0.00612611
v 0.06053784 -0.04670640 0.00586234
v 0.06307679 -0.04457978 0.00389177
v 0.05932707 -0.04874731 0.00508135
v 0.06332627 -0.04607431 0.00073161
v 0.06039107 -0.04808843 0.00384005
v 0.05891613 -0.04979723 0.00416072
v 0.05825571 -0.05398082 -0.00401637
v 0.06210816 -0.04828127 -0.00045280
v 0.06017827 -0.04921870 0.00230393
v 0.05799155 -0.05375584 -0.00087691
v 0.05582683 -0.05621993 -0.00244923
v 0.05691286 -0.05534143 -0.00230958
v 0.05703026 -0.05235774 0.00387625
v 0.05599561 -0.05321481 0.00467275
v 0.05653862 -0.05521823 -0.00087691
v 0.05554065 -0.05600566 -0.00087691
v 0.05133597 -0.05954646 -0.00151825
v 0.05582683 -0.05622529 -0.00401637
v 0.05675876 -0.05549142 -0.00401637
v 0.05760263 -0.05482183 -0.00401637
v 0.06310613 -0.04769739 -0.00401637
v 0.06516812 -0.04501903 -0.00401637
v 0.06716405 -0.04242638 -0.00401637
v 0.06805195 -0.04126933 -0.00400603
v 0.06707599 -0.04231389 -0.00558869
v 0.06492596 -0.04442444 -0.01034702
v 0.06204212 -0.04819021 -0.01030565
v 0.06063323 -0.04997400 -0.01057460
v 0.05918764 -0.05170422 -0.01124697
v 0.06847022 -0.03892308 -0.01247276
v 0.06874172 -0.03778746 -0.01345028
v 0.06856561 -0.03748748 -0.01425713
v 0.06925539 -0.03668933 -0.01345028
v 0.07175764 -0.03132726 -0.01279860
v 0.07323992 -0.02796323 -0.01258137
v 0.07472220 -0.02459922 -0.01233311
v 0.07494234 -0.02355465 -0.01288135
v 0.07512579 -0.02259044 -0.01337270
v 0.06701729 -0.02968274 0.01095686
v 0.06750894 -0.03346995 0.00860872
v 0.07191174 -0.02410640 0.00801393
v 0.07219793 -0.02259044 0.00839149
v 0.06402339 -0.03320211 0.01269985
v 0.06356109 -0.03197006 0.01377048
v 0.06315016 -0.03373242 0.01336705
v 0.06221823 -0.03426274 0.01402908
v 0.06397935 -0.03609474 0.01105513
v 0.06519013 -0.03717144 0.00913110
v 0.06421417 -0.03983373 0.00813806
v 0.06414079 -0.03787853 0.00963280
v 0.06262183 -0.03983373 0.00968969
v 0.06230630 -0.04067473 0.00938454
v 0.06388396 -0.04068009 0.00782256
v 0.05912893 -0.04692602 0.00778636
v 0.06058186 -0.04519580 0.00763120
v 0.06118358 -0.04616001 0.00537099
v 0.05727976 -0.04970616 0.00739845
v 0.05582683 -0.05143103 0.00757947
v 0.05618639 -0.05188099 0.00653471
v 0.05724307 -0.05122747 0.00541754
v 0.05871801 -0.04927227 0.00552615
v 0.05801356 -0.05409867 -0.00546456
v 0.04338891 -0.06577097 -0.00192167
v 0.05322918 -0.05821799 -0.00244923
v 0.05636984 -0.05240595 0.00528306
v 0.05570209 -0.05293091 0.00572269
v 0.05465275 -0.05339159 0.00652954
v 0.05518109 -0.05357907 0.00528306
v 0.05513706 -0.05423795 0.00386591
v 0.05520310 -0.05556642 0.00072644
v 0.05620841 -0.05495039 0.00033336
v 0.05205510 -0.05870545 -0.00086139
v 0.05049944 -0.05994821 -0.00094415
v 0.04511334 -0.06431929 -0.00139412
v 0.05570942 -0.05613423 -0.00558869
v 0.05637718 -0.05507359 -0.01030565
v 0.05660466 -0.05525573 -0.00716101
v 0.05755127 -0.05477362 -0.00485943
v 0.04882638 -0.06160344 -0.00244923
v 0.04339625 -0.06577632 -0.00296644
v 0.04339625 -0.06577632 -0.00324573
v 0.05504167 -0.05682524 -0.00401637
v 0.05124792 -0.05947682 -0.00628693
v 0.06369318 -0.04671711 -0.00558869
v 0.06226226 -0.04847411 -0.00631279
v 0.06213018 -0.04830270 -0.00873333
v 0.05926102 -0.05180064 -0.01030565
v 0.05865197 -0.05258808 -0.01030565
v 0.05786680 -0.05360050 -0.01030565
v 0.05773471 -0.05342908 -0.01151592
v 0.05749990 -0.05312910 -0.01256586
v 0.06736218 -0.03980159 -0.01332615
v 0.06701729 -0.03752498 -0.01742763
v 0.06225493 -0.04689388 -0.01264344
v 0.06781714 -0.03668933 -0.01659492
v 0.06837483 -0.03668933 -0.01542085
v 0.06855094 -0.03588582 -0.01579842
v 0.06908661 -0.03526444 -0.01517259
v 0.07025336 -0.03147724 -0.01608806
v 0.07321791 -0.02475456 -0.01567946
v 0.07373157 -0.02577234 -0.01354855
v 0.07450940 -0.02259044 -0.01477434
v 0.06550567 -0.02983809 0.01259641
v 0.07022400 -0.02511882 0.00945178
v 0.07149348 -0.02259044 0.00918283
v 0.06849223 -0.02631337 0.01085341
v 0.06428022 -0.03197006 0.01298432
v 0.06463244 -0.03042733 0.01328947
v 0.06375188 -0.03101121 0.01398771
v 0.06250442 -0.03321282 0.01424631
v 0.05906289 -0.03263965 0.01715303
v 0.05799889 -0.03353958 0.01758749
v 0.05767601 -0.03449843 0.01732888
v 0.06078732 -0.03602510 0.01413253
v 0.05750724 -0.04056760 0.01403426
v 0.06039107 -0.03707502 0.01378082
v 0.06191004 -0.03511446 0.01372910
v 0.06238701 -0.03606259 0.01260676
v 0.06243837 -0.04241566 0.00794152
v 0.06179997 -0.03983373 0.01047585
v 0.05767601 -0.04236210 0.01261193
v 0.05584151 -0.04515831 0.01236367
v 0.06045711 -0.04345487 0.00911042
v 0.05439592 -0.04689924 0.01248263
v 0.05768335 -0.04865625 0.00790532
v 0.05623043 -0.05038111 0.00802945
v 0.05523979 -0.05089536 0.00860355
v 0.05477750 -0.05199884 0.00813289
v 0.05421981 -0.05304340 0.00757430
v 0.05523979 -0.05246487 0.00705709
v 0.05795485 -0.05371299 -0.00873333
v 0.05874002 -0.05270057 -0.00873333
v 0.05934907 -0.05191313 -0.00873333
v 0.04235426 -0.06617808 -0.00087691
v 0.04142966 -0.06715836 -0.00244923
v 0.04276518 -0.06625307 -0.00244406
v 0.04402732 -0.06528886 -0.00244406
v 0.05291365 -0.05482719 0.00631748
v 0.05397765 -0.05444686 0.00541754
v 0.05252473 -0.05451649 0.00736742
v 0.04973629 -0.05637528 0.00782256
v 0.05254674 -0.05612351 0.00414003
v 0.05041138 -0.05865189 0.00216429
v 0.05427851 -0.05466649 0.00440381
v 0.05386758 -0.05592531 0.00226773
v 0.04568571 -0.06364970 -0.00087174
v 0.04424746 -0.06475319 -0.00087174
v 0.04313942 -0.06558884 -0.00087691
v 0.05299436 -0.05803586 -0.00716101
v 0.05289897 -0.05796622 -0.00839714
v 0.05350068 -0.05745198 -0.00884712
v 0.05446930 -0.05639135 -0.01121594
v 0.05620107 -0.05493968 -0.01148489
v 0.05716235 -0.05438794 -0.01030565
v 0.05727976 -0.05450043 -0.00873333
v 0.05748522 -0.05469863 -0.00590936
v 0.04913457 -0.06063387 -0.01030565
v 0.04650023 -0.06259443 -0.01080734
v 0.04272115 -0.06621557 -0.00386638
v 0.04244965 -0.06624771 -0.00558869
v 0.04332287 -0.06572276 -0.00429050
v 0.04516471 -0.06435144 -0.00401637
v 0.05322184 -0.05821263 -0.00401637
v 0.04561233 -0.06368720 -0.00709377
v 0.04575175 -0.06340329 -0.00873333
v 0.04393926 -0.06461391 -0.01030565
v 0.04472443 -0.06401396 -0.01030565
v 0.04925198 -0.06072494 -0.00873333
v 0.05684681 -0.05406653 -0.01202796
v 0.05645057 -0.05364871 -0.01345028
v 0.05613503 -0.05334338 -0.01448988
v 0.05596625 -0.05160780 -0.01736556
v 0.06546164 -0.03754105 -0.01899995
v 0.06495532 -0.03668933 -0.02008092
v 0.06529286 -0.03566084 -0.02041193
v 0.06681917 -0.03551621 -0.01877238
v 0.06721542 -0.03668933 -0.01767072
v 0.06853626 -0.03427881 -0.01733970
v 0.05752925 -0.04846340 -0.01892754
v 0.05899686 -0.04674390 -0.01872583
v 0.05940044 -0.04569398 -0.01925338
v 0.06083869 -0.04395305 -0.01909822
v 0.06225493 -0.04217997 -0.01894305
v 0.06838950 -0.03526444 -0.01672940
v 0.07188239 -0.02711687 -0.01648114
v 0.07172095 -0.02650621 -0.01740694
v 0.07343071 -0.02370464 -0.01617081
v 0.07367287 -0.02259044 -0.01665181
v 0.06844087 -0.02302434 0.01236367
v 0.06592393 -0.02714901 0.01332051
v 0.06972502 -0.02410640 0.01047068
v 0.07063493 -0.02259044 0.01013449
v 0.06544696 -0.02655442 0.01409632
v 0.06397935 -0.02996665 0.01417907
v 0.05956188 -0.03039519 0.01759783
v 0.05930505 -0.03159509 0.01738578
v 0.05846118 -0.03205577 0.01784609
v 0.05672941 -0.03356636 0.01842020
v 0.05675876 -0.03506089 0.01769093
v 0.05623776 -0.03625008 0.01743750
v 0.05607632 -0.04232460 0.01413770
v 0.05279624 -0.04686710 0.01403943
v 0.05995079 -0.03831777 0.01332051
v 0.05667804 -0.04286563 0.01320155
v 0.05488757 -0.04769739 0.01139649
v 0.05567274 -0.04769739 0.01062067
v 0.05330256 -0.04769739 0.01295329
v 0.05408772 -0.04769739 0.01218264
v 0.05570209 -0.04969545 0.00907421
v 0.05465275 -0.05035968 0.00959142
v 0.05418312 -0.05140960 0.00917765
v 0.05367680 -0.05245952 0.00860872
v 0.05317047 -0.05346658 0.00803979
v 0.05147540 -0.05492361 0.00795187
v 0.04200937 -0.06591024 0.00018337
v 0.04103341 -0.06697087 -0.00088208
v 0.04051241 -0.06745297 -0.00140964
v 0.04481249 -0.06408896 -0.00034935
v 0.04834207 -0.05965359 0.00339007
v 0.04368977 -0.06442107 0.00069541
v 0.04064450 -0.06750654 -0.00244923
v 0.04054910 -0.06747440 -0.00401637
v 0.04133427 -0.06711550 -0.00401637
v 0.05002981 -0.05659490 0.00698986
v 0.04620671 -0.05924112 0.00728984
v 0.04727072 -0.05865724 0.00690710
v 0.04480515 -0.06093920 0.00596578
v 0.04481249 -0.06251944 0.00283666
v 0.04572240 -0.06212840 0.00229359
v 0.04517939 -0.06278192 0.00178672
v 0.05149741 -0.05652527 0.00499342
v 0.04195800 -0.06115348 0.00945695
v 0.04021155 -0.06259979 0.00929661
v 0.04796783 -0.06094992 0.00123848
v 0.05363277 -0.05677703 -0.01179521
v 0.05518109 -0.05555035 -0.01187797
v 0.04822466 -0.06114811 -0.01130386
v 0.05589288 -0.05470398 -0.01253482
v 0.04211944 -0.06600131 -0.01030565
v 0.04198735 -0.06589953 -0.01138662
v 0.04323482 -0.06565312 -0.00558869
v 0.04687447 -0.06288369 -0.00558869
v 0.05555533 -0.05443615 -0.01345028
v 0.05398499 -0.05286663 -0.01816724
v 0.05457204 -0.05176850 -0.01918097
v 0.05570209 -0.05131318 -0.01816724
v 0.05606899 -0.05017220 -0.01909822
v 0.06404540 -0.03933555 -0.01915511
v 0.06448568 -0.03806065 -0.01960508
v 0.06258514 -0.03668933 -0.02241353
v 0.06248974 -0.03465378 -0.02388241
v 0.06402339 -0.03465914 -0.02231526
v 0.06357577 -0.03353958 -0.02339623
v 0.06428022 -0.03353958 -0.02261007
v 0.06378857 -0.03263430 -0.02361346
v 0.06552034 -0.02827928 -0.02376863
v 0.06873438 -0.02373143 -0.02231526
v 0.06976905 -0.02259044 -0.02167392
v 0.06981307 -0.02259044 -0.02162220
v 0.06874172 -0.03322889 -0.01761900
v 0.05565072 -0.04964724 -0.02014815
v 0.05605431 -0.04859732 -0.02059813
v 0.06119092 -0.04297812 -0.01944475
v 0.07274828 -0.02259044 -0.01809483
v 0.07318856 -0.02313683 -0.01722075
v 0.07366553 -0.02259044 -0.01666733
v 0.06773641 -0.02259044 0.01332568
v 0.07042947 -0.02259044 0.01036206
v 0.07002588 -0.02259044 0.01080687
v 0.06701729 -0.02259044 0.01409115
v 0.05999482 -0.02878817 0.01774265
v 0.05903354 -0.02786681 0.01874087
v 0.05725774 -0.03197006 0.01865811
v 0.05582683 -0.03410739 0.01871501
v 0.05526181 -0.03525373 0.01855984
v 0.05526914 -0.03673754 0.01784092
v 0.05204776 -0.04135503 0.01768576
v 0.05152676 -0.04254959 0.01743233
v 0.04824667 -0.04708137 0.01732888
v 0.05132863 -0.04854911 0.01411184
v 0.05245869 -0.04769739 0.01373945
v 0.05452067 -0.04864018 0.01103961
v 0.05294300 -0.04861875 0.01260158
v 0.05410974 -0.04968474 0.01064136
v 0.05306040 -0.05027398 0.01113271
v 0.05314112 -0.05187563 0.00958625
v 0.05250272 -0.05292019 0.00908973
v 0.05081498 -0.05439865 0.00900180
v 0.04807790 -0.05631100 0.00931730
v 0.04534082 -0.05821799 0.00963797
v 0.04365308 -0.05968573 0.00955004
v 0.04256706 -0.06524065 0.00070575
v 0.04108478 -0.06386933 0.00555201
v 0.04021889 -0.06418537 0.00616749
v 0.04011616 -0.06571740 0.00292976
v 0.03996206 -0.06722800 -0.00035970
v 0.03715895 -0.06893679 -0.00161652
v 0.03946308 -0.06799936 -0.00244923
v 0.03715161 -0.06893679 -0.00342675
v 0.04016753 -0.06731370 -0.00756443
v 0.03776800 -0.06863681 -0.00397500
v 0.03986667 -0.06718514 -0.01030565
v 0.04103341 -0.06662804 -0.01030565
v 0.04057846 -0.06286762 0.00825185
v 0.04162779 -0.06248730 0.00749155
v 0.04305136 -0.06394968 0.00255737
v 0.03558861 -0.06109455 0.01409115
v 0.04415940 -0.05867867 0.01011898
v 0.04295597 -0.05914470 0.01059481
v 0.03916956 -0.06292119 0.00966900
v 0.03804684 -0.06404610 0.00869148
v 0.03959516 -0.06325866 0.00868630
v 0.05416844 -0.05615565 -0.01226587
v 0.04965557 -0.05946075 -0.01261758
v 0.05138734 -0.05800908 -0.01283998
v 0.05311911 -0.05655741 -0.01305203
v 0.05273019 -0.05625743 -0.01409680
v 0.05477016 -0.05504681 -0.01345028
v 0.04108478 -0.06619950 -0.01189865
v 0.04164980 -0.06566383 -0.01243138
v 0.04255238 -0.06523530 -0.01189865
v 0.04792380 -0.06091242 -0.01234863
v 0.03889071 -0.06743155 -0.01132972
v 0.04495191 -0.05947147 -0.01893271
v 0.05194503 -0.05547535 -0.01646045
v 0.05287695 -0.05323088 -0.01901029
v 0.05155611 -0.05499860 -0.01777416
v 0.04838610 -0.05655205 -0.01926373
v 0.05346400 -0.05228810 -0.01962060
v 0.05405837 -0.05132925 -0.02023091
v 0.05511505 -0.05075072 -0.01966715
v 0.06165321 -0.04164965 -0.01991024
v 0.06039107 -0.04297812 -0.02023091
v 0.06006820 -0.04163358 -0.02147221
v 0.06087538 -0.03930877 -0.02227906
v 0.06070661 -0.03749284 -0.02368070
v 0.06177061 -0.03668933 -0.02319969
v 0.06211550 -0.03570370 -0.02353588
v 0.06098545 -0.03668933 -0.02390310
v 0.06155047 -0.03515196 -0.02428583
v 0.06149911 -0.03368421 -0.02498924
v 0.06278326 -0.03353958 -0.02414102
v 0.06400871 -0.03158438 -0.02384621
v 0.06304009 -0.03195399 -0.02449272
v 0.06325290 -0.03039519 -0.02483925
v 0.06698060 -0.02487777 -0.02367035
v 0.06899122 -0.02259044 -0.02255318
v 0.05460138 -0.05027933 -0.02067054
v 0.05515174 -0.04918120 -0.02091363
v 0.05764666 -0.04390483 -0.02217562
v 0.05908491 -0.04214783 -0.02207218
v 0.05747054 -0.04680282 -0.02045331
v 0.06078732 -0.02259044 0.01885465
v 0.06066991 -0.02326539 0.01876673
v 0.05981871 -0.02730436 0.01829607
v 0.05647258 -0.03197006 0.01897361
v 0.05923167 -0.02681690 0.01884948
v 0.05833643 -0.02410640 0.01969771
v 0.05833643 -0.02568127 0.01941324
v 0.04780639 -0.03511446 0.02180275
v 0.05253207 -0.03353958 0.02023560
v 0.05618639 -0.03305748 0.01886500
v 0.05477750 -0.03482519 0.01894775
v 0.05438124 -0.03587511 0.01877190
v 0.05407305 -0.03668933 0.01861674
v 0.05146806 -0.03461628 0.02043732
v 0.05201107 -0.03513053 0.02005458
v 0.05110116 -0.03566620 0.02028733
v 0.05202575 -0.03985515 0.01841502
v 0.05055081 -0.04303169 0.01783058
v 0.04882638 -0.04597253 0.01751508
v 0.04727806 -0.04609573 0.01838916
v 0.04727072 -0.04764382 0.01760301
v 0.04671303 -0.04862411 0.01732888
v 0.04776236 -0.04813129 0.01693580
v 0.03730570 -0.05964288 0.01419459
v 0.04799718 -0.05310768 0.01241022
v 0.04969226 -0.05162923 0.01249814
v 0.05138000 -0.05015077 0.01258607
v 0.05192302 -0.05073465 0.01161371
v 0.05246603 -0.05132389 0.01063619
v 0.04976564 -0.05483254 0.00941040
v 0.04466573 -0.05766625 0.01068791
v 0.03867057 -0.06419609 0.00776567
v 0.03907416 -0.06593702 0.00342628
v 0.03660860 -0.06871180 -0.00056658
v 0.03292492 -0.07070986 -0.00244923
v 0.03718096 -0.06894750 -0.00244923
v 0.02938800 -0.07211868 -0.00153377
v 0.02597582 -0.07358642 -0.00244923
v 0.02588777 -0.07354892 -0.00401637
v 0.03925762 -0.06758689 -0.00873333
v 0.03249197 -0.07053309 -0.00716101
v 0.02689307 -0.07299182 -0.00558869
v 0.03790008 -0.06800472 -0.01030565
v 0.03552991 -0.06891536 -0.01106077
v 0.03790008 -0.05678239 0.01592724
v 0.03702686 -0.05785373 0.01560140
v 0.03517768 -0.05924648 0.01548244
v 0.03412835 -0.05958931 0.01570484
v 0.03475208 -0.06133560 0.01426700
v 0.03354865 -0.06243909 0.01385840
v 0.03484747 -0.06218732 0.01331016
v 0.04501061 -0.05008649 0.01723579
v 0.04418142 -0.05036504 0.01741681
v 0.04361639 -0.05809479 0.01107064
v 0.03706355 -0.06418002 0.00930178
v 0.03762858 -0.06441571 0.00825185
v 0.04341093 -0.06421752 -0.01268999
v 0.05047743 -0.05839476 -0.01339856
v 0.05099842 -0.05771446 -0.01388991
v 0.04678641 -0.05967502 -0.01613978
v 0.04150304 -0.06238552 -0.01852412
v 0.04639749 -0.05936969 -0.01718971
v 0.04060047 -0.06596381 -0.01303652
v 0.03943373 -0.06699765 -0.01186245
v 0.04158376 -0.06402467 -0.01549844
v 0.04198001 -0.06431929 -0.01444850
v 0.04254504 -0.06452821 -0.01330547
v 0.04053443 -0.06438358 -0.01616564
v 0.04045371 -0.06277656 -0.01919649
v 0.03789275 -0.06764582 -0.01186245
v 0.03841374 -0.06723335 -0.01237966
v 0.02775896 -0.07209725 -0.01119008
v 0.03163343 -0.07021704 -0.01192452
v 0.04322748 -0.06092849 -0.01873100
v 0.04666900 -0.05801444 -0.01910856
v 0.04104809 -0.06185520 -0.01979128
v 0.04785042 -0.05613423 -0.02031366
v 0.04956751 -0.05467720 -0.02044296
v 0.05128461 -0.05321481 -0.02054641
v 0.05300904 -0.05175778 -0.02062399
v 0.05981137 -0.03811422 -0.02392896
v 0.05736047 -0.03880524 -0.02512889
v 0.05981871 -0.03661434 -0.02469443
v 0.05574611 -0.04663140 -0.02194805
v 0.05672941 -0.04447800 -0.02248077
v 0.05677344 -0.04302098 -0.02324624
v 0.06036906 -0.03511446 -0.02506682
v 0.06203479 -0.03232896 -0.02513923
v 0.06067725 -0.03430024 -0.02523750
v 0.06354641 -0.02882567 -0.02505131
v 0.06229896 -0.03127905 -0.02526336
v 0.06373721 -0.02775968 -0.02518061
v 0.06392065 -0.02670976 -0.02530474
v 0.06410410 -0.02568127 -0.02542370
v 0.06533689 -0.02311005 -0.02519612
v 0.06610738 -0.02259044 -0.02479787
v 0.06737686 -0.02259044 -0.02393930
v 0.06816202 -0.02259044 -0.02333934
v 0.05356673 -0.05081500 -0.02094466
v 0.05270084 -0.04994186 -0.02203080
v 0.05132863 -0.04854911 -0.02371690
v 0.05321450 -0.04889194 -0.02235147
v 0.05425650 -0.04830806 -0.02200494
v 0.06009022 -0.02259044 0.01921670
v 0.06004619 -0.02259044 0.01923739
v 0.05821903 -0.02259044 0.02001320
v 0.04701389 -0.03511446 0.02210790
v 0.04674238 -0.03618044 0.02200446
v 0.05328788 -0.03668933 0.01898395
v 0.05005182 -0.03638400 0.02052007
v 0.05149007 -0.03934627 0.01888569
v 0.05108648 -0.04039618 0.01870466
v 0.05253207 -0.03866061 0.01864260
v 0.04729273 -0.03669469 0.02162173
v 0.04931802 -0.04297812 0.01860639
v 0.04878968 -0.04445658 0.01825469
v 0.04672771 -0.04554935 0.01885982
v 0.04619203 -0.04659926 0.01867363
v 0.04777704 -0.04491725 0.01863743
v 0.04570038 -0.04762775 0.01837882
v 0.04562700 -0.04919728 0.01751508
v 0.04889975 -0.05274342 0.01206369
v 0.05077828 -0.05280235 0.01054826
v 0.03804684 -0.06473176 0.00713985
v 0.03795879 -0.06618879 0.00390728
v 0.03571336 -0.06742084 0.00321939
v 0.02883031 -0.07189370 -0.00048383
v 0.02996036 -0.07163122 -0.00095449
v 0.02497785 -0.07381676 -0.00124413
v 0.02374507 -0.07448635 -0.00244923
v 0.02519066 -0.07390782 -0.00244923
v 0.02510260 -0.07387033 -0.00401637
v 0.02462563 -0.07367748 -0.00837645
v 0.03790008 -0.06814935 -0.00873333
v 0.03318175 -0.06995992 -0.01030565
v 0.02689307 -0.07270792 -0.00873333
v 0.02531540 -0.07321681 -0.01030565
v 0.04133427 -0.05287734 0.01700304
v 0.04264043 -0.05091143 0.01772714
v 0.03791476 -0.05404510 0.01770645
v 0.03370274 -0.05773589 0.01709614
v 0.03073819 -0.05472005 0.02032353
v 0.03265341 -0.05807336 0.01731854
v 0.03318175 -0.06063923 0.01535831
v 0.03308635 -0.06188734 0.01448940
v 0.03250665 -0.06266943 0.01410149
v 0.03111243 -0.06431929 0.01264296
v 0.03308635 -0.06303368 0.01331016
v 0.04409336 -0.04915442 0.01822883
v 0.03316707 -0.06610308 0.00856217
v 0.03530243 -0.06567990 0.00755879
v 0.03216176 -0.06411038 0.01233263
v 0.02924857 -0.06734584 0.00934833
v 0.01972384 -0.07202226 0.00759499
v 0.03073819 -0.06888858 0.00455380
v 0.03467870 -0.06691730 0.00533996
v 0.04371178 -0.06287298 -0.01466573
v 0.04408602 -0.06334437 -0.01332098
v 0.04581779 -0.06189270 -0.01353821
v 0.04617735 -0.06077850 -0.01502260
v 0.04006480 -0.06569597 -0.01408645
v 0.04005012 -0.06411038 -0.01721557
v 0.03951445 -0.06622093 -0.01351752
v 0.03949977 -0.06384255 -0.01817241
v 0.03838439 -0.06407289 -0.01869997
v 0.03934567 -0.06297476 -0.01972921
v 0.03979329 -0.06236945 -0.02024642
v 0.04217814 -0.06133560 -0.01933613
v 0.03399626 -0.06893143 -0.01269516
v 0.03736441 -0.06745297 -0.01287618
v 0.03063546 -0.07041524 -0.01247793
v 0.02441283 -0.07358642 -0.01030565
v 0.02362766 -0.07390247 -0.01030565
v 0.02334882 -0.07378997 -0.01152109
v 0.02381845 -0.07342572 -0.01197624
v 0.02680502 -0.07226867 -0.01177970
v 0.02727465 -0.07189905 -0.01223484
v 0.04164247 -0.06091242 -0.02038607
v 0.04335956 -0.05945539 -0.02050503
v 0.04231022 -0.05986786 -0.02078949
v 0.04732208 -0.05558784 -0.02104293
v 0.04588384 -0.05561998 -0.02179288
v 0.05046275 -0.05236845 -0.02157048
v 0.05047009 -0.04967402 -0.02341175
v 0.05407305 -0.04297812 -0.02503062
v 0.05440326 -0.04219068 -0.02524267
v 0.05588554 -0.04050332 -0.02518578
v 0.05631114 -0.03945340 -0.02542370
v 0.05777875 -0.03775532 -0.02536163
v 0.05882074 -0.03709109 -0.02507199
v 0.05521044 -0.04611180 -0.02258421
v 0.05469678 -0.04726350 -0.02228940
v 0.05248070 -0.04491725 -0.02501510
v 0.05923167 -0.03604117 -0.02529956
v 0.06098545 -0.03325032 -0.02536163
v 0.06149911 -0.03186828 -0.02547024
v 0.06005352 -0.03368421 -0.02564610
v 0.05088102 -0.04325131 -0.02664948
v 0.04983168 -0.04396376 -0.02688223
v 0.05270084 -0.04044439 -0.02676327
v 0.05510037 -0.03819993 -0.02643226
v 0.05595158 -0.03586440 -0.02680982
v 0.06215219 -0.02468492 -0.02677361
v 0.06240169 -0.02363501 -0.02688740
v 0.06262183 -0.02259044 -0.02700119
v 0.06265118 -0.02259044 -0.02698567
v 0.06340700 -0.02259044 -0.02657708
v 0.06345836 -0.02259044 -0.02654604
v 0.06437561 -0.02410640 -0.02560989
v 0.06472784 -0.02259044 -0.02572885
v 0.05047009 -0.04888658 -0.02394965
v 0.04931068 -0.04819021 -0.02504613
v 0.04993441 -0.04714565 -0.02540301
v 0.05098375 -0.04659391 -0.02507199
v 0.05284760 -0.04692602 -0.02368070
v 0.05809428 -0.02259044 0.02005975
v 0.04849617 -0.03197006 0.02207687
v 0.05047009 -0.02568127 0.02238203
v 0.05047009 -0.02410640 0.02261477
v 0.04889975 -0.02882567 0.02242340
v 0.04732208 -0.03197006 0.02243375
v 0.04575175 -0.03511446 0.02242340
v 0.04579578 -0.03669469 0.02216480
v 0.04635347 -0.03723036 0.02185447
v 0.04530413 -0.03782496 0.02204584
v 0.05053613 -0.03682325 0.02015802
v 0.04903918 -0.03682325 0.02082005
v 0.04855487 -0.03825885 0.02055110
v 0.04819531 -0.04386734 0.01881845
v 0.04675706 -0.04090507 0.02045283
v 0.04630210 -0.04195499 0.02027698
v 0.04409336 -0.04762775 0.01897361
v 0.04350632 -0.04855447 0.01881845
v 0.04455566 -0.04810986 0.01862708
v 0.04525277 -0.04244781 0.02044766
v 0.03872928 -0.04851697 0.02037008
v 0.03709290 -0.05003292 0.02034939
v 0.03545653 -0.05154887 0.02032353
v 0.03515567 -0.06719049 0.00426933
v 0.03005576 -0.07017419 0.00227807
v 0.02542547 -0.07343108 -0.00078381
v 0.02383313 -0.07339893 0.00076265
v 0.02383313 -0.07407388 -0.00078381
v 0.02217474 -0.07457741 -0.00087691
v 0.02217474 -0.07489882 -0.00244923
v 0.02217474 -0.07482918 -0.00401637
v 0.02374507 -0.07441135 -0.00401637
v 0.02389183 -0.07392925 -0.00883677
v 0.02450822 -0.07362927 -0.00942639
v 0.04170851 -0.04995793 0.01873052
v 0.04112147 -0.05083643 0.01842020
v 0.03985933 -0.05136675 0.01861674
v 0.03881734 -0.05170958 0.01883914
v 0.03790008 -0.05200955 0.01903568
v 0.03314506 -0.05390048 0.01983218
v 0.03406965 -0.05483790 0.01882879
v 0.03160407 -0.05364871 0.02062868
v 0.02968885 -0.05500932 0.02052524
v 0.03117113 -0.05654669 0.01892706
v 0.03259471 -0.05332731 0.02043732
v 0.03160407 -0.05913935 0.01697201
v 0.03211773 -0.06092313 0.01553934
v 0.02896973 -0.06248730 0.01552899
v 0.02792040 -0.06273371 0.01572036
v 0.02116943 -0.06409431 0.01711683
v 0.02012009 -0.06431929 0.01731854
v 0.02454491 -0.06420680 0.01564278
v 0.02140425 -0.07050095 0.00935868
v 0.02481642 -0.06903857 0.00950867
v 0.02245358 -0.07029740 0.00891388
v 0.02364968 -0.07002956 0.00845873
v 0.01867451 -0.07222581 0.00805014
v 0.02336349 -0.07379533 0.00028164
v 0.03903014 -0.06592095 -0.01452608
v 0.03900812 -0.06434072 -0.01765520
v 0.03789275 -0.06696016 -0.01341925
v 0.03505294 -0.06556741 -0.01854480
v 0.03400360 -0.06578704 -0.01898443
v 0.03733506 -0.06429787 -0.01912408
v 0.03787073 -0.06366577 -0.01968784
v 0.03875129 -0.06265871 -0.02055675
v 0.04059313 -0.06132489 -0.02070674
v 0.02622531 -0.07211332 -0.01276757
v 0.02958612 -0.07063487 -0.01295376
v 0.02518332 -0.07226331 -0.01335719
v 0.02561626 -0.07186156 -0.01381750
v 0.02845607 -0.07011527 -0.01499674
v 0.02374507 -0.07031882 -0.01859652
v 0.02901376 -0.06881894 -0.01717937
v 0.02217474 -0.07456134 -0.00716101
v 0.02217474 -0.07428815 -0.01030565
v 0.02219675 -0.07390247 -0.01197624
v 0.02273976 -0.07359714 -0.01257103
v 0.02374507 -0.07280970 -0.01345028
v 0.04372646 -0.05659490 -0.02227389
v 0.04544356 -0.05513788 -0.02235664
v 0.04826135 -0.04860268 -0.02532543
v 0.04894378 -0.04930441 -0.02448237
v 0.05328788 -0.04297812 -0.02551162
v 0.05143137 -0.04554399 -0.02535646
v 0.05198905 -0.04445658 -0.02555817
v 0.05040405 -0.04451550 -0.02640640
v 0.05783011 -0.03197006 -0.02693395
v 0.06188802 -0.02568127 -0.02666500
v 0.05259077 -0.03545193 -0.02829421
v 0.05348601 -0.03500196 -0.02803043
v 0.05533519 -0.03524837 -0.02721324
v 0.04934003 -0.04501368 -0.02670638
v 0.04978031 -0.03917485 -0.02842869
v 0.05091771 -0.03825885 -0.02824249
v 0.05204042 -0.03825885 -0.02775631
v 0.05122590 -0.03742320 -0.02837697
v 0.06152847 -0.02259044 -0.02748219
v 0.04883371 -0.04767596 -0.02563058
v 0.04884839 -0.04606895 -0.02646329
v 0.05046275 -0.04609038 -0.02565644
v 0.05220186 -0.02259044 0.02224755
v 0.05217251 -0.02259044 0.02225789
v 0.05047009 -0.02259044 0.02279579
v 0.04889975 -0.02725079 0.02261994
v 0.04732208 -0.03039519 0.02260960
v 0.04575175 -0.03353958 0.02257856
v 0.04418142 -0.03668933 0.02245443
v 0.04422545 -0.03831242 0.02215962
v 0.04732208 -0.03825885 0.02109417
v 0.04579578 -0.03831242 0.02169931
v 0.04372646 -0.03934627 0.02202515
v 0.04477580 -0.03887487 0.02186482
v 0.04422545 -0.03985515 0.02169414
v 0.03790008 -0.04769739 0.02092349
v 0.03646917 -0.04941690 0.02076833
v 0.04313942 -0.04039083 0.02184930
v 0.03486215 -0.05094892 0.02073213
v 0.03160407 -0.05240595 0.02117693
v 0.01745640 -0.07279898 0.00698986
v 0.01984859 -0.07521487 -0.00165272
v 0.02063376 -0.07511309 -0.00244923
v 0.01982657 -0.07520950 -0.00325090
v 0.02045030 -0.07507559 -0.00387156
v 0.02059706 -0.07478097 -0.00716101
v 0.03014381 -0.05410939 0.02086660
v 0.02846341 -0.05533072 0.02071144
v 0.02763421 -0.05632171 0.02033904
v 0.02846341 -0.05611280 0.02019940
v 0.03003374 -0.05684131 0.01913395
v 0.03003374 -0.05762875 0.01858570
v 0.03159674 -0.06034461 0.01612896
v 0.03106840 -0.06118026 0.01572553
v 0.03003374 -0.06143738 0.01590656
v 0.02844873 -0.06191413 0.01612378
v 0.02062642 -0.06351043 0.01773231
v 0.01909277 -0.06336580 0.01836330
v 0.01745640 -0.06384255 0.01855984
v 0.01745640 -0.06480140 0.01777368
v 0.01653181 -0.06574418 0.01717372
v 0.01745640 -0.06558884 0.01698235
v 0.01745640 -0.06764046 0.01443768
v 0.01902673 -0.07085450 0.00979831
v 0.01745640 -0.07184013 0.00905352
v 0.01745640 -0.07235973 0.00826736
v 0.03788541 -0.06537457 -0.01655872
v 0.03318175 -0.06754940 -0.01620701
v 0.03067215 -0.06728156 -0.01882927
v 0.02629136 -0.06899571 -0.01909822
v 0.03632241 -0.06451214 -0.01943958
v 0.03632241 -0.06396575 -0.02022574
v 0.02962281 -0.06750654 -0.01922752
v 0.03791476 -0.06175878 -0.02156531
v 0.03710024 -0.05947682 -0.02367035
v 0.03845777 -0.06094456 -0.02202045
v 0.03934567 -0.06184449 -0.02091880
v 0.03543451 -0.06415860 -0.02047917
v 0.02771493 -0.06736191 -0.02054123
v 0.03438518 -0.06437286 -0.02067054
v 0.03632241 -0.06317831 -0.02097052
v 0.04131959 -0.05909649 -0.02183943
v 0.03946308 -0.06059102 -0.02178254
v 0.03752584 -0.05665383 -0.02545990
v 0.03798814 -0.05715736 -0.02488063
v 0.02374507 -0.07224724 -0.01461401
v 0.02374507 -0.07186691 -0.01540017
v 0.02374507 -0.07128838 -0.01659492
v 0.02520533 -0.07072058 -0.01652251
v 0.02292321 -0.07048488 -0.01893788
v 0.02684171 -0.06924212 -0.01815690
v 0.02733335 -0.06877609 -0.01866893
v 0.02059706 -0.07451313 -0.01030565
v 0.01499817 -0.07519879 -0.01093664
v 0.02059706 -0.07417566 -0.01187797
v 0.02169043 -0.07368820 -0.01277274
v 0.02284250 -0.07204369 -0.01576221
v 0.02179316 -0.07214546 -0.01597944
v 0.04480515 -0.05150066 -0.02516509
v 0.04376315 -0.05190242 -0.02543404
v 0.04575175 -0.05034897 -0.02544956
v 0.04716799 -0.04918120 -0.02550128
v 0.05990676 -0.02568127 -0.02746668
v 0.05286962 -0.03440737 -0.02840800
v 0.05448398 -0.03133797 -0.02842351
v 0.05154144 -0.03637329 -0.02850110
v 0.04764496 -0.04655105 -0.02669603
v 0.04829070 -0.04550649 -0.02686671
v 0.04917126 -0.04022477 -0.02826318
v 0.04874566 -0.03975338 -0.02850627
v 0.04889975 -0.03825885 -0.02885280
v 0.05012520 -0.03825885 -0.02855799
v 0.05990676 -0.02410640 -0.02780286
v 0.05978202 -0.02259044 -0.02811319
v 0.04575175 -0.04926691 -0.02608572
v 0.04720468 -0.04756348 -0.02637019
v 0.05041138 -0.02259044 0.02280614
v 0.04889975 -0.02410640 0.02293544
v 0.04889975 -0.02568127 0.02279062
v 0.04575175 -0.03197006 0.02269235
v 0.04418142 -0.03511446 0.02259925
v 0.04261108 -0.03825885 0.02238203
v 0.03715161 -0.04537258 0.02193723
v 0.03881734 -0.04388341 0.02196308
v 0.04261108 -0.03985515 0.02212342
v 0.01430839 -0.04926691 0.02305440
v 0.04045371 -0.04237817 0.02198895
v 0.04209742 -0.04086222 0.02200963
v 0.04100406 -0.04292991 0.02162690
v 0.04150304 -0.04191213 0.02182861
v 0.03985933 -0.04342809 0.02180792
v 0.03318175 -0.05083643 0.02127520
v 0.03003374 -0.05240595 0.02152346
v 0.02846341 -0.05398082 0.02133726
v 0.01025048 -0.07361856 0.00767774
v 0.00746937 -0.07681117 -0.00158549
v 0.00757210 -0.07682723 -0.00244923
v 0.00835727 -0.07672546 -0.00244923
v 0.01745640 -0.07546127 -0.00401637
v 0.00745470 -0.07681117 -0.00357157
v 0.01899004 -0.07512380 -0.00561972
v 0.02702516 -0.05570033 0.02084074
v 0.02439815 -0.05786980 0.02033387
v 0.02658488 -0.05657883 0.02049938
v 0.02531540 -0.05766625 0.02018905
v 0.01965780 -0.06255693 0.01873569
v 0.02282782 -0.06099277 0.01873569
v 0.02689307 -0.05841083 0.01913395
v 0.02855146 -0.05724843 0.01937186
v 0.03062812 -0.05938576 0.01714269
v 0.03007777 -0.06021069 0.01675478
v 0.02642344 -0.06121775 0.01732371
v 0.02327544 -0.06278727 0.01731854
v 0.02217474 -0.06306046 0.01750991
v 0.01861580 -0.06280335 0.01888569
v 0.01621627 -0.06407289 0.01872018
v 0.01584938 -0.06498353 0.01801677
v 0.01548247 -0.06585667 0.01731854
v 0.01595945 -0.06634949 0.01655824
v 0.01587873 -0.06721192 0.01547210
v 0.01782330 -0.07039917 0.01080687
v 0.01736100 -0.07095627 0.01022242
v 0.01677396 -0.07051702 0.01095168
v 0.01587873 -0.07195798 0.00920351
v 0.00644939 -0.07336144 0.00895525
v 0.00644939 -0.07387033 0.00816909
v 0.00801972 -0.07376855 0.00800359
v 0.00920114 -0.07368820 0.00786911
v 0.02531540 -0.06920462 -0.01940337
v 0.02876427 -0.06714229 -0.02027228
v 0.02531540 -0.06865824 -0.02018953
v 0.03632241 -0.06219804 -0.02175668
v 0.03740844 -0.06118026 -0.02220148
v 0.03512632 -0.06245516 -0.02195839
v 0.03475208 -0.05899471 -0.02485476
v 0.03571336 -0.05799837 -0.02531508
v 0.03676269 -0.05770375 -0.02510303
v 0.02437614 -0.06885644 -0.02045848
v 0.02689307 -0.06753868 -0.02068088
v 0.02833132 -0.06659590 -0.02094983
v 0.04110679 -0.05714129 -0.02327210
v 0.03627105 -0.05715736 -0.02567196
v 0.03798814 -0.05565748 -0.02583747
v 0.04090867 -0.05391655 -0.02554266
v 0.02230682 -0.07091877 -0.01831723
v 0.02188122 -0.07060273 -0.01914994
v 0.02230682 -0.07011527 -0.01970335
v 0.00644939 -0.07637727 -0.01030565
v 0.00487172 -0.07658083 -0.01030565
v 0.01394883 -0.07526307 -0.01127283
v 0.01902673 -0.07438993 -0.01187797
v 0.01159333 -0.07516130 -0.01252965
v 0.02059706 -0.07376855 -0.01294859
v 0.01692072 -0.07367748 -0.01431920
v 0.02059706 -0.07279362 -0.01502260
v 0.02059706 -0.07187227 -0.01697248
v 0.02059706 -0.07130446 -0.01816724
v 0.04424012 -0.05091678 -0.02580126
v 0.05310443 -0.03353958 -0.02849075
v 0.05609100 -0.02825785 -0.02843386
v 0.05060951 -0.03681254 -0.02870798
v 0.05205510 -0.03500196 -0.02857350
v 0.04313942 -0.04985615 -0.02675293
v 0.04487119 -0.04840448 -0.02679430
v 0.04660296 -0.04695281 -0.02683051
v 0.04261108 -0.05079893 -0.02651501
v 0.04140765 -0.05130246 -0.02671155
v 0.04720468 -0.04606895 -0.02695981
v 0.04812193 -0.04062652 -0.02839248
v 0.04732208 -0.04092650 -0.02848041
v 0.04581045 -0.04148896 -0.02864074
v 0.04732208 -0.03983373 -0.02877522
v 0.04889975 -0.03668933 -0.02909072
v 0.04418142 -0.04140325 -0.02897176
v 0.03632241 -0.04612252 -0.02927691
v 0.04103341 -0.04297812 -0.02915795
v 0.04575175 -0.03983373 -0.02903382
v 0.04732208 -0.03825885 -0.02907003
v 0.05865931 -0.02410640 -0.02825284
v 0.05894548 -0.02290114 -0.02835111
v 0.05949584 -0.02259044 -0.02821146
v 0.03946308 -0.05398082 -0.02614262
v 0.04889975 -0.02259044 0.02303371
v 0.04884105 -0.02259044 0.02303888
v 0.04418142 -0.02882567 0.02298199
v 0.04261108 -0.03197006 0.02289924
v 0.04418142 -0.03353958 0.02270269
v 0.04261108 -0.03353958 0.02280097
v 0.03946308 -0.03197006 0.02309578
v 0.01587873 -0.04769739 0.02310612
v 0.01587873 -0.04926691 0.02294578
v 0.02428075 -0.05305411 0.02191137
v 0.02846341 -0.05240595 0.02169414
v 0.01273806 -0.04926691 0.02312681
v 0.00959005 -0.05398082 0.02275959
v 0.00959005 -0.05555035 0.02258374
v 0.01116039 -0.05398082 0.02267684
v 0.02323141 -0.05334338 0.02194757
v 0.02689307 -0.05398082 0.02153897
v 0.02531540 -0.05555035 0.02121313
v 0.00179709 -0.07483989 0.00698986
v 0.00644939 -0.07687545 -0.00141998
v 0.00487172 -0.07697722 -0.00117172
v 0.00330138 -0.07731470 -0.00244923
v 0.00487172 -0.07717542 -0.00244923
v 0.00711715 -0.07676831 -0.00461634
v 0.00801972 -0.07643620 -0.00716101
v 0.00487172 -0.07711114 -0.00401637
v 0.00653011 -0.07689151 -0.00406292
v 0.02531540 -0.05687881 0.02061834
v 0.02334882 -0.05803051 0.02040628
v 0.02689307 -0.05919827 0.01858053
v 0.01516694 -0.06421752 0.01879259
v 0.01430839 -0.06506388 0.01821848
v 0.01430839 -0.06594774 0.01743233
v 0.01587873 -0.06781723 0.01468594
v 0.01587873 -0.06860467 0.01364635
v 0.01587873 -0.06998670 0.01182060
v 0.01375804 -0.07209725 0.00938971
v 0.00487172 -0.07346322 0.00911042
v 0.00487172 -0.07397210 0.00832426
v 0.00179709 -0.07481311 0.00705709
v 0.03318175 -0.06286762 -0.02228940
v 0.03271945 -0.06119633 -0.02378414
v 0.02739206 -0.06566383 -0.02201011
v 0.03475208 -0.05820728 -0.02547024
v 0.03459798 -0.05696988 -0.02631330
v 0.02332680 -0.06906535 -0.02063950
v 0.02969619 -0.06438893 -0.02225320
v 0.03502358 -0.05603781 -0.02672189
v 0.03634443 -0.05552892 -0.02654604
v 0.02059706 -0.07071522 -0.01933096
v 0.02059706 -0.07018490 -0.02011712
v 0.02217474 -0.06923676 -0.02078432
v 0.00487172 -0.07670939 -0.00881608
v 0.00434338 -0.07681652 -0.00835059
v 0.00381504 -0.07677367 -0.00940053
v 0.00329405 -0.07672010 -0.01021772
v 0.00330138 -0.07638798 -0.01187797
v 0.00487172 -0.07625942 -0.01187797
v 0.01273806 -0.07534342 -0.01151592
v 0.01440379 -0.07502202 -0.01182624
v 0.01745640 -0.07459884 -0.01187797
v 0.01273806 -0.07508630 -0.01230208
v 0.01054400 -0.07523093 -0.01271585
v 0.01902673 -0.07388104 -0.01319685
v 0.00791699 -0.07390782 -0.01667250
v 0.01587873 -0.07375248 -0.01448470
v 0.01273806 -0.07464169 -0.01345028
v 0.01430839 -0.07442743 -0.01345028
v 0.01816819 -0.07205440 -0.01736039
v 0.01116039 -0.07373641 -0.01601565
v 0.01317100 -0.07358642 -0.01570015
v 0.01587873 -0.07222581 -0.01772244
v 0.01902673 -0.07154015 -0.01816724
v 0.01587873 -0.07184013 -0.01850860
v 0.05204042 -0.03353958 -0.02879073
v 0.05047009 -0.03511446 -0.02899245
v 0.03863388 -0.05315589 -0.02680465
v 0.04382185 -0.04880623 -0.02691843
v 0.03802483 -0.05403975 -0.02664431
v 0.03946308 -0.05283449 -0.02669086
v 0.03688744 -0.05459685 -0.02676844
v 0.04637548 -0.04207283 -0.02835628
v 0.04532615 -0.04245852 -0.02847006
v 0.04413005 -0.04298348 -0.02857350
v 0.03790008 -0.04612252 -0.02899245
v 0.03475208 -0.04769739 -0.02919416
v 0.03946308 -0.04454764 -0.02908554
v 0.04889975 -0.03197006 -0.02947862
v 0.05047009 -0.03197006 -0.02926657
v 0.05047009 -0.03353958 -0.02913727
v 0.04261108 -0.04140325 -0.02920450
v 0.03475208 -0.04612252 -0.02949414
v 0.03632241 -0.04454764 -0.02951483
v 0.04103341 -0.04140325 -0.02937518
v 0.03790008 -0.04297812 -0.02951483
v 0.03318175 -0.04769739 -0.02945793
v 0.03160407 -0.04926691 -0.02939070
v 0.05857125 -0.02259044 -0.02845455
v 0.05204042 -0.03197006 -0.02896659
v 0.04726338 -0.02259044 0.02312164
v 0.04261108 -0.02882567 0.02308543
v 0.04103341 -0.03197006 0.02300268
v 0.04103341 -0.03039519 0.02309578
v 0.03946308 -0.03039519 0.02316818
v 0.02120612 -0.05467184 0.02191654
v 0.02217474 -0.05441472 0.02188033
v 0.02531540 -0.05398082 0.02168379
v 0.01116039 -0.04926691 0.02314232
v 0.00801972 -0.05398082 0.02278545
v 0.00801972 -0.05555035 0.02265098
v 0.00644939 -0.05712522 0.02252684
v 0.00801972 -0.05712522 0.02245443
v 0.01116039 -0.05555035 0.02248030
v 0.01673727 -0.05635921 0.02193723
v 0.02374507 -0.05555035 0.02139415
v 0.02059706 -0.05712522 0.02113555
v 0.02217474 -0.05712522 0.02093901
v 0.02382579 -0.05725914 0.02067523
v 0.00179709 -0.07701472 -0.00107862
v 0.00330138 -0.07704686 -0.00100621
v 0.00330138 -0.07724506 -0.00401637
v 0.00179709 -0.07724506 -0.00244923
v 0.00179709 -0.07718078 -0.00394396
v 0.01745640 -0.06046781 0.02010630
v 0.01430839 -0.06184449 0.01990976
v 0.00959005 -0.05819121 0.02204584
v 0.00959005 -0.05897329 0.02170965
v 0.00801972 -0.05917685 0.02178723
v 0.00959005 -0.06145880 0.02056145
v 0.01430839 -0.06427644 0.01882362
v 0.00801972 -0.06542814 0.01857536
v 0.00959005 -0.06534243 0.01850295
v 0.01116039 -0.06525137 0.01842537
v 0.01273806 -0.06516030 0.01833227
v 0.01273806 -0.06604952 0.01754611
v 0.01116039 -0.06692801 0.01666685
v 0.01116039 -0.06753333 0.01588069
v 0.01273806 -0.06683160 0.01653755
v 0.01425703 -0.06683160 0.01628412
v 0.01474134 -0.06730299 0.01557554
v 0.00330138 -0.06741012 0.01728751
v 0.00644939 -0.06721728 0.01703924
v 0.01273806 -0.06811185 0.01485145
v 0.00752808 -0.07053309 0.01254469
v 0.00444611 -0.07211332 0.01098272
v 0.00801972 -0.07247223 0.00988623
v 0.00240615 -0.07362392 0.00932764
v 0.00330138 -0.07356500 0.00925006
v 0.00181911 -0.07409531 0.00870699
v 0.00330138 -0.07406853 0.00846390
v 0.00179709 -0.07410602 0.00868630
v 0.02634272 -0.06587274 -0.02217045
v 0.03040064 -0.06246587 -0.02354105
v 0.03318175 -0.05931076 -0.02510820
v 0.03235255 -0.05947147 -0.02523233
v 0.03318175 -0.05852332 -0.02568747
v 0.03397425 -0.05634314 -0.02682016
v 0.03065013 -0.05782160 -0.02677879
v 0.02221876 -0.06804757 -0.02165324
v 0.02531540 -0.06606023 -0.02229975
v 0.03583811 -0.05498789 -0.02688223
v 0.03318175 -0.05398082 -0.02772011
v 0.01430839 -0.07195262 -0.01874652
v 0.01319302 -0.07203297 -0.01889651
v 0.01902673 -0.07083307 -0.01948095
v 0.02059706 -0.06939746 -0.02094466
v 0.01902673 -0.07029204 -0.02026711
v 0.02059706 -0.06841183 -0.02173082
v 0.00330138 -0.07698258 -0.00716101
v 0.00329405 -0.07684331 -0.00881608
v 0.00277305 -0.07678974 -0.00963327
v 0.00244284 -0.07678974 -0.00963327
v 0.00184112 -0.07666118 -0.01021772
v 0.00179709 -0.07653797 -0.01081769
v 0.00179709 -0.07631835 -0.01187797
v 0.00179709 -0.07576660 -0.01337788
v 0.00330138 -0.07580946 -0.01345028
v 0.00487172 -0.07567554 -0.01345028
v 0.00959005 -0.07529521 -0.01287101
v 0.01110902 -0.07490953 -0.01332615
v 0.00959005 -0.07440064 -0.01502260
v 0.01116039 -0.07418102 -0.01502260
v 0.00644939 -0.07414887 -0.01659492
v 0.00732261 -0.07365070 -0.01740694
v 0.00635399 -0.07489346 -0.01488813
v 0.00801972 -0.07461491 -0.01502260
v 0.00837195 -0.07357035 -0.01724661
v 0.01430839 -0.07234366 -0.01796036
v 0.03634443 -0.05403975 -0.02704774
v 0.03726168 -0.04859196 -0.02842351
v 0.03489150 -0.04941154 -0.02869246
v 0.03318175 -0.04926691 -0.02909589
v 0.04889975 -0.03039519 -0.02960275
v 0.05047009 -0.02882567 -0.02952000
v 0.05047009 -0.03039519 -0.02939587
v 0.05204042 -0.02882567 -0.02922519
v 0.03003374 -0.04926691 -0.02956655
v 0.03160407 -0.04769739 -0.02959758
v 0.03318175 -0.04612252 -0.02960792
v 0.03790008 -0.04140325 -0.02960792
v 0.04261108 -0.03668933 -0.02960792
v 0.04575175 -0.03353958 -0.02960792
v 0.03003374 -0.05083643 -0.02928726
v 0.02846341 -0.05083643 -0.02948897
v 0.05833643 -0.02259044 -0.02850110
v 0.05675876 -0.02410640 -0.02868729
v 0.04575175 -0.02259044 0.02313198
v 0.04575175 -0.02410640 0.02313198
v 0.04418142 -0.02568127 0.02314232
v 0.04261108 -0.02725079 0.02315267
v 0.04103341 -0.02882567 0.02316301
v 0.04103341 -0.02725079 0.02315267
v 0.00179709 -0.04926691 0.02311646
v 0.01430839 -0.05555035 0.02226824
v 0.00801972 -0.05240595 0.02290441
v 0.00644939 -0.05555035 0.02266649
v 0.00487172 -0.05712522 0.02252684
v 0.00487172 -0.05855011 0.02219066
v 0.00644939 -0.05851797 0.02218549
v 0.00801972 -0.05838940 0.02213376
v 0.01587873 -0.05647705 0.02197860
v 0.01273806 -0.05870009 0.02144070
v 0.00179709 -0.07717542 -0.00401637
v 0.00644939 -0.05930540 0.02184413
v 0.00959005 -0.06224625 0.02015802
v 0.01273806 -0.06437822 0.01887534
v 0.00644939 -0.06026962 0.02135278
v 0.00644939 -0.06551920 0.01863743
v 0.00179709 -0.06642984 0.01829089
v 0.00179709 -0.06745833 0.01743233
v 0.00179709 -0.06750119 0.01739612
v 0.00959005 -0.06623700 0.01771679
v 0.01116039 -0.06614058 0.01763921
v 0.00801972 -0.06851361 0.01510488
v 0.00330138 -0.07158300 0.01186197
v 0.00644939 -0.07060273 0.01263262
v 0.01273806 -0.06743155 0.01575139
v 0.00644939 -0.06782259 0.01625309
v 0.00179709 -0.06829934 0.01637205
v 0.00179709 -0.07227938 0.01119477
v 0.00181911 -0.07317395 0.01002071
v 0.00330138 -0.07290076 0.01013449
v 0.00179709 -0.07366141 0.00937937
v 0.00179709 -0.07409531 0.00870699
v 0.02374507 -0.06633342 -0.02249112
v 0.03009244 -0.05861439 -0.02638053
v 0.02960080 -0.05803051 -0.02689257
v 0.01815351 -0.05943932 -0.02837697
v 0.01902673 -0.05923041 -0.02830456
v 0.02028887 -0.05814299 -0.02847006
v 0.02689307 -0.05712522 -0.02772528
v 0.02689307 -0.05398082 -0.02879073
v 0.03084826 -0.05320946 -0.02839765
v 0.03189759 -0.05289341 -0.02830456
v 0.01832962 -0.06423359 -0.02526853
v 0.02221876 -0.06668161 -0.02261525
v 0.03475208 -0.05398082 -0.02740461
v 0.00644939 -0.07371498 -0.01750521
v 0.00487172 -0.07383283 -0.01766555
v 0.01215102 -0.07208118 -0.01897926
v 0.01745640 -0.07037774 -0.02038607
v 0.01652447 -0.06888858 -0.02207218
v 0.01745640 -0.06878144 -0.02199459
v 0.01902673 -0.06860467 -0.02186012
v 0.01430839 -0.06908678 -0.02225837
v 0.01547514 -0.06899035 -0.02216527
v 0.01273806 -0.06918855 -0.02237733
v 0.01902673 -0.06781723 -0.02245491
v 0.01659785 -0.06261050 -0.02680465
v 0.00214932 -0.07683259 -0.00873333
v 0.00179709 -0.07665582 -0.01021772
v 0.00179709 -0.07665046 -0.01025910
v 0.00179709 -0.07573982 -0.01345028
v 0.00330138 -0.07502738 -0.01536396
v 0.00487172 -0.07528450 -0.01441230
v 0.00576696 -0.07522558 -0.01427265
v 0.00487172 -0.07436850 -0.01659492
v 0.00487172 -0.07495774 -0.01519845
v 0.03269744 -0.05184885 -0.02845455
v 0.03160407 -0.05083643 -0.02897693
v 0.04889975 -0.02882567 -0.02965965
v 0.05047009 -0.02725079 -0.02960275
v 0.05204042 -0.02568127 -0.02944242
v 0.05204042 -0.02725079 -0.02934932
v 0.02689307 -0.05083643 -0.02956138
v 0.02531540 -0.05083643 -0.02957689
v 0.01902673 -0.05240595 -0.02958207
v 0.00801972 -0.05398082 -0.02959758
v 0.00330138 -0.05398082 -0.02960792
v 0.03003374 -0.05240595 -0.02879591
v 0.02846341 -0.05240595 -0.02905968
v 0.02689307 -0.05240595 -0.02927691
v 0.02531540 -0.05240595 -0.02941139
v 0.05675876 -0.02259044 -0.02879591
v 0.04569305 -0.02259044 0.02313198
v 0.04261108 -0.02568127 0.02314750
v 0.00179709 -0.04769739 0.02290441
v 0.00179709 -0.05233631 0.02288889
v 0.00330138 -0.05555035 0.02265615
v 0.00487172 -0.05555035 0.02266132
v 0.04412271 -0.02259044 0.02306991
v 0.04261108 -0.02259044 0.02298716
v 0.04103341 -0.02259044 0.02289924
v 0.00179709 -0.05555035 0.02264580
v 0.00330138 -0.05712522 0.02250616
v 0.00487172 -0.05933754 0.02185964
v 0.00179709 -0.05712522 0.02247512
v 0.00330138 -0.05850190 0.02216997
v 0.00330138 -0.05928933 0.02184413
v 0.00179709 -0.07704686 -0.00558869
v 0.00257492 -0.06263728 0.02035973
v 0.00644939 -0.06473176 0.01905637
v 0.00330138 -0.06569062 0.01874087
v 0.00179709 -0.06639770 0.01831676
v 0.00644939 -0.06861003 0.01522901
v 0.00211997 -0.06887250 0.01557554
v 0.00179709 -0.06922605 0.01516695
v 0.00179709 -0.07297039 0.01028965
v 0.02374507 -0.06442643 -0.02383069
v 0.02217474 -0.06088028 -0.02669603
v 0.01902673 -0.06142131 -0.02707360
v 0.02492649 -0.05962145 -0.02691326
v 0.02374507 -0.05982501 -0.02705291
v 0.02217474 -0.06009284 -0.02722359
v 0.01587873 -0.06063923 -0.02822180
v 0.01711151 -0.05964824 -0.02845455
v 0.02531540 -0.05398082 -0.02902348
v 0.02345889 -0.05658419 -0.02847524
v 0.01745640 -0.06168379 -0.02725979
v 0.00330138 -0.07450242 -0.01659492
v 0.00330138 -0.07389711 -0.01774313
v 0.00487172 -0.07324359 -0.01845171
v 0.01116039 -0.07213475 -0.01904133
v 0.01269403 -0.07151873 -0.01959991
v 0.01620160 -0.07044203 -0.02046882
v 0.01273806 -0.06997599 -0.02147221
v 0.00644939 -0.06885108 -0.02360312
v 0.01595211 -0.06827255 -0.02263593
v 0.00644939 -0.06714229 -0.02509785
v 0.01116039 -0.06766189 -0.02391344
v 0.01273806 -0.06748511 -0.02377897
v 0.01430839 -0.06287298 -0.02700119
v 0.01599613 -0.06331759 -0.02637536
v 0.00801972 -0.06874930 -0.02350485
v 0.00959005 -0.06861539 -0.02339106
v 0.00801972 -0.06796722 -0.02417722
v 0.00959005 -0.06782795 -0.02404275
v 0.01554852 -0.06273371 -0.02689257
v 0.01599613 -0.06198912 -0.02735806
v 0.00179709 -0.07681117 -0.00842300
v 0.00179709 -0.07678438 -0.00873333
v 0.00179709 -0.07500595 -0.01523983
v 0.00179709 -0.07445421 -0.01653803
v 0.05047009 -0.02259044 -0.02962861
v 0.05047009 -0.02410640 -0.02962861
v 0.05047009 -0.02568127 -0.02962344
v 0.00179709 -0.05398082 -0.02960792
v 0.05204042 -0.02259044 -0.02954069
v 0.05204042 -0.02410640 -0.02949931
v 0.05518842 -0.02259044 -0.02905968
v 0.02374507 -0.05240595 -0.02948379
v 0.02217474 -0.05240595 -0.02952517
v 0.02059706 -0.05240595 -0.02956138
v 0.00959005 -0.05398082 -0.02959241
v 0.00179709 -0.05555035 -0.02957689
v 0.02374507 -0.05398082 -0.02919416
v 0.02059706 -0.05555035 -0.02907003
v 0.02217474 -0.05398082 -0.02928208
v 0.00179709 -0.04762240 0.02287855
v 0.03946308 -0.02259044 0.02266649
v 0.03940438 -0.02259044 0.02265615
v 0.00179709 -0.05240595 0.02288372
v 0.00179709 -0.05398082 0.02276476
v 0.00179709 -0.05705022 0.02248547
v 0.00179709 -0.06200519 0.02062351
v 0.00235478 -0.06263728 0.02035973
v 0.00179709 -0.05844833 0.02214928
v 0.00179709 -0.05919827 0.02183378
v 0.00179709 -0.06022676 0.02139415
v 0.00179709 -0.06506923 0.01914946
v 0.00179709 -0.06577632 0.01878224
v 0.01587873 -0.05985715 -0.02849592
v 0.01430839 -0.06184449 -0.02769425
v 0.01430839 -0.06075172 -0.02829938
v 0.00179709 -0.07442743 -0.01659492
v 0.00179709 -0.07386497 -0.01769658
v 0.00330138 -0.07328644 -0.01852929
v 0.00487172 -0.07245615 -0.01942923
v 0.00801972 -0.07229545 -0.01923786
v 0.01515226 -0.07049559 -0.02053606
v 0.00644939 -0.06950996 -0.02281696
v 0.00801972 -0.06942960 -0.02271869
v 0.00553948 -0.06890465 -0.02365484
v 0.00449014 -0.06895821 -0.02372208
v 0.00495977 -0.06828326 -0.02429101
v 0.00644939 -0.06806900 -0.02431169
v 0.00487172 -0.06726013 -0.02519612
v 0.01116039 -0.06399253 -0.02667534
v 0.00801972 -0.06697623 -0.02496338
v 0.01273806 -0.06304975 -0.02710463
v 0.04418142 -0.02259044 -0.02880108
v 0.00179709 -0.04612252 -0.02900796
v 0.00179709 -0.04467084 -0.02867695
v 0.05361809 -0.02259044 -0.02930277
v 0.01273806 -0.05870009 -0.02880108
v 0.01116039 -0.05870009 -0.02884246
v 0.00487172 -0.05712522 -0.02925105
v 0.00330138 -0.05712522 -0.02927691
v 0.00179709 -0.05712522 -0.02928208
v 0.01587873 -0.05870009 -0.02871832
v 0.01902673 -0.05712522 -0.02885280
v 0.00179709 -0.04612252 0.02228893
v 0.03790008 -0.02259044 0.02225272
v 0.00179709 -0.06325331 0.02004941
v 0.00179709 -0.06326402 0.02004424
v 0.01430839 -0.05996428 -0.02851661
v 0.01116039 -0.06320510 -0.02713566
v 0.00959005 -0.06406217 -0.02674776
v 0.01116039 -0.06184449 -0.02778217
v 0.01273806 -0.06073029 -0.02827869
v 0.00959005 -0.05987857 -0.02855282
v 0.01116039 -0.05992143 -0.02855282
v 0.01273806 -0.05994821 -0.02853730
v 0.00179709 -0.07327038 -0.01844653
v 0.00330138 -0.07184548 -0.02026194
v 0.00330138 -0.07040453 -0.02198942
v 0.00330138 -0.06895821 -0.02372208
v 0.00330138 -0.06813328 -0.02447203
v 0.00330138 -0.06726549 -0.02520647
v 0.04248634 -0.02259044 -0.02857350
v 0.00179709 -0.04392091 -0.02833042
v 0.04129758 -0.02259044 -0.02830973
v 0.04214145 -0.02259044 -0.02851144
v 0.00959005 -0.05870009 -0.02885797
v 0.00179709 -0.05719486 -0.02926140
v 0.00179709 -0.04608502 0.02227341
v 0.03691679 -0.02259044 0.02196826
v 0.00179709 -0.03862311 0.01896844
v 0.00179709 -0.04111934 0.02008044
v 0.00801972 -0.06403539 -0.02674776
v 0.00644939 -0.06397111 -0.02672189
v 0.00959005 -0.06066601 -0.02822698
v 0.01116039 -0.06070887 -0.02825284
v 0.00179709 -0.05870009 -0.02878039
v 0.00330138 -0.05870009 -0.02882177
v 0.00179709 -0.07245615 -0.01941889
v 0.00240615 -0.06893143 -0.02368587
v 0.00181911 -0.06826184 -0.02424446
v 0.00179709 -0.06721728 -0.02512889
v 0.00179709 -0.06717978 -0.02515992
v 0.00179709 -0.06639234 -0.02551162
v 0.00330138 -0.06648341 -0.02554783
v 0.00179709 -0.04388876 -0.02831490
v 0.04110679 -0.02259044 -0.02825284
v 0.03111977 -0.02259044 0.02026664
v 0.00179709 -0.03784103 0.01860122
v 0.00487172 -0.06498889 -0.02623572
v 0.00179709 -0.06377827 -0.02663914
v 0.00179709 -0.06184449 -0.02745633
v 0.00179709 -0.06040889 -0.02806147
v 0.00179709 -0.06941354 -0.02303419
v 0.00179709 -0.06889393 -0.02364449
v 0.00179709 -0.06824577 -0.02425480
v 0.00179709 -0.06498889 -0.02612193
v 0.00179709 -0.03915878 -0.02521164
v 0.03479611 -0.02259044 -0.02627192
v 0.03599954 -0.02259044 -0.02667534
v 0.03946308 -0.02259044 -0.02774597
v 0.03004108 -0.02259044 0.01993045
v 0.00179709 -0.03656077 0.01771679
v 0.02997504 -0.02259044 0.01990976
v 0.00179709 -0.03913200 -0.02519095
v 0.03276348 -0.02259044 -0.02550645
v 0.03307168 -0.02259044 -0.02562541
v 0.00179709 -0.03648042 0.01765472
v 0.02841204 -0.02259044 0.01922187
v 0.00179709 -0.03811958 -0.02431687
v 0.03180954 -0.02259044 -0.02504613
v 0.00179709 -0.03528587 0.01657376
v 0.02836801 -0.02259044 0.01920118
v 0.00179709 -0.03743927 -0.02370656
v 0.03157472 -0.02259044 -0.02492200
v 0.00179709 -0.03492162 0.01620137
v 0.02832398 -0.02259044 0.01917532
v 0.00179709 -0.03103799 -0.01604668
v 0.03049604 -0.02259044 -0.02408929
v 0.00179709 -0.03101121 -0.01601047
v 0.00179709 -0.03038447 -0.01507432
v 0.00179709 -0.03034698 -0.01501743
v 0.00179709 -0.03346459 0.01470146
v 0.02767090 -0.02259044 0.01877707
v 0.00179709 -0.03052375 0.01163440
v 0.00179709 -0.03125226 0.01242056
v 0.03045935 -0.02259044 -0.02405826
v 0.00179709 -0.02974702 -0.01337788
v 0.02527871 -0.02259044 -0.01940854
v 0.02698113 -0.02259044 0.01817711
v 0.00179709 -0.02970953 0.01053274
v 0.00179709 -0.03048625 0.01159302
v 0.00179709 -0.02895423 -0.01030565
v 0.01595211 -0.02259044 -0.00864023
v 0.01595945 -0.02259044 -0.00865058
v 0.02683437 -0.02259044 0.01804781
v 0.00179709 -0.02939348 0.00972072
v 0.02665092 -0.02259044 0.01788230
v 0.02601251 -0.02259044 0.01730302
v 0.00179709 -0.02877746 -0.00873333
v 0.01508622 -0.02259044 -0.00716101
v 0.01573931 -0.02259044 0.00539685
v 0.00179709 -0.02909886 0.00856217
v 0.01838099 -0.02259044 0.00901215
v 0.01794804 -0.02259044 0.00849494
v 0.01774258 -0.02259044 0.00823116
v 0.01684734 -0.02259044 0.00703640
v 0.01580535 -0.02259044 0.00550029
v 0.00179709 -0.02779182 0.00061266
v 0.01482939 -0.02259044 -0.00558869
v 0.01516694 -0.02259044 0.00447104
v 0.00179709 -0.02908279 0.00848976
v 0.01477803 -0.02259044 0.00375729
v 0.00179709 -0.02778646 0.00069541
v 0.01450652 -0.02259044 -0.00101656
v 0.00179709 -0.02786146 0.00238669
v 0.01457990 -0.02259044 0.00325560
v 0.01435242 -0.02259044 0.00232462
v 0.01434508 -0.02259044 0.00205050
v 0.01438911 -0.02259044 0.00067472
f 1 2 8
f 1 8 27
f 1 27 51
f 1 51 71
f 1 71 109
f 1 109 165
f 1 165 229
f 1 229 315
f 1 315 393
f 1 393 391
f 1 391 386
f 1 386 385
f 1 385 474
f 1 474 577
f 1 577 576
f 1 576 575
f 1 575 689
f 1 689 687
f 1 687 686
f 1 686 685
f 1 685 684
f 1 684 792
f 1 792 887
f 1 887 994
f 1 994 1093
f 1 1093 1200
f 1 1200 1289
f 1 1289 1355
f 1 1355 1399
f 1 1399 1353
f 1 1353 1349
f 1 1349 1396
f 1 1396 1425
f 1 1425 1428
f 1 1428 1427
f 1 1427 1449
f 1 1449 1463
f 1 1463 1462
f 1 1462 1461
f 1 1461 1469
f 1 1469 1468
f 1 1468 1473
f 1 1473 1477
f 1 1477 1481
f 1 1481 1489
f 1 1489 1491
f 1 1491 1497
f 1 1497 1496
f 1 1496 1503
f 1 1503 1512
f 1 1512 1517
f 1 1517 1522
f 1 1522 1521
f 1 1521 1520
f 1 1520 1519
f 1 1519 1515
f 1 1515 1513
f 1 1513 1504
f 1 1504 1510
f 1 1510 1509
f 1 1509 1508
f 1 1508 1507
f 1 1507 1506
f 1 1506 1501
f 1 1501 1500
f 1 1500 1498
f 1 1498 1492
f 1 1492 1486
f 1 1486 1479
f 1 1479 1475
f 1 1475 1471
f 1 1471 1466
f 1 1466 1464
f 1 1464 1450
f 1 1450 1432
f 1 1432 1408
f 1 1408 1366
f 1 1366 1365
f 1 1365 1298
f 1 1298 1297
f 1 1297 1296
f 1 1296 1290
f 1 1290 1202
f 1 1202 1095
f 1 1095 997
f 1 997 996
f 1 996 890
f 1 890 798
f 1 798 797
f 1 797 796
f 1 796 695
f 1 695 585
f 1 585 584
f 1 584 583
f 1 583 480
f 1 480 397
f 1 397 394
f 1 394 396
f 1 396 395
f 1 395 319
f 1 319 232
f 1 232 169
f 1 169 112
f 1 112 110
f 1 110 72
f 1 72 52
f 1 52 30
f 1 30 11
f 1 11 10
f 1 10 3
f 1 3 4
f 1 4 5
f 1 5 6
f 1 6 2
f 2 7 8
f 2 6 9
f 2 9 7
f 3 10 4
f 4 10 11
f 4 11 12
f 4 12 13
f 4 13 14
f 4 14 15
f 4 15 16
f 4 16 17
f 4 17 18
f 4 18 19
f 4 19 5
f 5 19 6
f 6 20 21
f 6 21 22
f 6 22 23
f 6 23 24
f 6 24 9
f 6 19 25
f 6 25 26
f 6 26 20
f 7 27 8
f 7 9 28
f 7 28 27
f 9 24 29
f 9 29 28
f 11 30 12
f 12 30 31
f 12 31 13
f 13 31 30
f 13 30 32
f 13 32 33
f 13 33 34
f 13 34 35
f 13 35 14
f 14 35 36
f 14 36 16
f 14 16 15
f 16 36 17
f 17 36 37
f 17 37 38
f 17 38 39
f 17 39 40
f 17 40 41
f 17 41 19
f 17 19 18
f 19 41 42
f 19 42 43
f 19 43 25
f 20 44 21
f 20 26 45
f 20 45 44
f 21 44 46
f 21 46 22
f 22 46 47
f 22 47 29
f 22 29 48
f 22 48 23
f 23 48 29
f 23 29 24
f 25 43 26
f 26 43 49
f 26 49 45
f 27 50 51
f 27 28 29
f 27 29 50
f 29 47 50
f 30 52 32
f 32 52 33
f 33 52 53
f 33 53 34
f 34 54 37
f 34 37 36
f 34 36 35
f 34 53 55
f 34 55 56
f 34 56 57
f 34 57 54
f 37 54 57
f 37 57 38
f 38 57 58
f 38 58 39
f 39 59 40
f 39 58 59
f 40 59 60
f 40 60 61
f 40 61 41
f 41 61 62
f 41 62 42
f 42 62 63
f 42 63 64
f 42 64 65
f 42 65 66
f 42 66 67
f 42 67 68
f 42 68 46
f 42 46 45
f 42 45 49
f 42 49 43
f 44 45 46
f 46 68 67
f 46 67 69
f 46 69 47
f 47 69 70
f 47 70 50
f 50 70 51
f 51 70 71
f 52 72 73
f 52 73 74
f 52 74 53
f 53 74 73
f 53 73 55
f 55 75 76
f 55 76 56
f 55 73 77
f 55 77 78
f 55 78 79
f 55 79 75
f 56 76 80
f 56 80 81
f 56 81 57
f 57 82 58
f 57 81 83
f 57 83 84
f 57 84 85
f 57 85 86
f 57 86 82
f 58 82 87
f 58 87 59
f 59 87 60
f 60 87 88
f 60 88 89
f 60 89 61
f 61 90 91
f 61 91 92
f 61 92 62
f 61 89 93
f 61 93 94
f 61 94 95
f 61 95 96
f 61 96 97
f 61 97 90
f 62 92 98
f 62 98 63
f 63 65 64
f 63 98 65
f 65 98 99
f 65 99 66
f 66 99 100
f 66 100 101
f 66 101 102
f 66 102 103
f 66 103 67
f 67 103 104
f 67 104 69
f 69 104 105
f 69 105 106
f 69 106 70
f 70 107 108
f 70 108 109
f 70 109 71
f 70 106 107
f 72 110 73
f 73 110 77
f 75 79 111
f 75 111 80
f 75 80 76
f 77 110 112
f 77 112 113
f 77 113 79
f 77 79 78
f 79 113 114
f 79 114 111
f 80 111 115
f 80 115 116
f 80 116 117
f 80 117 118
f 80 118 119
f 80 119 81
f 81 120 121
f 81 121 83
f 81 119 120
f 82 86 85
f 82 85 122
f 82 122 87
f 83 121 123
f 83 123 84
f 84 123 124
f 84 124 125
f 84 125 85
f 85 125 126
f 85 126 127
f 85 127 128
f 85 128 122
f 87 122 129
f 87 129 88
f 88 129 130
f 88 130 89
f 89 131 93
f 89 130 132
f 89 132 133
f 89 133 131
f 90 97 134
f 90 134 91
f 91 98 92
f 91 134 98
f 93 131 135
f 93 135 94
f 94 135 136
f 94 136 137
f 94 137 95
f 95 138 139
f 95 139 97
f 95 97 96
f 95 137 140
f 95 140 141
f 95 141 142
f 95 142 143
f 95 143 144
f 95 144 138
f 97 139 138
f 97 138 145
f 97 145 146
f 97 146 147
f 97 147 134
f 98 148 149
f 98 149 150
f 98 150 151
f 98 151 99
f 98 134 148
f 99 151 152
f 99 152 100
f 100 153 101
f 100 152 154
f 100 154 153
f 101 153 102
f 102 153 154
f 102 154 155
f 102 155 156
f 102 156 103
f 103 157 104
f 103 156 157
f 104 158 105
f 104 157 158
f 105 158 159
f 105 159 160
f 105 160 106
f 106 160 161
f 106 161 162
f 106 162 163
f 106 163 107
f 107 163 108
f 108 163 109
f 109 163 164
f 109 164 165
f 111 166 167
f 111 167 115
f 111 114 168
f 111 168 166
f 112 169 168
f 112 168 114
f 112 114 113
f 115 167 117
f 115 117 116
f 117 167 166
f 117 166 118
f 118 166 170
f 118 170 171
f 118 171 172
f 118 172 173
f 118 173 119
f 119 174 175
f 119 175 120
f 119 173 174
f 120 176 121
f 120 175 177
f 120 177 178
f 120 178 179
f 120 179 176
f 121 176 180
f 121 180 181
f 121 181 182
f 121 182 123
f 122 128 183
f 122 183 129
f 123 182 184
f 123 184 124
f 124 184 126
f 124 126 125
f 126 184 185
f 126 185 186
f 126 186 187
f 126 187 188
f 126 188 127
f 127 188 130
f 127 130 128
f 128 130 183
f 129 183 130
f 130 188 187
f 130 187 133
f 130 133 132
f 131 133 136
f 131 136 135
f 133 187 140
f 133 140 136
f 134 147 189
f 134 189 148
f 136 140 137
f 138 144 190
f 138 190 191
f 138 191 145
f 140 187 192
f 140 192 141
f 141 192 186
f 141 186 193
f 141 193 194
f 141 194 195
f 141 195 196
f 141 196 197
f 141 197 143
f 141 143 198
f 141 198 142
f 142 198 143
f 143 197 199
f 143 199 144
f 144 199 200
f 144 200 201
f 144 201 190
f 145 202 203
f 145 203 204
f 145 204 205
f 145 205 146
f 145 191 206
f 145 206 207
f 145 207 208
f 145 208 209
f 145 209 210
f 145 210 202
f 146 205 147
f 147 205 189
f 148 211 149
f 148 189 212
f 148 212 211
f 149 211 150
f 150 152 151
f 150 211 213
f 150 213 154
f 150 154 152
f 154 213 260
f 154 260 214
f 154 214 155
f 155 214 215
f 155 215 156
f 156 215 216
f 156 216 217
f 156 217 218
f 156 218 157
f 157 219 220
f 157 220 159
f 157 159 158
f 157 218 221
f 157 221 219
f 159 220 222
f 159 222 223
f 159 223 224
f 159 224 160
f 160 225 226
f 160 226 227
f 160 227 228
f 160 228 164
f 160 164 161
f 160 224 225
f 161 164 162
f 162 164 163
f 164 228 227
f 164 227 165
f 165 227 229
f 166 230 170
f 166 168 230
f 168 169 231
f 168 231 230
f 169 232 233
f 169 233 230
f 169 230 231
f 170 230 234
f 170 234 171
f 171 234 235
f 171 235 236
f 171 236 237
f 171 237 172
f 172 237 173
f 173 237 238
f 173 238 239
f 173 239 240
f 173 240 241
f 173 241 242
f 173 242 243
f 173 243 244
f 173 244 174
f 174 244 245
f 174 245 175
f 175 245 177
f 176 179 246
f 176 246 180
f 177 245 247
f 177 247 178
f 178 247 248
f 178 248 249
f 178 249 179
f 179 250 246
f 179 249 251
f 179 251 250
f 180 246 181
f 181 246 252
f 181 252 185
f 181 185 182
f 182 185 184
f 185 252 253
f 185 253 254
f 185 254 255
f 185 255 256
f 185 256 257
f 185 257 186
f 186 257 193
f 186 192 187
f 189 205 258
f 189 258 259
f 189 259 260
f 189 260 212
f 190 201 261
f 190 261 262
f 190 262 263
f 190 263 264
f 190 264 206
f 190 206 191
f 193 257 194
f 194 265 266
f 194 266 195
f 194 257 256
f 194 256 267
f 194 267 268
f 194 268 265
f 195 266 269
f 195 269 270
f 195 270 271
f 195 271 196
f 196 272 197
f 196 271 270
f 196 270 272
f 197 272 270
f 197 270 199
f 199 270 273
f 199 273 200
f 200 273 201
f 201 273 274
f 201 274 275
f 201 275 261
f 202 210 276
f 202 276 277
f 202 277 278
f 202 278 203
f 203 279 280
f 203 280 281
f 203 281 282
f 203 282 283
f 203 283 205
f 203 205 204
f 203 278 284
f 203 284 285
f 203 285 279
f 205 283 216
f 205 216 258
f 206 264 207
f 207 264 263
f 207 263 208
f 208 263 286
f 208 286 287
f 208 287 288
f 208 288 289
f 208 289 290
f 208 290 209
f 209 290 210
f 210 291 292
f 210 292 293
f 210 293 294
f 210 294 295
f 210 295 284
f 210 284 277
f 210 277 276
f 210 290 291
f 211 212 213
f 212 260 213
f 214 260 259
f 214 259 215
f 215 259 258
f 215 258 216
f 216 283 282
f 216 282 281
f 216 281 217
f 217 281 280
f 217 280 296
f 217 296 218
f 218 296 297
f 218 297 298
f 218 298 299
f 218 299 220
f 218 220 219
f 218 219 221
f 220 300 301
f 220 301 302
f 220 302 303
f 220 303 304
f 220 304 305
f 220 305 222
f 220 299 306
f 220 306 307
f 220 307 308
f 220 308 309
f 220 309 310
f 220 310 300
f 222 305 311
f 222 311 223
f 223 311 224
f 224 311 305
f 224 305 225
f 225 305 226
f 226 305 227
f 227 312 313
f 227 313 314
f 227 314 229
f 227 305 312
f 229 314 315
f 230 316 317
f 230 317 235
f 230 235 234
f 230 233 318
f 230 318 316
f 232 319 318
f 232 318 233
f 235 317 320
f 235 320 236
f 236 320 321
f 236 321 237
f 237 322 323
f 237 323 238
f 237 321 322
f 238 323 324
f 238 324 239
f 239 324 325
f 239 325 326
f 239 326 240
f 240 326 327
f 240 327 241
f 241 327 328
f 241 328 329
f 241 329 242
f 242 329 243
f 243 330 244
f 243 329 331
f 243 331 330
f 244 330 245
f 245 330 248
f 245 248 247
f 246 250 332
f 246 332 333
f 246 333 252
f 248 331 249
f 248 330 331
f 249 331 329
f 249 329 334
f 249 334 251
f 250 251 332
f 251 334 335
f 251 335 332
f 252 333 336
f 252 336 253
f 253 336 337
f 253 337 254
f 254 337 338
f 254 338 255
f 255 338 339
f 255 339 256
f 256 339 340
f 256 340 341
f 256 341 267
f 261 342 343
f 261 343 344
f 261 344 262
f 261 275 345
f 261 345 346
f 261 346 347
f 261 347 342
f 262 344 348
f 262 348 349
f 262 349 350
f 262 350 286
f 262 286 263
f 265 268 351
f 265 351 352
f 265 352 353
f 265 353 354
f 265 354 355
f 265 355 356
f 265 356 357
f 265 357 346
f 265 346 358
f 265 358 266
f 266 358 345
f 266 345 269
f 267 341 268
f 268 341 359
f 268 359 360
f 268 360 351
f 269 345 361
f 269 361 270
f 270 361 273
f 273 345 274
f 273 361 345
f 274 345 275
f 277 284 278
f 279 362 363
f 279 363 280
f 279 285 364
f 279 364 362
f 280 365 296
f 280 363 365
f 284 295 294
f 284 294 285
f 285 294 293
f 285 293 366
f 285 366 367
f 285 367 364
f 286 350 287
f 287 350 366
f 287 366 368
f 287 368 288
f 288 368 289
f 289 368 291
f 289 291 369
f 289 369 290
f 290 369 291
f 291 368 366
f 291 366 292
f 292 366 293
f 296 365 297
f 297 365 298
f 298 365 370
f 298 370 371
f 298 371 372
f 298 372 299
f 299 372 373
f 299 373 374
f 299 374 306
f 300 375 376
f 300 376 301
f 300 310 375
f 301 376 377
f 301 377 378
f 301 378 302
f 302 379 380
f 302 380 381
f 302 381 303
f 302 378 379
f 303 305 304
f 303 381 382
f 303 382 383
f 303 383 384
f 303 384 385
f 303 385 386
f 303 386 387
f 303 387 305
f 305 387 313
f 305 313 312
f 306 374 388
f 306 388 308
f 306 308 307
f 308 388 389
f 308 389 309
f 309 389 310
f 310 389 390
f 310 390 375
f 313 387 386
f 313 386 391
f 313 391 392
f 313 392 315
f 313 315 314
f 315 392 393
f 316 394 317
f 316 318 395
f 316 395 396
f 316 396 394
f 317 394 320
f 318 319 395
f 320 394 397
f 320 397 322
f 320 322 321
f 322 398 399
f 322 399 324
f 322 324 323
f 322 397 398
f 324 399 400
f 324 400 325
f 325 400 401
f 325 401 402
f 325 402 326
f 326 402 403
f 326 403 404
f 326 404 405
f 326 405 327
f 327 405 328
f 328 405 329
f 329 405 406
f 329 406 407
f 329 407 408
f 329 408 334
f 332 335 409
f 332 409 336
f 332 336 333
f 334 408 410
f 334 410 409
f 334 409 335
f 336 409 410
f 336 410 411
f 336 411 337
f 337 411 410
f 337 410 338
f 338 410 412
f 338 412 413
f 338 413 339
f 339 413 414
f 339 414 415
f 339 415 340
f 340 415 416
f 340 416 417
f 340 417 418
f 340 418 359
f 340 359 341
f 342 347 419
f 342 419 420
f 342 420 421
f 342 421 343
f 343 421 422
f 343 422 344
f 344 422 423
f 344 423 513
f 344 513 424
f 344 424 348
f 345 358 346
f 346 357 347
f 347 357 419
f 348 424 425
f 348 425 426
f 348 426 349
f 349 427 350
f 349 426 428
f 349 428 427
f 350 427 429
f 350 429 430
f 350 430 366
f 351 360 352
f 352 354 353
f 352 360 431
f 352 431 432
f 352 432 354
f 354 432 420
f 354 420 433
f 354 433 355
f 355 433 356
f 356 433 419
f 356 419 357
f 359 434 360
f 359 418 435
f 359 435 436
f 359 436 434
f 360 434 437
f 360 437 438
f 360 438 439
f 360 439 421
f 360 421 431
f 362 440 363
f 362 364 367
f 362 367 440
f 363 440 365
f 365 440 441
f 365 441 442
f 365 442 443
f 365 443 444
f 365 444 445
f 365 445 370
f 366 430 367
f 367 446 447
f 367 447 448
f 367 448 449
f 367 449 440
f 367 430 450
f 367 450 446
f 370 445 444
f 370 444 451
f 370 451 452
f 370 452 371
f 371 453 372
f 371 452 454
f 371 454 451
f 371 451 453
f 372 453 455
f 372 455 456
f 372 456 457
f 372 457 458
f 372 458 374
f 372 374 373
f 374 458 388
f 375 390 459
f 375 459 376
f 376 459 377
f 377 459 460
f 377 460 461
f 377 461 462
f 377 462 463
f 377 463 464
f 377 464 465
f 377 465 378
f 378 465 463
f 378 463 466
f 378 466 467
f 378 467 468
f 378 468 469
f 378 469 380
f 378 380 379
f 380 469 382
f 380 382 381
f 382 469 470
f 382 470 383
f 383 470 471
f 383 471 472
f 383 472 473
f 383 473 474
f 383 474 384
f 384 474 385
f 388 458 475
f 388 475 389
f 389 475 476
f 389 476 477
f 389 477 463
f 389 463 478
f 389 478 461
f 389 461 479
f 389 479 390
f 390 479 459
f 391 393 392
f 397 480 481
f 397 481 482
f 397 482 398
f 398 482 399
f 399 483 400
f 399 482 481
f 399 481 480
f 399 480 484
f 399 484 485
f 399 485 486
f 399 486 487
f 399 487 488
f 399 488 483
f 400 483 488
f 400 488 489
f 400 489 401
f 401 490 491
f 401 491 492
f 401 492 402
f 401 489 493
f 401 493 494
f 401 494 495
f 401 495 589
f 401 589 490
f 402 492 496
f 402 496 404
f 402 404 403
f 404 496 497
f 404 497 498
f 404 498 405
f 405 498 406
f 406 498 499
f 406 499 500
f 406 500 501
f 406 501 502
f 406 502 407
f 407 502 501
f 407 501 503
f 407 503 504
f 407 504 505
f 407 505 506
f 407 506 507
f 407 507 508
f 407 508 412
f 407 412 410
f 407 410 408
f 412 508 413
f 413 508 602
f 413 602 509
f 413 509 415
f 413 415 414
f 415 509 417
f 415 417 416
f 417 509 510
f 417 510 435
f 417 435 418
f 419 433 420
f 420 432 431
f 420 431 421
f 421 439 511
f 421 511 422
f 422 511 512
f 422 512 423
f 423 512 513
f 424 514 515
f 424 515 425
f 424 513 516
f 424 516 517
f 424 517 514
f 425 515 426
f 426 515 514
f 426 514 517
f 426 517 518
f 426 518 428
f 427 428 519
f 427 519 429
f 428 520 519
f 428 518 521
f 428 521 520
f 429 519 522
f 429 522 523
f 429 523 450
f 429 450 430
f 434 524 525
f 434 525 526
f 434 526 527
f 434 527 528
f 434 528 529
f 434 529 530
f 434 530 437
f 434 436 503
f 434 503 531
f 434 531 532
f 434 532 524
f 435 510 436
f 436 510 533
f 436 533 503
f 437 530 529
f 437 529 534
f 437 534 438
f 438 535 511
f 438 511 439
f 438 534 535
f 440 449 441
f 441 449 536
f 441 536 442
f 442 536 537
f 442 537 443
f 443 537 538
f 443 538 444
f 444 538 539
f 444 539 540
f 444 540 541
f 444 541 451
f 446 542 447
f 446 450 543
f 446 543 542
f 447 544 545
f 447 545 546
f 447 546 536
f 447 536 448
f 447 542 547
f 447 547 548
f 447 548 544
f 448 536 449
f 450 549 550
f 450 550 543
f 450 523 551
f 450 551 552
f 450 552 549
f 451 541 553
f 451 553 548
f 451 548 554
f 451 554 453
f 451 454 452
f 453 554 455
f 455 554 555
f 455 555 556
f 455 556 456
f 456 556 457
f 457 475 458
f 457 556 557
f 457 557 558
f 457 558 559
f 457 559 475
f 459 479 460
f 460 479 461
f 461 478 462
f 462 478 463
f 463 560 561
f 463 561 562
f 463 562 466
f 463 465 464
f 463 477 563
f 463 563 564
f 463 564 565
f 463 565 560
f 466 562 467
f 467 562 566
f 467 566 468
f 468 567 469
f 468 566 568
f 468 568 567
f 469 471 470
f 469 567 471
f 471 567 472
f 472 569 473
f 472 567 570
f 472 570 569
f 473 569 571
f 473 571 572
f 473 572 573
f 473 573 574
f 473 574 575
f 473 575 576
f 473 576 577
f 473 577 474
f 475 559 578
f 475 578 579
f 475 579 580
f 475 580 581
f 475 581 582
f 475 582 563
f 475 563 476
f 476 563 477
f 480 583 484
f 484 583 584
f 484 584 585
f 484 585 485
f 485 585 487
f 485 487 486
f 487 586 587
f 487 587 493
f 487 493 488
f 487 585 586
f 488 493 489
f 490 588 491
f 490 589 588
f 491 588 590
f 491 590 708
f 491 708 591
f 491 591 592
f 491 592 492
f 492 592 496
f 493 587 593
f 493 593 494
f 494 593 495
f 495 593 589
f 496 592 594
f 496 594 595
f 496 595 498
f 496 498 497
f 498 595 499
f 499 596 597
f 499 597 500
f 499 595 598
f 499 598 596
f 500 597 599
f 500 599 501
f 501 599 600
f 501 600 531
f 501 531 503
f 503 533 504
f 504 533 510
f 504 510 601
f 504 601 505
f 505 601 506
f 506 601 507
f 507 601 508
f 508 601 602
f 509 602 510
f 510 602 601
f 511 535 603
f 511 603 512
f 512 603 604
f 512 604 513
f 513 604 605
f 513 605 606
f 513 606 607
f 513 607 516
f 516 607 608
f 516 608 609
f 516 609 610
f 516 610 517
f 517 610 611
f 517 611 518
f 518 611 612
f 518 612 521
f 519 520 613
f 519 613 614
f 519 614 522
f 520 614 613
f 520 521 615
f 520 615 614
f 521 612 615
f 522 614 523
f 523 614 616
f 523 616 551
f 524 617 618
f 524 618 619
f 524 619 525
f 524 532 617
f 525 619 526
f 526 620 527
f 526 619 620
f 527 620 621
f 527 621 622
f 527 622 623
f 527 623 528
f 528 623 624
f 528 624 625
f 528 625 529
f 529 625 626
f 529 626 627
f 529 627 534
f 531 600 628
f 531 628 532
f 532 628 618
f 532 618 617
f 534 629 630
f 534 630 535
f 534 627 631
f 534 631 632
f 534 632 633
f 534 633 629
f 535 630 634
f 535 634 635
f 535 635 603
f 536 636 637
f 536 637 537
f 536 546 545
f 536 545 540
f 536 540 636
f 537 637 638
f 537 638 636
f 537 636 639
f 537 639 540
f 537 540 538
f 538 540 539
f 540 639 636
f 540 545 544
f 540 544 548
f 540 548 553
f 540 553 541
f 542 640 641
f 542 641 547
f 542 543 550
f 542 550 642
f 542 642 640
f 547 641 548
f 548 641 643
f 548 643 644
f 548 644 645
f 548 645 646
f 548 646 555
f 548 555 647
f 548 647 554
f 549 552 550
f 550 648 649
f 550 649 642
f 550 552 650
f 550 650 648
f 551 616 651
f 551 651 652
f 551 652 653
f 551 653 654
f 551 654 655
f 551 655 552
f 552 655 656
f 552 656 650
f 554 647 555
f 555 657 556
f 555 646 657
f 556 657 557
f 557 657 658
f 557 658 558
f 558 658 659
f 558 659 559
f 559 579 578
f 559 659 660
f 559 660 661
f 559 661 662
f 559 662 663
f 559 663 579
f 560 565 664
f 560 664 665
f 560 665 666
f 560 666 561
f 561 666 667
f 561 667 668
f 561 668 669
f 561 669 562
f 562 669 566
f 563 670 564
f 563 582 671
f 563 671 670
f 564 670 565
f 565 670 672
f 565 672 664
f 566 669 673
f 566 673 568
f 567 568 674
f 567 674 675
f 567 675 570
f 568 676 674
f 568 673 677
f 568 677 678
f 568 678 679
f 568 679 680
f 568 680 681
f 568 681 676
f 569 570 571
f 570 675 682
f 570 682 683
f 570 683 684
f 570 684 685
f 570 685 686
f 570 686 687
f 570 687 571
f 571 687 572
f 572 687 573
f 573 687 688
f 573 688 689
f 573 689 574
f 574 689 575
f 579 663 690
f 579 690 580
f 580 690 691
f 580 691 692
f 580 692 581
f 581 692 693
f 581 693 582
f 582 693 694
f 582 694 671
f 585 695 586
f 586 696 697
f 586 697 698
f 586 698 699
f 586 699 700
f 586 700 701
f 586 701 702
f 586 702 587
f 586 695 696
f 587 703 593
f 587 702 704
f 587 704 703
f 588 589 705
f 588 705 590
f 589 593 706
f 589 706 707
f 589 707 705
f 590 705 707
f 590 707 708
f 591 708 598
f 591 598 594
f 591 594 592
f 593 703 706
f 594 598 595
f 596 709 710
f 596 710 597
f 596 598 709
f 597 711 712
f 597 712 713
f 597 713 599
f 597 710 714
f 597 714 715
f 597 715 716
f 597 716 717
f 597 717 711
f 598 708 709
f 599 713 600
f 600 713 628
f 603 635 718
f 603 718 604
f 604 718 605
f 605 718 719
f 605 719 606
f 606 719 720
f 606 720 608
f 606 608 607
f 608 720 721
f 608 721 722
f 608 722 609
f 609 722 723
f 609 723 724
f 609 724 725
f 609 725 726
f 609 726 611
f 609 611 610
f 611 726 612
f 612 616 615
f 612 726 727
f 612 727 652
f 612 652 728
f 612 728 616
f 614 615 616
f 616 728 651
f 618 628 729
f 618 729 730
f 618 730 731
f 618 731 732
f 618 732 733
f 618 733 619
f 619 733 734
f 619 734 735
f 619 735 620
f 620 735 621
f 621 736 737
f 621 737 738
f 621 738 622
f 621 735 734
f 621 734 739
f 621 739 736
f 622 738 623
f 623 738 740
f 623 740 741
f 623 741 624
f 624 741 742
f 624 742 625
f 625 742 743
f 625 743 744
f 625 744 745
f 625 745 746
f 625 746 747
f 625 747 626
f 626 747 748
f 626 748 631
f 626 631 627
f 628 713 712
f 628 712 729
f 629 633 634
f 629 634 630
f 631 748 632
f 632 748 747
f 632 747 749
f 632 749 750
f 632 750 633
f 633 750 749
f 633 749 751
f 633 751 752
f 633 752 721
f 633 721 634
f 634 721 720
f 634 720 719
f 634 719 635
f 635 719 718
f 636 638 637
f 640 642 753
f 640 753 754
f 640 754 641
f 641 754 644
f 641 644 643
f 642 649 755
f 642 755 753
f 644 754 756
f 644 756 842
f 644 842 757
f 644 757 758
f 644 758 645
f 645 758 759
f 645 759 760
f 645 760 646
f 646 761 657
f 646 760 761
f 648 650 762
f 648 762 649
f 649 762 763
f 649 763 764
f 649 764 765
f 649 765 766
f 649 766 767
f 649 767 768
f 649 768 755
f 650 656 762
f 651 728 652
f 652 726 769
f 652 769 770
f 652 770 653
f 652 727 726
f 653 770 771
f 653 771 772
f 653 772 654
f 654 762 656
f 654 656 655
f 654 772 773
f 654 773 762
f 657 761 658
f 658 761 659
f 659 761 661
f 659 661 660
f 661 774 775
f 661 775 776
f 661 776 777
f 661 777 662
f 661 761 774
f 662 777 663
f 663 777 690
f 664 672 665
f 665 778 666
f 665 672 779
f 665 779 780
f 665 780 778
f 666 778 667
f 667 778 781
f 667 781 668
f 668 673 669
f 668 781 673
f 670 671 694
f 670 694 672
f 672 694 779
f 673 781 677
f 674 676 675
f 675 782 783
f 675 783 682
f 675 676 784
f 675 784 785
f 675 785 782
f 676 681 786
f 676 786 784
f 677 781 678
f 678 781 787
f 678 787 788
f 678 788 789
f 678 789 790
f 678 790 679
f 679 790 680
f 680 790 681
f 681 784 786
f 681 790 791
f 681 791 784
f 682 783 792
f 682 792 683
f 683 792 684
f 687 689 688
f 690 777 691
f 691 777 776
f 691 776 692
f 692 776 793
f 692 793 794
f 692 794 795
f 692 795 693
f 693 795 779
f 693 779 694
f 695 796 697
f 695 697 696
f 697 796 797
f 697 797 698
f 698 797 798
f 698 798 799
f 698 799 700
f 698 700 699
f 700 799 701
f 701 799 800
f 701 800 801
f 701 801 802
f 701 802 702
f 702 802 803
f 702 803 704
f 703 710 709
f 703 709 804
f 703 804 706
f 703 704 805
f 703 805 710
f 704 710 805
f 704 803 806
f 704 806 807
f 704 807 710
f 706 804 707
f 707 804 709
f 707 709 708
f 710 807 714
f 711 717 712
f 712 717 729
f 714 807 808
f 714 808 715
f 715 809 810
f 715 810 716
f 715 808 811
f 715 811 809
f 716 810 812
f 716 812 717
f 717 739 729
f 717 812 813
f 717 813 736
f 717 736 739
f 721 752 722
f 722 752 751
f 722 751 723
f 723 751 814
f 723 814 815
f 723 815 724
f 724 815 816
f 724 816 817
f 724 817 725
f 725 769 726
f 725 817 818
f 725 818 819
f 725 819 866
f 725 866 769
f 729 739 732
f 729 732 731
f 729 731 730
f 732 739 733
f 733 739 734
f 736 813 820
f 736 820 737
f 737 821 822
f 737 822 823
f 737 823 824
f 737 824 738
f 737 820 821
f 738 824 740
f 740 824 825
f 740 825 741
f 741 825 826
f 741 826 827
f 741 827 828
f 741 828 742
f 742 828 829
f 742 829 830
f 742 830 744
f 742 744 743
f 744 830 745
f 745 830 831
f 745 831 832
f 745 832 833
f 745 833 834
f 745 834 835
f 745 835 746
f 746 835 747
f 747 835 834
f 747 834 836
f 747 836 837
f 747 837 751
f 747 751 749
f 751 837 838
f 751 838 839
f 751 839 814
f 753 840 754
f 753 755 841
f 753 841 840
f 754 840 756
f 755 768 841
f 756 840 841
f 756 841 842
f 757 842 843
f 757 843 758
f 758 844 845
f 758 845 759
f 758 843 846
f 758 846 844
f 759 845 760
f 760 847 848
f 760 848 849
f 760 849 850
f 760 850 761
f 760 845 851
f 760 851 852
f 760 852 853
f 760 853 854
f 760 854 847
f 761 855 776
f 761 776 774
f 761 850 849
f 761 849 856
f 761 856 857
f 761 857 858
f 761 858 855
f 762 773 764
f 762 764 763
f 764 773 859
f 764 859 860
f 764 860 861
f 764 861 767
f 764 767 765
f 765 767 862
f 765 862 766
f 766 862 767
f 767 861 863
f 767 863 843
f 767 843 864
f 767 864 768
f 768 864 865
f 768 865 841
f 769 866 770
f 770 866 867
f 770 867 868
f 770 868 771
f 771 868 869
f 771 869 772
f 772 870 773
f 772 869 871
f 772 871 870
f 773 870 863
f 773 863 859
f 774 776 775
f 776 872 873
f 776 873 874
f 776 874 875
f 776 875 793
f 776 855 872
f 778 780 781
f 779 795 780
f 780 795 781
f 781 795 787
f 782 785 783
f 783 785 876
f 783 876 792
f 784 877 878
f 784 878 876
f 784 876 785
f 784 791 879
f 784 879 877
f 787 794 880
f 787 880 881
f 787 881 788
f 787 795 794
f 788 882 883
f 788 883 884
f 788 884 885
f 788 885 791
f 788 791 789
f 788 881 882
f 789 791 790
f 791 885 879
f 792 886 887
f 792 876 878
f 792 878 886
f 793 875 888
f 793 888 889
f 793 889 794
f 794 889 880
f 798 890 891
f 798 891 892
f 798 892 799
f 799 892 800
f 800 892 801
f 801 893 894
f 801 894 802
f 801 892 891
f 801 891 893
f 802 895 896
f 802 896 897
f 802 897 898
f 802 898 803
f 802 894 899
f 802 899 895
f 803 898 900
f 803 900 901
f 803 901 806
f 806 901 807
f 807 901 811
f 807 811 808
f 809 811 810
f 810 811 902
f 810 902 903
f 810 903 812
f 811 901 903
f 811 903 902
f 812 903 904
f 812 904 905
f 812 905 813
f 813 906 907
f 813 907 820
f 813 905 906
f 814 839 908
f 814 908 815
f 815 908 909
f 815 909 910
f 815 910 911
f 815 911 816
f 816 911 817
f 817 912 818
f 817 911 913
f 817 913 912
f 818 912 914
f 818 914 819
f 819 914 867
f 819 867 866
f 820 907 821
f 821 907 915
f 821 915 916
f 821 916 917
f 821 917 822
f 822 917 918
f 822 918 919
f 822 919 920
f 822 920 823
f 823 921 922
f 823 922 825
f 823 825 824
f 823 920 921
f 825 922 923
f 825 923 826
f 826 923 924
f 826 924 827
f 827 924 828
f 828 924 925
f 828 925 926
f 828 926 829
f 829 926 830
f 830 919 831
f 830 926 927
f 830 927 920
f 830 920 919
f 831 919 832
f 832 928 929
f 832 929 833
f 832 919 928
f 833 929 930
f 833 930 834
f 834 930 931
f 834 931 932
f 834 932 933
f 834 933 934
f 834 934 836
f 836 934 837
f 837 934 838
f 838 935 933
f 838 933 936
f 838 936 937
f 838 937 839
f 838 934 935
f 839 937 938
f 839 938 939
f 839 939 940
f 839 940 941
f 839 941 908
f 841 865 842
f 842 865 843
f 843 865 864
f 843 863 942
f 843 942 846
f 844 846 845
f 845 846 943
f 845 943 851
f 846 942 944
f 846 944 943
f 847 854 945
f 847 945 946
f 847 946 848
f 848 946 945
f 848 945 947
f 848 947 948
f 848 948 949
f 848 949 950
f 848 950 849
f 849 950 856
f 851 943 951
f 851 951 852
f 852 951 952
f 852 952 853
f 853 952 953
f 853 953 854
f 854 947 945
f 854 953 947
f 855 858 954
f 855 954 872
f 856 950 857
f 857 950 955
f 857 955 956
f 857 956 957
f 857 957 875
f 857 875 873
f 857 873 858
f 858 873 872
f 858 872 954
f 859 863 860
f 860 863 861
f 863 870 958
f 863 958 959
f 863 959 960
f 863 960 951
f 863 951 942
f 867 961 962
f 867 962 963
f 867 963 868
f 867 914 961
f 868 964 965
f 868 965 869
f 868 963 964
f 869 966 967
f 869 967 968
f 869 968 969
f 869 969 970
f 869 970 871
f 869 965 966
f 870 871 959
f 870 959 958
f 871 970 959
f 873 875 874
f 875 957 956
f 875 956 971
f 875 971 888
f 877 972 878
f 877 879 972
f 878 972 973
f 878 973 886
f 879 885 974
f 879 974 975
f 879 975 972
f 880 976 977
f 880 977 978
f 880 978 881
f 880 889 979
f 880 979 980
f 880 980 976
f 881 978 981
f 881 981 882
f 882 981 982
f 882 982 883
f 883 982 983
f 883 983 984
f 883 984 985
f 883 985 884
f 884 986 974
f 884 974 885
f 884 985 987
f 884 987 988
f 884 988 989
f 884 989 990
f 884 990 991
f 884 991 986
f 886 992 887
f 886 973 992
f 887 992 993
f 887 993 994
f 888 971 956
f 888 956 995
f 888 995 979
f 888 979 889
f 890 996 891
f 891 996 997
f 891 997 893
f 893 998 1096
f 893 1096 999
f 893 999 1000
f 893 1000 894
f 893 997 998
f 894 1000 1001
f 894 1001 1002
f 894 1002 1003
f 894 1003 899
f 895 899 896
f 896 905 897
f 896 899 1004
f 896 1004 1005
f 896 1005 1006
f 896 1006 906
f 896 906 905
f 897 905 900
f 897 900 898
f 899 1003 1007
f 899 1007 1008
f 899 1008 1009
f 899 1009 1010
f 899 1010 1011
f 899 1011 1005
f 899 1005 1004
f 900 905 904
f 900 904 903
f 900 903 901
f 906 1006 1012
f 906 1012 907
f 907 1012 1013
f 907 1013 915
f 908 941 909
f 909 941 1014
f 909 1014 1015
f 909 1015 1016
f 909 1016 1017
f 909 1017 1018
f 909 1018 910
f 910 1018 913
f 910 913 911
f 912 913 1019
f 912 1019 1020
f 912 1020 961
f 912 961 914
f 913 1018 1021
f 913 1021 1022
f 913 1022 1019
f 915 1013 1023
f 915 1023 916
f 916 918 917
f 916 1023 1013
f 916 1013 1024
f 916 1024 929
f 916 929 928
f 916 928 919
f 916 919 918
f 920 927 926
f 920 926 1025
f 920 1025 921
f 921 1025 922
f 922 1025 923
f 923 1025 924
f 924 1025 925
f 925 1025 926
f 929 1024 1026
f 929 1026 930
f 930 1026 1027
f 930 1027 931
f 931 1027 1028
f 931 1028 1029
f 931 1029 933
f 931 933 932
f 933 1029 936
f 933 935 934
f 936 1029 1030
f 936 1030 1031
f 936 1031 937
f 937 1031 1032
f 937 1032 1033
f 937 1033 938
f 938 1033 1034
f 938 1034 939
f 939 1034 1035
f 939 1035 940
f 940 1035 1014
f 940 1014 941
f 942 951 944
f 943 944 951
f 947 953 1036
f 947 1036 1037
f 947 1037 948
f 948 1037 1038
f 948 1038 1039
f 948 1039 949
f 949 955 950
f 949 1039 1040
f 949 1040 955
f 951 960 1041
f 951 1041 952
f 952 1041 1038
f 952 1038 1042
f 952 1042 953
f 953 1042 1037
f 953 1037 1036
f 955 1040 1043
f 955 1043 1044
f 955 1044 956
f 956 1044 995
f 959 970 1045
f 959 1045 1046
f 959 1046 960
f 960 1046 1047
f 960 1047 1041
f 961 1020 1048
f 961 1048 962
f 962 1048 1049
f 962 1049 1050
f 962 1050 1051
f 962 1051 1052
f 962 1052 1053
f 962 1053 963
f 963 1054 1055
f 963 1055 964
f 963 1053 1054
f 964 1056 1057
f 964 1057 965
f 964 1055 1056
f 965 1057 1053
f 965 1053 1058
f 965 1058 966
f 966 1059 1060
f 966 1060 1061
f 966 1061 967
f 966 1058 1062
f 966 1062 1063
f 966 1063 1059
f 967 1064 968
f 967 1061 1060
f 967 1060 1065
f 967 1065 1066
f 967 1066 1064
f 968 1064 969
f 969 1064 970
f 970 1064 1067
f 970 1067 1068
f 970 1068 1069
f 970 1069 1045
f 972 975 973
f 973 993 992
f 973 975 1070
f 973 1070 1071
f 973 1071 993
f 974 1071 1070
f 974 1070 975
f 974 986 1071
f 976 980 1072
f 976 1072 977
f 977 1072 1073
f 977 1073 981
f 977 981 978
f 979 995 1074
f 979 1074 980
f 980 1074 1075
f 980 1075 1076
f 980 1076 1072
f 981 1073 982
f 982 1077 983
f 982 1073 1072
f 982 1072 1077
f 983 1077 1078
f 983 1078 984
f 984 1078 1079
f 984 1079 1080
f 984 1080 985
f 985 1080 1081
f 985 1081 1082
f 985 1082 987
f 986 1083 1084
f 986 1084 1085
f 986 1085 1071
f 986 991 1086
f 986 1086 1087
f 986 1087 1088
f 986 1088 1089
f 986 1089 1090
f 986 1090 1083
f 987 1082 1092
f 987 1092 988
f 988 1091 989
f 988 1092 1091
f 989 1091 990
f 990 1086 991
f 990 1091 1086
f 993 1093 994
f 993 1071 1094
f 993 1094 1093
f 995 1044 1074
f 997 1095 1096
f 997 1096 998
f 999 1096 1097
f 999 1097 1000
f 1000 1097 1001
f 1001 1097 1002
f 1002 1097 1098
f 1002 1098 1099
f 1002 1099 1003
f 1003 1099 1007
f 1005 1011 1100
f 1005 1100 1006
f 1006 1100 1101
f 1006 1101 1102
f 1006 1102 1012
f 1007 1103 1104
f 1007 1104 1105
f 1007 1105 1008
f 1007 1099 1103
f 1008 1105 1009
f 1009 1105 1106
f 1009 1106 1107
f 1009 1107 1108
f 1009 1108 1010
f 1010 1108 1011
f 1011 1108 1100
f 1012 1102 1100
f 1012 1100 1109
f 1012 1109 1110
f 1012 1110 1013
f 1013 1110 1109
f 1013 1109 1111
f 1013 1111 1112
f 1013 1112 1113
f 1013 1113 1024
f 1014 1035 1146
f 1014 1146 1239
f 1014 1239 1238
f 1014 1238 1313
f 1014 1313 1235
f 1014 1235 1312
f 1014 1312 1234
f 1014 1234 1226
f 1014 1226 1225
f 1014 1225 1224
f 1014 1224 1309
f 1014 1309 1376
f 1014 1376 1375
f 1014 1375 1410
f 1014 1410 1409
f 1014 1409 1370
f 1014 1370 1374
f 1014 1374 1373
f 1014 1373 1372
f 1014 1372 1302
f 1014 1302 1369
f 1014 1369 1299
f 1014 1299 1368
f 1014 1368 1367
f 1014 1367 1293
f 1014 1293 1208
f 1014 1208 1292
f 1014 1292 1364
f 1014 1364 1407
f 1014 1407 1431
f 1014 1431 1434
f 1014 1434 1433
f 1014 1433 1451
f 1014 1451 1465
f 1014 1465 1470
f 1014 1470 1474
f 1014 1474 1478
f 1014 1478 1485
f 1014 1485 1488
f 1014 1488 1487
f 1014 1487 1494
f 1014 1494 1493
f 1014 1493 1499
f 1014 1499 1505
f 1014 1505 1514
f 1014 1514 1518
f 1014 1518 1516
f 1014 1516 1511
f 1014 1511 1502
f 1014 1502 1495
f 1014 1495 1490
f 1014 1490 1484
f 1014 1484 1483
f 1014 1483 1482
f 1014 1482 1480
f 1014 1480 1476
f 1014 1476 1472
f 1014 1472 1467
f 1014 1467 1460
f 1014 1460 1448
f 1014 1448 1426
f 1014 1426 1398
f 1014 1398 1397
f 1014 1397 1352
f 1014 1352 1360
f 1014 1360 1404
f 1014 1404 1430
f 1014 1430 1439
f 1014 1439 1455
f 1014 1455 1454
f 1014 1454 1453
f 1014 1453 1459
f 1014 1459 1446
f 1014 1446 1445
f 1014 1445 1444
f 1014 1444 1458
f 1014 1458 1457
f 1014 1457 1456
f 1014 1456 1441
f 1014 1441 1419
f 1014 1419 1381
f 1014 1381 1380
f 1014 1380 1348
f 1014 1348 1347
f 1014 1347 1268
f 1014 1268 1171
f 1014 1171 1170
f 1014 1170 1169
f 1014 1169 1267
f 1014 1267 1266
f 1014 1266 1346
f 1014 1346 1345
f 1014 1345 1305
f 1014 1305 1218
f 1014 1218 1118
f 1014 1118 1117
f 1014 1117 1114
f 1014 1114 1115
f 1014 1115 1016
f 1014 1016 1015
f 1016 1115 1017
f 1017 1116 1021
f 1017 1021 1018
f 1017 1115 1114
f 1017 1114 1117
f 1017 1117 1118
f 1017 1118 1116
f 1019 1022 1048
f 1019 1048 1020
f 1021 1049 1048
f 1021 1048 1022
f 1021 1116 1049
f 1024 1119 1026
f 1024 1113 1119
f 1026 1120 1121
f 1026 1121 1122
f 1026 1122 1123
f 1026 1123 1124
f 1026 1124 1125
f 1026 1125 1126
f 1026 1126 1127
f 1026 1127 1128
f 1026 1128 1129
f 1026 1129 1027
f 1026 1119 1120
f 1027 1129 1130
f 1027 1130 1028
f 1028 1131 1132
f 1028 1132 1133
f 1028 1133 1134
f 1028 1134 1135
f 1028 1135 1029
f 1028 1130 1136
f 1028 1136 1137
f 1028 1137 1131
f 1029 1135 1030
f 1030 1135 1031
f 1031 1135 1138
f 1031 1138 1139
f 1031 1139 1032
f 1032 1139 1140
f 1032 1140 1141
f 1032 1141 1142
f 1032 1142 1143
f 1032 1143 1033
f 1033 1143 1034
f 1034 1143 1142
f 1034 1142 1144
f 1034 1144 1145
f 1034 1145 1035
f 1035 1145 1144
f 1035 1144 1146
f 1037 1042 1038
f 1038 1041 1147
f 1038 1147 1148
f 1038 1148 1039
f 1039 1149 1150
f 1039 1150 1151
f 1039 1151 1040
f 1039 1148 1149
f 1040 1152 1043
f 1040 1151 1153
f 1040 1153 1152
f 1041 1047 1154
f 1041 1154 1155
f 1041 1155 1147
f 1043 1156 1076
f 1043 1076 1044
f 1043 1152 1157
f 1043 1157 1156
f 1044 1076 1074
f 1045 1069 1158
f 1045 1158 1159
f 1045 1159 1160
f 1045 1160 1046
f 1046 1161 1047
f 1046 1160 1159
f 1046 1159 1162
f 1046 1162 1161
f 1047 1161 1163
f 1047 1163 1154
f 1049 1116 1050
f 1050 1116 1164
f 1050 1164 1165
f 1050 1165 1166
f 1050 1166 1051
f 1051 1166 1167
f 1051 1167 1168
f 1051 1168 1052
f 1052 1168 1169
f 1052 1169 1170
f 1052 1170 1171
f 1052 1171 1172
f 1052 1172 1053
f 1053 1172 1173
f 1053 1173 1174
f 1053 1174 1058
f 1053 1057 1054
f 1054 1057 1055
f 1055 1057 1056
f 1058 1174 1175
f 1058 1175 1062
f 1059 1063 1176
f 1059 1176 1177
f 1059 1177 1178
f 1059 1178 1060
f 1060 1178 1179
f 1060 1179 1065
f 1062 1175 1180
f 1062 1180 1181
f 1062 1181 1176
f 1062 1176 1063
f 1064 1066 1067
f 1065 1179 1066
f 1066 1179 1182
f 1066 1182 1067
f 1067 1182 1179
f 1067 1179 1183
f 1067 1183 1068
f 1068 1183 1069
f 1069 1183 1179
f 1069 1179 1158
f 1071 1085 1094
f 1072 1076 1077
f 1074 1076 1075
f 1076 1156 1077
f 1077 1156 1078
f 1078 1156 1184
f 1078 1184 1185
f 1078 1185 1186
f 1078 1186 1079
f 1079 1186 1187
f 1079 1187 1080
f 1080 1187 1081
f 1081 1187 1092
f 1081 1092 1082
f 1083 1188 1189
f 1083 1189 1190
f 1083 1190 1084
f 1083 1090 1188
f 1084 1190 1191
f 1084 1191 1094
f 1084 1094 1085
f 1086 1091 1087
f 1087 1091 1192
f 1087 1192 1193
f 1087 1193 1088
f 1088 1193 1194
f 1088 1194 1090
f 1088 1090 1089
f 1090 1194 1195
f 1090 1195 1196
f 1090 1196 1197
f 1090 1197 1188
f 1091 1092 1192
f 1092 1198 1199
f 1092 1199 1192
f 1092 1187 1198
f 1093 1094 1200
f 1094 1191 1201
f 1094 1201 1200
f 1095 1202 1203
f 1095 1203 1096
f 1096 1203 1204
f 1096 1204 1205
f 1096 1205 1206
f 1096 1206 1098
f 1096 1098 1097
f 1098 1206 1099
f 1099 1206 1207
f 1099 1207 1208
f 1099 1208 1103
f 1100 1102 1101
f 1100 1108 1209
f 1100 1209 1107
f 1100 1107 1109
f 1103 1208 1210
f 1103 1210 1211
f 1103 1211 1104
f 1104 1211 1105
f 1105 1211 1106
f 1106 1211 1212
f 1106 1212 1213
f 1106 1213 1214
f 1106 1214 1107
f 1107 1209 1108
f 1107 1214 1215
f 1107 1215 1216
f 1107 1216 1109
f 1109 1216 1215
f 1109 1215 1121
f 1109 1121 1111
f 1111 1119 1112
f 1111 1121 1217
f 1111 1217 1119
f 1112 1119 1113
f 1116 1167 1166
f 1116 1166 1164
f 1116 1118 1218
f 1116 1218 1167
f 1119 1217 1120
f 1120 1217 1121
f 1121 1215 1122
f 1122 1215 1123
f 1123 1215 1219
f 1123 1219 1124
f 1124 1220 1221
f 1124 1221 1125
f 1124 1219 1222
f 1124 1222 1220
f 1125 1221 1223
f 1125 1223 1126
f 1126 1223 1224
f 1126 1224 1225
f 1126 1225 1226
f 1126 1226 1127
f 1127 1226 1128
f 1128 1226 1227
f 1128 1227 1228
f 1128 1228 1130
f 1128 1130 1129
f 1130 1228 1226
f 1130 1226 1136
f 1131 1137 1233
f 1131 1233 1132
f 1132 1229 1230
f 1132 1230 1231
f 1132 1231 1140
f 1132 1140 1232
f 1132 1232 1133
f 1132 1233 1310
f 1132 1310 1229
f 1133 1232 1134
f 1134 1232 1139
f 1134 1139 1138
f 1134 1138 1135
f 1136 1226 1234
f 1136 1234 1137
f 1137 1234 1233
f 1139 1232 1140
f 1140 1231 1230
f 1140 1230 1235
f 1140 1235 1236
f 1140 1236 1237
f 1140 1237 1141
f 1141 1237 1142
f 1142 1237 1236
f 1142 1236 1238
f 1142 1238 1144
f 1144 1238 1239
f 1144 1239 1146
f 1147 1155 1150
f 1147 1150 1149
f 1147 1149 1148
f 1150 1155 1240
f 1150 1240 1241
f 1150 1241 1151
f 1151 1241 1153
f 1152 1153 1242
f 1152 1242 1243
f 1152 1243 1244
f 1152 1244 1245
f 1152 1245 1246
f 1152 1246 1247
f 1152 1247 1248
f 1152 1248 1249
f 1152 1249 1157
f 1153 1241 1242
f 1154 1163 1250
f 1154 1250 1251
f 1154 1251 1240
f 1154 1240 1155
f 1156 1157 1252
f 1156 1252 1184
f 1157 1249 1252
f 1158 1179 1159
f 1159 1179 1253
f 1159 1253 1254
f 1159 1254 1255
f 1159 1255 1256
f 1159 1256 1162
f 1161 1257 1258
f 1161 1258 1259
f 1161 1259 1163
f 1161 1162 1260
f 1161 1260 1261
f 1161 1261 1257
f 1162 1256 1262
f 1162 1262 1260
f 1163 1259 1263
f 1163 1263 1264
f 1163 1264 1250
f 1164 1166 1165
f 1167 1218 1265
f 1167 1265 1266
f 1167 1266 1168
f 1168 1266 1267
f 1168 1267 1169
f 1171 1268 1172
f 1172 1269 1270
f 1172 1270 1173
f 1172 1268 1269
f 1173 1270 1271
f 1173 1271 1174
f 1174 1271 1175
f 1175 1271 1180
f 1176 1181 1272
f 1176 1272 1178
f 1176 1178 1177
f 1178 1272 1179
f 1179 1272 1253
f 1180 1271 1270
f 1180 1270 1273
f 1180 1273 1272
f 1180 1272 1181
f 1184 1252 1185
f 1185 1252 1186
f 1186 1252 1274
f 1186 1274 1187
f 1187 1274 1275
f 1187 1275 1198
f 1188 1197 1276
f 1188 1276 1277
f 1188 1277 1189
f 1189 1277 1278
f 1189 1278 1279
f 1189 1279 1191
f 1189 1191 1190
f 1191 1279 1201
f 1192 1199 1280
f 1192 1280 1193
f 1193 1280 1281
f 1193 1281 1282
f 1193 1282 1283
f 1193 1283 1194
f 1194 1276 1195
f 1194 1283 1284
f 1194 1284 1276
f 1195 1276 1196
f 1196 1276 1197
f 1198 1285 1286
f 1198 1286 1287
f 1198 1287 1199
f 1198 1275 1249
f 1198 1249 1248
f 1198 1248 1285
f 1199 1287 1288
f 1199 1288 1356
f 1199 1356 1280
f 1200 1201 1279
f 1200 1279 1289
f 1202 1290 1291
f 1202 1291 1206
f 1202 1206 1205
f 1202 1205 1204
f 1202 1204 1203
f 1206 1291 1207
f 1207 1291 1208
f 1208 1293 1294
f 1208 1294 1295
f 1208 1295 1211
f 1208 1211 1210
f 1208 1291 1290
f 1208 1290 1296
f 1208 1296 1297
f 1208 1297 1298
f 1208 1298 1292
f 1211 1295 1212
f 1212 1295 1294
f 1212 1294 1299
f 1212 1299 1300
f 1212 1300 1213
f 1213 1301 1214
f 1213 1300 1302
f 1213 1302 1303
f 1213 1303 1304
f 1213 1304 1301
f 1214 1301 1219
f 1214 1219 1215
f 1218 1305 1265
f 1219 1301 1306
f 1219 1306 1222
f 1220 1222 1306
f 1220 1306 1307
f 1220 1307 1221
f 1221 1307 1308
f 1221 1308 1223
f 1223 1308 1309
f 1223 1309 1224
f 1226 1228 1227
f 1229 1310 1230
f 1230 1310 1311
f 1230 1311 1312
f 1230 1312 1235
f 1233 1234 1311
f 1233 1311 1310
f 1234 1312 1311
f 1235 1313 1236
f 1236 1313 1238
f 1240 1251 1241
f 1241 1251 1314
f 1241 1314 1315
f 1241 1315 1316
f 1241 1316 1317
f 1241 1317 1242
f 1242 1317 1318
f 1242 1318 1319
f 1242 1319 1320
f 1242 1320 1243
f 1243 1320 1321
f 1243 1321 1287
f 1243 1287 1322
f 1243 1322 1286
f 1243 1286 1245
f 1243 1245 1244
f 1245 1286 1247
f 1245 1247 1323
f 1245 1323 1246
f 1246 1323 1247
f 1247 1286 1248
f 1248 1286 1285
f 1249 1275 1252
f 1250 1264 1324
f 1250 1324 1316
f 1250 1316 1315
f 1250 1315 1314
f 1250 1314 1251
f 1252 1275 1274
f 1253 1272 1254
f 1254 1272 1325
f 1254 1325 1326
f 1254 1326 1327
f 1254 1327 1255
f 1255 1327 1328
f 1255 1328 1329
f 1255 1329 1256
f 1256 1330 1331
f 1256 1331 1332
f 1256 1332 1262
f 1256 1329 1330
f 1257 1333 1258
f 1257 1261 1334
f 1257 1334 1335
f 1257 1335 1336
f 1257 1336 1333
f 1258 1333 1337
f 1258 1337 1259
f 1259 1337 1338
f 1259 1338 1263
f 1260 1262 1339
f 1260 1339 1340
f 1260 1340 1261
f 1261 1340 1341
f 1261 1341 1342
f 1261 1342 1334
f 1262 1332 1339
f 1263 1338 1264
f 1264 1338 1343
f 1264 1343 1337
f 1264 1337 1344
f 1264 1344 1324
f 1265 1305 1345
f 1265 1345 1346
f 1265 1346 1266
f 1268 1347 1269
f 1269 1325 1272
f 1269 1272 1273
f 1269 1273 1270
f 1269 1347 1348
f 1269 1348 1325
f 1276 1349 1350
f 1276 1350 1351
f 1276 1351 1277
f 1276 1284 1352
f 1276 1352 1349
f 1277 1351 1353
f 1277 1353 1354
f 1277 1354 1278
f 1278 1354 1355
f 1278 1355 1289
f 1278 1289 1279
f 1280 1356 1357
f 1280 1357 1358
f 1280 1358 1282
f 1280 1282 1281
f 1282 1358 1359
f 1282 1359 1283
f 1283 1359 1360
f 1283 1360 1284
f 1284 1360 1352
f 1286 1322 1287
f 1287 1321 1361
f 1287 1361 1288
f 1288 1361 1406
f 1288 1406 1362
f 1288 1362 1363
f 1288 1363 1356
f 1292 1298 1365
f 1292 1365 1366
f 1292 1366 1364
f 1293 1367 1294
f 1294 1367 1368
f 1294 1368 1299
f 1299 1369 1300
f 1300 1369 1302
f 1301 1304 1370
f 1301 1370 1371
f 1301 1371 1306
f 1302 1372 1303
f 1303 1372 1304
f 1304 1372 1373
f 1304 1373 1374
f 1304 1374 1370
f 1306 1371 1375
f 1306 1375 1307
f 1307 1375 1308
f 1308 1375 1376
f 1308 1376 1309
f 1316 1324 1318
f 1316 1318 1317
f 1318 1324 1319
f 1319 1324 1320
f 1320 1377 1321
f 1320 1324 1344
f 1320 1344 1378
f 1320 1378 1379
f 1320 1379 1377
f 1321 1377 1361
f 1325 1348 1380
f 1325 1380 1381
f 1325 1381 1326
f 1326 1382 1327
f 1326 1381 1382
f 1327 1382 1383
f 1327 1383 1384
f 1327 1384 1328
f 1328 1384 1329
f 1329 1384 1331
f 1329 1331 1385
f 1329 1385 1330
f 1330 1385 1331
f 1331 1384 1386
f 1331 1386 1387
f 1331 1387 1332
f 1332 1388 1389
f 1332 1389 1390
f 1332 1390 1391
f 1332 1391 1339
f 1332 1387 1388
f 1333 1336 1337
f 1334 1391 1392
f 1334 1392 1393
f 1334 1393 1337
f 1334 1337 1394
f 1334 1394 1335
f 1334 1342 1341
f 1334 1341 1391
f 1335 1394 1337
f 1335 1337 1336
f 1337 1393 1395
f 1337 1395 1344
f 1337 1343 1338
f 1339 1341 1340
f 1339 1391 1341
f 1344 1395 1378
f 1349 1353 1350
f 1349 1352 1397
f 1349 1397 1398
f 1349 1398 1396
f 1350 1353 1351
f 1353 1399 1354
f 1354 1399 1355
f 1356 1363 1360
f 1356 1360 1357
f 1357 1360 1358
f 1358 1360 1359
f 1360 1400 1401
f 1360 1401 1402
f 1360 1402 1403
f 1360 1403 1404
f 1360 1363 1405
f 1360 1405 1400
f 1361 1377 1406
f 1362 1406 1405
f 1362 1405 1363
f 1364 1366 1407
f 1366 1408 1407
f 1370 1409 1371
f 1371 1409 1410
f 1371 1410 1375
f 1377 1405 1406
f 1377 1379 1411
f 1377 1411 1400
f 1377 1400 1405
f 1378 1395 1393
f 1378 1393 1412
f 1378 1412 1379
f 1379 1412 1413
f 1379 1413 1414
f 1379 1414 1415
f 1379 1415 1416
f 1379 1416 1417
f 1379 1417 1418
f 1379 1418 1411
f 1381 1419 1382
f 1382 1420 1389
f 1382 1389 1383
f 1382 1419 1420
f 1383 1389 1386
f 1383 1386 1384
f 1386 1389 1387
f 1387 1389 1388
f 1389 1392 1390
f 1389 1420 1421
f 1389 1421 1422
f 1389 1422 1423
f 1389 1423 1392
f 1390 1392 1391
f 1392 1423 1424
f 1392 1424 1413
f 1392 1413 1393
f 1393 1413 1412
f 1396 1398 1425
f 1398 1426 1427
f 1398 1427 1428
f 1398 1428 1425
f 1400 1411 1401
f 1401 1411 1418
f 1401 1418 1429
f 1401 1429 1403
f 1401 1403 1402
f 1403 1429 1418
f 1403 1418 1417
f 1403 1417 1404
f 1404 1417 1416
f 1404 1416 1430
f 1407 1408 1431
f 1408 1432 1433
f 1408 1433 1434
f 1408 1434 1431
f 1413 1435 1414
f 1413 1424 1435
f 1414 1435 1436
f 1414 1436 1437
f 1414 1437 1438
f 1414 1438 1415
f 1415 1438 1416
f 1416 1438 1437
f 1416 1437 1439
f 1416 1439 1440
f 1416 1440 1430
f 1419 1441 1442
f 1419 1442 1422
f 1419 1422 1421
f 1419 1421 1420
f 1422 1442 1423
f 1423 1442 1443
f 1423 1443 1444
f 1423 1444 1424
f 1424 1444 1445
f 1424 1445 1446
f 1424 1446 1447
f 1424 1447 1435
f 1426 1448 1427
f 1427 1448 1449
f 1430 1440 1439
f 1432 1450 1433
f 1433 1450 1451
f 1435 1447 1436
f 1436 1447 1452
f 1436 1452 1453
f 1436 1453 1454
f 1436 1454 1437
f 1437 1454 1455
f 1437 1455 1439
f 1441 1456 1442
f 1442 1456 1457
f 1442 1457 1443
f 1443 1457 1458
f 1443 1458 1444
f 1446 1459 1447
f 1447 1459 1453
f 1447 1453 1452
f 1448 1460 1461
f 1448 1461 1462
f 1448 1462 1463
f 1448 1463 1449
f 1450 1464 1451
f 1451 1464 1466
f 1451 1466 1465
f 1460 1467 1468
f 1460 1468 1469
f 1460 1469 1461
f 1465 1466 1471
f 1465 1471 1470
f 1467 1472 1468
f 1468 1472 1473
f 1470 1471 1475
f 1470 1475 1474
f 1472 1476 1473
f 1473 1476 1477
f 1474 1475 1478
f 1475 1479 1478
f 1476 1480 1477
f 1477 1480 1482
f 1477 1482 1483
f 1477 1483 1484
f 1477 1484 1481
f 1478 1479 1485
f 1479 1486 1487
f 1479 1487 1488
f 1479 1488 1485
f 1481 1484 1489
f 1484 1490 1491
f 1484 1491 1489
f 1486 1492 1493
f 1486 1493 1494
f 1486 1494 1487
f 1490 1495 1496
f 1490 1496 1497
f 1490 1497 1491
f 1492 1498 1493
f 1493 1498 1500
f 1493 1500 1501
f 1493 1501 1499
f 1495 1502 1503
f 1495 1503 1496
f 1499 1504 1505
f 1499 1501 1506
f 1499 1506 1507
f 1499 1507 1508
f 1499 1508 1509
f 1499 1509 1510
f 1499 1510 1504
f 1502 1511 1503
f 1503 1511 1512
f 1504 1513 1505
f 1505 1513 1515
f 1505 1515 1514
f 1511 1516 1512
f 1512 1516 1517
f 1514 1515 1518
f 1515 1519 1518
f 1516 1518 1520
f 1516 1520 1521
f 1516 1521 1522
f 1516 1522 1517
f 1518 1519 1520

